Time(s),ID0_Pos,ID0_Vel,ID0_F,ID0_St,ID1_Pos,ID1_Vel,ID1_F,ID1_St,ID2_Pos,ID2_Vel,ID2_F,ID2_St,ID3_Pos,ID3_Vel,ID3_F,ID3_St,ID4_Pos,ID4_Vel,ID4_F,ID4_St
6e-08,5000,0.00434072,620,0,4000,0.0143779,520,0,3000,0.0029271,435,0,2000,0.00364061,520,0,1000,0.0168649,520,0
0.0100681,5000,0.00868145,620,0,4000,0.0287558,520,0,3000,0.00585421,435,0,2000,0.00728121,520,0,1000,0.0337297,520,0
0.0201352,5000,0.0130222,620,0,4000,0.0431336,520,0,3000,0.00878131,435,0,2000,0.0109218,520,0,1000,0.0505946,520,0
0.0302241,5000,0.0173629,620,0,4000,0.0575115,520,0,3000,0.0117084,435,0,2000,0.0145624,520,0,1000,0.0674595,520,0
0.0402944,5000,0.0217036,620,0,4000,0.0718894,520,0,3000,0.0146355,435,0,2000,0.018203,520,0,1000,0.0843243,520,0
0.0503614,5000,0.0260443,620,0,4000,0.0862673,520,0,3000,0.0175626,435,0,2000,0.0218436,520,0,1000,0.101189,520,0
0.0604308,5000,0.0303851,620,0,4000,0.100645,520,0,3000,0.0204897,435,0,2000,0.0254842,520,0,1000,0.118054,520,0
0.0705108,5000,0.0347258,620,0,4000,0.115023,520,0,3000,0.0234168,435,0,2000,0.0291249,520,0,1000,0.134919,520,0
0.08058,5000,0.0390665,620,0,4000,0.129401,520,0,3000,0.0263439,435,0,2000,0.0327655,520,0,1000,0.151784,520,0
0.0906454,5000,0.0434072,620,0,4000,0.143779,520,0,3000,0.029271,435,0,2000,0.0364061,520,0,1000,0.168649,520,0
0.100715,5000,0.047748,620,0,4000,0.158157,520,0,3000,0.0321981,435,0,2000,0.0400467,520,0,1000,0.185514,520,0
0.110788,5000,0.0520887,620,0,4000,0.172535,520,0,3000,0.0351252,435,0,2000,0.0436873,520,0,1000,0.202378,520,0
0.120887,5000,0.0564294,620,0,4000,0.186912,520,0,3000,0.0380523,435,0,2000,0.0473279,520,0,1000,0.219243,520,0
0.130957,5000,0.0607701,620,0,4000,0.20129,520,0,3000,0.0409794,435,0,2000,0.0509685,520,0,1000,0.236108,520,0
0.141025,5000,0.0651108,620,0,4000,0.215668,520,0,3000,0.0439065,435,0,2000,0.0546091,520,0,1000.01,0.252973,520,0
0.151094,5000,0.0694516,620,0,4000.01,0.230046,520,0,3000,0.0468336,435,0,2000,0.0582497,520,0,1000.01,0.269838,520,0
0.161161,5000,0.0737923,620,0,4000.01,0.244424,520,0,3000,0.0497607,435,0,2000,0.0618903,520,0,1000.01,0.286703,520,0
0.171232,5000,0.078133,620,0,4000.01,0.258802,520,0,3000,0.0526878,435,0,2000,0.0655309,520,0,1000.01,0.303568,520,0
0.181303,5000,0.0824737,620,0,4000.01,0.27318,520,0,3000,0.0556149,435,0,2000,0.0691715,520,0,1000.01,0.320432,520,0
0.191372,5000,0.0868145,620,0,4000.01,0.287558,520,0,3000,0.0585421,435,0,2000,0.0728121,520,0,1000.01,0.337297,520,0
0.201441,5000,0.0911552,620,0,4000.01,0.301935,520,0,3000,0.0614692,435,0,2000,0.0764527,520,0,1000.01,0.354162,520,0
0.211511,5000,0.0954959,620,0,4000.01,0.316313,520,0,3000,0.0643963,435,0,2000,0.0800933,520,0,1000.01,0.371027,520,0
0.221592,5000,0.0998366,620,0,4000.01,0.330691,520,0,3000,0.0673234,435,0,2000,0.083734,520,0,1000.01,0.387892,520,0
0.231668,5000,0.104177,620,0,4000.01,0.345069,520,0,3000,0.0702505,435,0,2000,0.0873746,520,0,1000.01,0.404757,520,0
0.241742,5000,0.108518,620,0,4000.01,0.359447,520,0,3000,0.0731776,435,0,2000,0.0910152,520,0,1000.02,0.421622,520,0
0.251809,5000,0.112859,620,0,4000.01,0.373825,520,0,3000,0.0761047,435,0,2000,0.0946558,520,0,1000.02,0.438486,520,0
0.261877,5000,0.1172,620,0,4000.02,0.388203,520,0,3000,0.0790318,435,0,2000,0.0982964,520,0,1000.02,0.455351,520,0
0.271943,5000,0.12154,620,0,4000.02,0.402581,520,0,3000,0.0819589,435,0,2000,0.101937,520,0,1000.02,0.472216,520,0
0.282014,5000.01,0.125881,620,0,4000.02,0.416959,520,0,3000,0.084886,435,0,2000,0.105578,520,0,1000.02,0.489081,520,0
0.292103,5000.01,0.130222,620,0,4000.02,0.431336,520,0,3000,0.0878131,435,0,2000,0.109218,520,0,1000.02,0.505946,520,0
0.302181,5000.01,0.134562,620,0,4000.02,0.445714,520,0,3000,0.0907402,435,0,2000.01,0.112859,520,0,1000.02,0.522811,520,0
0.312292,5000.01,0.138903,620,0,4000.02,0.460092,520,0,3000,0.0936673,435,0,2000.01,0.116499,520,0,1000.02,0.539676,520,0
0.322394,5000.01,0.143244,620,0,4000.02,0.47447,520,0,3000,0.0965944,435,0,2000.01,0.12014,520,0,1000.03,0.556541,520,0
0.332487,5000.01,0.147585,620,0,4000.02,0.488848,520,0,3000,0.0995215,435,0,2000.01,0.123781,520,0,1000.03,0.573405,520,0
0.34259,5000.01,0.151925,620,0,4000.03,0.503226,520,0,3000.01,0.102449,435,0,2000.01,0.127421,520,0,1000.03,0.59027,520,0
0.352657,5000.01,0.156266,620,0,4000.03,0.517604,520,0,3000.01,0.105376,435,0,2000.01,0.131062,520,0,1000.03,0.607135,520,0
0.362726,5000.01,0.160607,620,0,4000.03,0.531982,520,0,3000.01,0.108303,435,0,2000.01,0.134702,520,0,1000.03,0.624,520,0
0.372792,5000.01,0.164947,620,0,4000.03,0.546359,520,0,3000.01,0.11123,435,0,2000.01,0.138343,520,0,1000.03,0.640865,520,0
0.38286,5000.01,0.169288,620,0,4000.03,0.560737,520,0,3000.01,0.114157,435,0,2000.01,0.141984,520,0,1000.04,0.65773,520,0
0.392935,5000.01,0.173629,620,0,4000.03,0.575115,520,0,3000.01,0.117084,435,0,2000.01,0.145624,520,0,1000.04,0.674595,520,0
0.403036,5000.01,0.17797,620,0,4000.03,0.589493,520,0,3000.01,0.120011,435,0,2000.01,0.149265,520,0,1000.04,0.691459,520,0
0.413101,5000.01,0.18231,620,0,4000.04,0.603871,520,0,3000.01,0.122938,435,0,2000.01,0.152905,520,0,1000.04,0.708324,520,0
0.423174,5000.01,0.186651,620,0,4000.04,0.618249,520,0,3000.01,0.125865,435,0,2000.01,0.156546,520,0,1000.04,0.725189,520,0
0.433236,5000.01,0.190992,620,0,4000.04,0.632627,520,0,3000.01,0.128793,435,0,2000.01,0.160187,520,0,1000.05,0.742054,520,0
0.443302,5000.01,0.195333,620,0,4000.04,0.647005,520,0,3000.01,0.13172,435,0,2000.01,0.163827,520,0,1000.05,0.758919,520,0
0.453372,5000.01,0.199673,620,0,4000.04,0.661382,520,0,3000.01,0.134647,435,0,2000.01,0.167468,520,0,1000.05,0.775784,520,0
0.463505,5000.01,0.204014,620,0,4000.05,0.67576,520,0,3000.01,0.137574,435,0,2000.01,0.171109,520,0,1000.05,0.792649,520,0
0.473617,5000.01,0.208355,620,0,4000.05,0.690138,520,0,3000.01,0.140501,435,0,2000.01,0.174749,520,0,1000.06,0.809513,520,0
0.483722,5000.01,0.212695,620,0,4000.05,0.704516,520,0,3000.01,0.143428,435,0,2000.01,0.17839,520,0,1000.06,0.826378,520,0
0.493833,5000.02,0.217036,620,0,4000.05,0.718894,520,0,3000.01,0.146355,435,0,2000.01,0.18203,520,0,1000.06,0.843243,520,0
0.503937,5000.02,0.221377,620,0,4000.05,0.733272,520,0,3000.01,0.149282,435,0,2000.01,0.185671,520,0,1000.06,0.860108,520,0
0.514013,5000.02,0.225718,620,0,4000.06,0.74765,520,0,3000.01,0.152209,435,0,2000.01,0.189312,520,0,1000.06,0.876973,520,0
0.524082,5000.02,0.230058,620,0,4000.06,0.762028,520,0,3000.01,0.155136,435,0,2000.01,0.192952,520,0,1000.07,0.893838,520,0
0.534151,5000.02,0.234399,620,0,4000.06,0.776406,520,0,3000.01,0.158064,435,0,2000.02,0.196593,520,0,1000.07,0.910703,520,0
0.544256,5000.02,0.23874,620,0,4000.06,0.790783,520,0,3000.01,0.160991,435,0,2000.02,0.200233,520,0,1000.07,0.927568,520,0
0.554366,5000.02,0.243081,620,0,4000.06,0.805161,520,0,3000.01,0.163918,435,0,2000.02,0.203874,520,0,1000.07,0.944432,520,0
0.564445,5000.02,0.247421,620,0,4000.07,0.819539,520,0,3000.01,0.166845,435,0,2000.02,0.207515,520,0,1000.08,0.961297,520,0
0.574551,5000.02,0.251762,620,0,4000.07,0.833917,520,0,3000.01,0.169772,435,0,2000.02,0.211155,520,0,1000.08,0.978162,520,0
0.584634,5000.02,0.256103,620,0,4000.07,0.848295,520,0,3000.01,0.172699,435,0,2000.02,0.214796,520,0,1000.08,0.995027,520,0
0.594706,5000.02,0.260443,620,0,4000.07,0.862673,520,0,3000.01,0.175626,435,0,2000.02,0.218436,520,0,1000.09,1.01189,520,0
0.604799,5000.02,0.264784,620,0,4000.08,0.877051,520,0,3000.02,0.178553,435,0,2000.02,0.222077,520,0,1000.09,1.02876,520,0
0.614881,5000.02,0.269125,620,0,4000.08,0.891429,520,0,3000.02,0.18148,435,0,2000.02,0.225718,520,0,1000.09,1.04562,520,0
0.624957,5000.02,0.273466,620,0,4000.08,0.905806,520,0,3000.02,0.184407,435,0,2000.02,0.229358,520,0,1000.09,1.06249,520,0
0.635027,5000.03,0.277806,620,0,4000.08,0.920184,520,0,3000.02,0.187335,435,0,2000.02,0.232999,520,0,1000.1,1.07935,520,0
0.645103,5000.03,0.282147,620,0,4000.09,0.934562,520,0,3000.02,0.190262,435,0,2000.02,0.236639,520,0,1000.1,1.09622,520,0
0.655175,5000.03,0.286488,620,0,4000.09,0.94894,520,0,3000.02,0.193189,435,0,2000.02,0.24028,520,0,1000.1,1.11308,520,0
0.665243,5000.03,0.290828,620,0,4000.09,0.963318,520,0,3000.02,0.196116,435,0,2000.02,0.243921,520,0,1000.11,1.12995,520,0
0.67531,5000.03,0.295169,620,0,4000.09,0.977696,520,0,3000.02,0.199043,435,0,2000.02,0.247561,520,0,1000.11,1.14681,520,0
0.685387,5000.03,0.29951,620,0,4000.1,0.992074,520,0,3000.02,0.20197,435,0,2000.02,0.251202,520,0,1000.11,1.16368,520,0
0.695457,5000.03,0.303851,620,0,4000.1,1.00645,520,0,3000.02,0.204897,435,0,2000.03,0.254842,520,0,1000.12,1.18054,520,0
0.705523,5000.03,0.308191,620,0,4000.1,1.02083,520,0,3000.02,0.207824,435,0,2000.03,0.258483,520,0,1000.12,1.19741,520,0
0.715561,5000.03,0.312532,620,0,4000.1,1.03521,520,0,3000.02,0.210751,435,0,2000.03,0.262124,520,0,1000.12,1.21427,520,0
0.725631,5000.03,0.316873,620,0,4000.11,1.04959,520,0,3000.02,0.213678,435,0,2000.03,0.265764,520,0,1000.13,1.23114,520,0
0.735703,5000.03,0.321214,620,0,4000.11,1.06396,520,0,3000.02,0.216606,435,0,2000.03,0.269405,520,0,1000.13,1.248,520,0
0.745777,5000.03,0.325554,620,0,4000.11,1.07834,520,0,3000.02,0.219533,435,0,2000.03,0.273045,520,0,1000.13,1.26486,520,0
0.755842,5000.04,0.329895,620,0,4000.12,1.09272,520,0,3000.02,0.22246,435,0,2000.03,0.276686,520,0,1000.14,1.28173,520,0
0.765913,5000.04,0.334236,620,0,4000.12,1.1071,520,0,3000.02,0.225387,435,0,2000.03,0.280327,520,0,1000.14,1.29859,520,0
0.775978,5000.04,0.338576,620,0,4000.12,1.12147,520,0,3000.03,0.228314,435,0,2000.03,0.283967,520,0,1000.14,1.31546,520,0
0.786055,5000.04,0.342917,620,0,4000.13,1.13585,520,0,3000.03,0.231241,435,0,2000.03,0.287608,520,0,1000.15,1.33232,520,0
0.796131,5000.04,0.347258,620,0,4000.13,1.15023,520,0,3000.03,0.234168,435,0,2000.03,0.291249,520,0,1000.15,1.34919,520,0
0.806194,5000.04,0.351599,620,0,4000.13,1.16461,520,0,3000.03,0.237095,435,0,2000.03,0.294889,520,0,1000.16,1.36605,520,0
0.816261,5000.04,0.355939,620,0,4000.14,1.17899,520,0,3000.03,0.240022,435,0,2000.03,0.29853,520,0,1000.16,1.38292,520,0
0.826331,5000.04,0.36028,620,0,4000.14,1.19336,520,0,3000.03,0.24295,435,0,2000.04,0.30217,520,0,1000.16,1.39978,520,0
0.836408,5000.04,0.364621,620,0,4000.14,1.20774,520,0,3000.03,0.245877,435,0,2000.04,0.305811,520,0,1000.17,1.41665,520,0
0.846582,5000.04,0.368961,620,0,4000.15,1.22212,520,0,3000.03,0.248804,435,0,2000.04,0.309452,520,0,1000.17,1.43351,520,0
0.856686,5000.05,0.373302,620,0,4000.15,1.2365,520,0,3000.03,0.251731,435,0,2000.04,0.313092,520,0,1000.18,1.45038,520,0
0.866754,5000.05,0.377643,620,0,4000.15,1.25088,520,0,3000.03,0.254658,435,0,2000.04,0.316733,520,0,1000.18,1.46724,520,0
0.876821,5000.05,0.381984,620,0,4000.16,1.26525,520,0,3000.03,0.257585,435,0,2000.04,0.320373,520,0,1000.18,1.48411,520,0
0.886896,5000.05,0.386324,620,0,4000.16,1.27963,520,0,3000.03,0.260512,435,0,2000.04,0.324014,520,0,1000.19,1.50097,520,0
0.896963,5000.05,0.390665,620,0,4000.16,1.29401,520,0,3000.03,0.263439,435,0,2000.04,0.327655,520,0,1000.19,1.51784,520,0
0.907045,5000.05,0.395006,620,0,4000.17,1.30839,520,0,3000.03,0.266366,435,0,2000.04,0.331295,520,0,1000.2,1.5347,520,0
0.917111,5000.05,0.399347,620,0,4000.17,1.32276,520,0,3000.03,0.269293,435,0,2000.04,0.334936,520,0,1000.2,1.55157,520,0
0.927178,5000.05,0.403687,620,0,4000.17,1.33714,520,0,3000.04,0.272221,435,0,2000.04,0.338576,520,0,1000.2,1.56843,520,0
0.937255,5000.05,0.408028,620,0,4000.18,1.35152,520,0,3000.04,0.275148,435,0,2000.05,0.342217,520,0,1000.21,1.5853,520,0
0.947323,5000.05,0.412369,620,0,4000.18,1.3659,520,0,3000.04,0.278075,435,0,2000.05,0.345858,520,0,1000.21,1.60216,520,0
0.957396,5000.06,0.416709,620,0,4000.19,1.38028,520,0,3000.04,0.281002,435,0,2000.05,0.349498,520,0,1000.22,1.61903,520,0
0.967466,5000.06,0.42105,620,0,4000.19,1.39465,520,0,3000.04,0.283929,435,0,2000.05,0.353139,520,0,1000.22,1.63589,520,0
0.977541,5000.06,0.425391,620,0,4000.19,1.40903,520,0,3000.04,0.286856,435,0,2000.05,0.356779,520,0,1000.23,1.65276,520,0
0.987618,5000.06,0.429732,620,0,4000.2,1.42341,520,0,3000.04,0.289783,435,0,2000.05,0.356782,0.433333,0,1000.23,1.66962,520,0
0.997681,5000.06,0.434072,620,0,4000.2,1.43779,520,0,3000.04,0.29271,435,0,2000.05,0.356789,0.866667,0,1000.24,1.68649,520,0
1.00775,5000.06,0.438413,620,0,4000.21,1.45217,520,0,3000.04,0.295637,435,0,2000.05,0.356798,1.3,0,1000.24,1.70335,520,0
1.01781,5000.06,0.442754,620,0,4000.21,1.46654,520,0,3000.04,0.298564,435,0,2000.05,0.35681,1.73333,0,1000.25,1.72022,520,0
1.02788,5000.06,0.447094,620,0,4000.21,1.48092,520,0,3000.04,0.301492,435,0,2000.05,0.356825,2.16667,0,1000.25,1.73708,520,0
1.03795,5000.07,0.451435,620,0,4000.22,1.4953,520,0,3000.04,0.304419,435,0,2000.06,0.356843,2.6,0,1000.26,1.75395,520,0
1.04801,5000.07,0.455776,620,0,4000.22,1.50968,520,0,3000.05,0.307346,435,0,2000.06,0.356864,3.03333,0,1000.26,1.77081,520,0
1.05807,5000.07,0.460117,620,0,4000.23,1.52406,520,0,3000.05,0.310273,435,0,2000.06,0.356889,3.46667,0,1000.27,1.78768,520,0
1.06814,5000.07,0.464457,620,0,4000.23,1.53843,520,0,3000.05,0.3132,435,0,2000.06,0.356916,3.9,0,1000.27,1.80454,520,0
1.07818,5000.07,0.468798,620,0,4000.24,1.55281,520,0,3000.05,0.316127,435,0,2000.06,0.356946,4.33333,0,1000.28,1.82141,520,0
1.08825,5000.07,0.473139,620,0,4000.24,1.56719,520,0,3000.05,0.319054,435,0,2000.06,0.35698,4.76667,0,1000.28,1.83827,520,0
1.09831,5000.07,0.47748,620,0,4000.24,1.58157,520,0,3000.05,0.321981,435,0,2000.06,0.357016,5.2,0,1000.29,1.85514,520,0
1.10838,5000.07,0.48182,620,0,4000.25,1.59594,520,0,3000.05,0.324908,435,0,2000.06,0.357056,5.63333,0,1000.29,1.872,520,0
1.11844,5000.08,0.486161,620,0,4000.25,1.61032,520,0,3000.05,0.327835,435,0,2000.06,0.357098,6.06667,0,1000.3,1.88886,520,0
1.12855,5000.08,0.490502,620,0,4000.26,1.6247,520,0,3000.05,0.330763,435,0,2000.06,0.357144,6.5,0,1000.3,1.90573,520,0
1.13862,5000.08,0.494842,620,0,4000.26,1.63908,520,0,3000.05,0.33369,435,0,2000.06,0.357192,6.93333,0,1000.31,1.92259,520,0
1.14869,5000.08,0.499183,620,0,4000.27,1.65346,520,0,3000.05,0.336617,435,0,2000.07,0.357244,7.36667,0,1000.31,1.93946,520,0
1.15877,5000.08,0.503524,620,0,4000.27,1.66783,520,0,3000.06,0.339544,435,0,2000.07,0.357298,7.8,0,1000.32,1.95632,520,0
1.16883,5000.08,0.507865,620,0,4000.28,1.68221,520,0,3000.06,0.342471,435,0,2000.07,0.357356,8.23333,0,1000.32,1.97319,520,0
1.1789,5000.08,0.512205,620,0,4000.28,1.69659,520,0,3000.06,0.345398,435,0,2000.07,0.357417,8.66667,0,1000.33,1.99005,520,0
1.18896,5000.09,0.516546,620,0,4000.29,1.71097,520,0,3000.06,0.348325,435,0,2000.07,0.35748,9.1,0,1000.33,2.00692,520,0
1.19903,5000.09,0.520887,620,0,4000.29,1.72535,520,0,3000.06,0.351252,435,0,2000.07,0.357547,9.53333,0,1000.34,2.02378,520,0
1.20909,5000.09,0.525228,620,0,4000.29,1.73972,520,0,3000.06,0.354179,435,0,2000.07,0.357617,9.96667,0,1000.35,2.04065,520,0
1.21916,5000.09,0.529568,620,0,4000.3,1.7541,520,0,3000.06,0.357107,435,0,2000.07,0.35769,10.4,0,1000.35,2.05751,520,0
1.22922,5000.09,0.533909,620,0,4000.3,1.76848,520,0,3000.06,0.360034,435,0,2000.07,0.357765,10.8333,0,1000.36,2.07438,520,0
1.23928,5000.09,0.53825,620,0,4000.31,1.78286,520,0,3000.06,0.362961,435,0,2000.07,0.357844,11.2667,0,1000.36,2.09124,520,0
1.24935,5000.09,0.54259,620,0,4000.31,1.79723,520,0,3000.06,0.365888,435,0,2000.08,0.357926,11.7,0,1000.37,2.10811,520,0
1.25941,5000.1,0.546931,620,0,4000.32,1.81161,520,0,3000.07,0.368815,435,0,2000.08,0.358011,12.1333,0,1000.37,2.12497,520,0
1.26948,5000.1,0.551272,620,0,4000.32,1.82599,520,0,3000.07,0.371742,435,0,2000.08,0.358099,12.5667,0,1000.38,2.14184,520,0
1.27954,5000.1,0.555613,620,0,4000.33,1.84037,520,0,3000.07,0.374669,435,0,2000.08,0.35819,13,0,1000.39,2.1587,520,0
1.28962,5000.1,0.559953,620,0,4000.33,1.85475,520,0,3000.07,0.377596,435,0,2000.08,0.358284,13.4333,0,1000.39,2.17557,520,0
1.29987,5000.1,0.564294,620,0,4000.34,1.86912,520,0,3000.07,0.380523,435,0,2000.08,0.358381,13.8667,0,1000.4,2.19243,520,0
1.31001,5000.1,0.568635,620,0,4000.35,1.8835,520,0,3000.07,0.38345,435,0,2000.08,0.358481,14.3,0,1000.41,2.2093,520,0
1.3201,5000.11,0.572975,620,0,4000.35,1.89788,520,0,3000.07,0.386378,435,0,2000.08,0.358585,14.7333,0,1000.41,2.22616,520,0
1.33022,5000.11,0.577316,620,0,4000.36,1.91226,520,0,3000.07,0.389305,435,0,2000.08,0.358691,15.1667,0,1000.42,2.24303,520,0
1.34033,5000.11,0.581657,620,0,4000.36,1.92664,520,0,3000.07,0.392232,435,0,2000.08,0.3588,15.6,0,1000.42,2.25989,520,0
1.35044,5000.11,0.585998,620,0,4000.37,1.94101,520,0,3000.07,0.395159,435,0,2000.09,0.358912,16.0333,0,1000.43,2.27676,520,0
1.36055,5000.11,0.590338,620,0,4000.37,1.95539,520,0,3000.08,0.398086,435,0,2000.09,0.359028,16.4667,0,1000.44,2.29362,520,0
1.3707,5000.11,0.594679,620,0,4000.38,1.96977,520,0,3000.08,0.401013,435,0,2000.09,0.359146,16.9,0,1000.44,2.31049,520,0
1.38076,5000.12,0.59902,620,0,4000.38,1.98415,520,0,3000.08,0.40394,435,0,2000.09,0.359267,17.3333,0,1000.45,2.32735,520,0
1.39083,5000.12,0.603361,620,0,4000.39,1.99853,520,0,3000.08,0.406867,435,0,2000.09,0.359392,17.7667,0,1000.46,2.34422,520,0
1.40093,5000.12,0.607701,620,0,4000.39,2.0129,520,0,3000.08,0.409794,435,0,2000.09,0.359519,18.2,0,1000.46,2.36108,520,0
1.41099,5000.12,0.612042,620,0,4000.4,2.02728,520,0,3000.08,0.412721,435,0,2000.09,0.359649,18.6333,0,1000.47,2.37795,520,0
1.42106,5000.12,0.616383,620,0,4000.41,2.04166,520,0,3000.08,0.415649,435,0,2000.09,0.359783,19.0667,0,1000.48,2.39481,520,0
1.43113,5000.12,0.620723,620,0,4000.41,2.05604,520,0,3000.08,0.418576,435,0,2000.09,0.359919,19.5,0,1000.48,2.41168,520,0
1.44119,5000.13,0.625064,620,0,4000.42,2.07041,520,0,3000.08,0.421503,435,0,2000.09,0.360059,19.9333,0,1000.49,2.42854,520,0
1.45126,5000.13,0.629405,620,0,4000.42,2.08479,520,0,3000.09,0.42443,435,0,2000.1,0.360202,20.3667,0,1000.5,2.44541,520,0
1.46132,5000.13,0.633746,620,0,4000.43,2.09917,520,0,3000.09,0.427357,435,0,2000.1,0.360347,20.8,0,1000.5,2.46227,520,0
1.47139,5000.13,0.638086,620,0,4000.43,2.11355,520,0,3000.09,0.430284,435,0,2000.1,0.360496,21.2333,0,1000.51,2.47913,520,0
1.48146,5000.13,0.642427,620,0,4000.44,2.12793,520,0,3000.09,0.433211,435,0,2000.1,0.360648,21.6667,0,1000.52,2.496,520,0
1.49152,5000.13,0.646768,620,0,4000.45,2.1423,520,0,3000.09,0.436138,435,0,2000.1,0.360802,22.1,0,1000.52,2.51286,520,0
1.50163,5000.14,0.651108,620,0,4000.45,2.15668,520,0,3000.09,0.439065,435,0,2000.1,0.36096,22.5333,0,1000.53,2.52973,520,0
1.51178,5000.14,0.655449,620,0,4000.46,2.17106,520,0,3000.09,0.441992,435,0,2000.1,0.361121,22.9667,0,1000.54,2.54659,520,0
1.52192,5000.14,0.65979,620,0,4000.46,2.18544,520,0,3000.09,0.44492,435,0,2000.1,0.361285,23.4,0,1000.54,2.56346,520,0
1.53199,5000.14,0.664131,620,0,4000.47,2.19982,520,0,3000.1,0.447847,435,0,2000.1,0.361452,23.8333,0,1000.55,2.58032,520,0
1.54207,5000.14,0.668471,620,0,4000.48,2.21419,520,0,3000.1,0.450774,435,0,2000.1,0.361621,24.2667,0,1000.56,2.59719,520,0
1.55214,5000.15,0.672812,620,0,4000.48,2.22857,520,0,3000.1,0.453701,435,0,2000.11,0.361794,24.7,0,1000.57,2.61405,520,0
1.56222,5000.15,0.677153,620,0,4000.49,2.24295,520,0,3000.1,0.456628,435,0,2000.11,0.36197,25.1333,0,1000.57,2.63092,520,0
1.57229,5000.15,0.681494,620,0,4000.5,2.25733,520,0,3000.1,0.459555,435,0,2000.11,0.362149,25.5667,0,1000.58,2.64778,520,0
1.58236,5000.15,0.685834,620,0,4000.5,2.27171,520,0,3000.1,0.462482,435,0,2000.11,0.362331,26,0,1000.59,2.66465,520,0
1.59242,5000.15,0.690175,620,0,4000.51,2.28608,520,0,3000.1,0.465409,435,0,2000.11,0.362516,26.4333,0,1000.6,2.68151,520,0
1.6025,5000.16,0.694516,620,0,4000.51,2.30046,520,0,3000.1,0.468336,435,0,2000.11,0.362705,26.8667,0,1000.6,2.69838,520,0
1.61257,5000.16,0.698856,620,0,4000.52,2.31484,520,0,3000.11,0.471264,435,0,2000.11,0.362896,27.3,0,1000.61,2.71524,520,0
1.62264,5000.16,0.703197,620,0,4000.53,2.32922,520,0,3000.11,0.474191,435,0,2000.11,0.36309,27.7333,0,1000.62,2.73211,520,0
1.63271,5000.16,0.707538,620,0,4000.53,2.34359,520,0,3000.11,0.477118,435,0,2000.11,0.363287,28.1667,0,1000.63,2.74897,520,0
1.64279,5000.16,0.711879,620,0,4000.54,2.35797,520,0,3000.11,0.480045,435,0,2000.11,0.363487,28.6,0,1000.63,2.76584,520,0
1.65285,5000.17,0.716219,620,0,4000.55,2.37235,520,0,3000.11,0.482972,435,0,2000.12,0.363691,29.0333,0,1000.64,2.7827,520,0
1.66292,5000.17,0.72056,620,0,4000.55,2.38673,520,0,3000.11,0.485899,435,0,2000.12,0.363897,29.4667,0,1000.65,2.79957,520,0
1.673,5000.17,0.724901,620,0,4000.56,2.40111,520,0,3000.11,0.488826,435,0,2000.12,0.364106,29.9,0,1000.66,2.81643,520,0
1.68307,5000.17,0.729242,620,0,4000.57,2.41548,520,0,3000.12,0.491753,435,0,2000.12,0.364319,30.3333,0,1000.67,2.8333,520,0
1.69313,5000.17,0.733582,620,0,4000.57,2.42986,520,0,3000.12,0.49468,435,0,2000.12,0.364534,30.7667,0,1000.67,2.85016,520,0
1.7032,5000.18,0.737923,620,0,4000.58,2.44424,520,0,3000.12,0.497607,435,0,2000.12,0.364752,31.2,0,1000.68,2.86703,520,0
1.71326,5000.18,0.742264,620,0,4000.59,2.45862,520,0,3000.12,0.500535,435,0,2000.12,0.364974,31.6334,0,1000.69,2.88389,520,0
1.72333,5000.18,0.746604,620,0,4000.59,2.473,520,0,3000.12,0.503462,435,0,2000.12,0.365198,32.0667,0,1000.7,2.90076,520,0
1.73339,5000.18,0.750945,620,0,4000.6,2.48737,520,0,3000.12,0.506389,435,0,2000.12,0.365426,32.5,0,1000.71,2.91762,520,0
1.74347,5000.18,0.755286,620,0,4000.61,2.50175,520,0,3000.12,0.509316,435,0,2000.13,0.365656,32.9334,0,1000.71,2.93449,520,0
1.75353,5000.19,0.759627,620,0,4000.62,2.51613,520,0,3000.13,0.512243,435,0,2000.13,0.36589,33.3667,0,1000.72,2.95135,520,0
1.7636,5000.19,0.763967,620,0,4000.62,2.53051,520,0,3000.13,0.51517,435,0,2000.13,0.366127,33.8,0,1000.73,2.96822,520,0
1.77366,5000.19,0.768308,620,0,4000.63,2.54488,520,0,3000.13,0.518097,435,0,2000.13,0.366366,34.2333,0,1000.74,2.98508,520,0
1.78373,5000.19,0.772649,620,0,4000.64,2.55926,520,0,3000.13,0.521024,435,0,2000.13,0.366609,34.6667,0,1000.75,3.00195,520,0
1.79379,5000.19,0.776989,620,0,4000.64,2.57364,520,0,3000.13,0.523951,435,0,2000.13,0.366855,35.1,0,1000.75,3.01881,520,0
1.80386,5000.2,0.78133,620,0,4000.65,2.58802,520,0,3000.13,0.526878,435,0,2000.13,0.367104,35.5333,0,1000.76,3.03568,520,0
1.81392,5000.2,0.785671,620,0,4000.66,2.6024,520,0,3000.13,0.529806,435,0,2000.13,0.367355,35.9667,0,1000.77,3.05254,520,0
1.82399,5000.2,0.790012,620,0,4000.67,2.61677,520,0,3000.14,0.532733,435,0,2000.13,0.36761,36.4,0,1000.78,3.06941,520,0
1.83406,5000.2,0.794352,620,0,4000.67,2.63115,520,0,3000.14,0.53566,435,0,2000.13,0.367868,36.8333,0,1000.79,3.08627,520,0
1.84413,5000.21,0.798693,620,0,4000.68,2.64553,520,0,3000.14,0.538587,435,0,2000.14,0.368129,37.2667,0,1000.8,3.10313,520,0
1.85421,5000.21,0.803034,620,0,4000.69,2.65991,520,0,3000.14,0.541514,435,0,2000.14,0.368393,37.7,0,1000.81,3.12,520,0
1.86429,5000.21,0.807375,620,0,4000.69,2.67429,520,0,3000.14,0.544441,435,0,2000.14,0.36866,38.1333,0,1000.81,3.13686,520,0
1.87438,5000.21,0.811715,620,0,4000.7,2.68866,520,0,3000.14,0.547368,435,0,2000.14,0.36893,38.5667,0,1000.82,3.15373,520,0
1.88446,5000.21,0.816056,620,0,4000.71,2.70304,520,0,3000.14,0.550295,435,0,2000.14,0.3692,38.5667,0,1000.83,3.17059,520,0
1.89453,5000.22,0.820397,620,0,4000.72,2.71742,520,0,3000.15,0.553222,435,0,2000.14,0.369473,39,0,1000.84,3.18746,520,0
1.90474,5000.22,0.824737,620,0,4000.72,2.7318,520,0,3000.15,0.556149,435,0,2000.14,0.369749,39.4333,0,1000.85,3.20432,520,0
1.91485,5000.22,0.829078,620,0,4000.73,2.74618,520,0,3000.15,0.559077,435,0,2000.14,0.370031,40.3,0,1000.86,3.22119,520,0
1.92496,5000.22,0.833419,620,0,4000.74,2.76055,520,0,3000.15,0.562004,435,0,2000.14,0.370316,40.7333,0,1000.87,3.23805,520,0
1.93503,5000.23,0.83776,620,0,4000.75,2.77493,520,0,3000.15,0.564931,435,0,2000.14,0.370602,40.7333,0,1000.88,3.25492,520,0
1.9451,5000.23,0.8421,620,0,4000.76,2.78931,520,0,3000.15,0.567858,435,0,2000.15,0.37089,41.1667,0,1000.89,3.27178,520,0
1.95516,5000.23,0.846441,620,0,4000.76,2.80369,520,0,3000.16,0.570785,435,0,2000.15,0.371181,41.6,0,1000.9,3.28865,520,0
1.96519,5000.23,0.850782,620,0,4000.77,2.81806,520,0,3000.16,0.573712,435,0,2000.15,0.371475,42.0333,0,1000.9,3.30551,520,0
1.97525,5000.24,0.855122,620,0,4000.78,2.83244,520,0,3000.16,0.576639,435,0,2000.15,0.371773,42.4667,0,1000.91,3.32238,520,0
1.98532,5000.24,0.859463,620,0,4000.79,2.84682,520,0,3000.16,0.579566,435,0,2000.15,0.372073,42.9,0,1000.92,3.33924,520,0
1.99539,5000.24,0.863804,620,0,4000.79,2.8612,520,0,3000.16,0.582493,435,0,2000.15,0.372376,43.3333,0,1000.93,3.35611,520,0
2.00548,5000.24,0.868145,620,0,4000.8,2.87558,520,0,3000.16,0.585421,435,0,2000.15,0.372686,44.2,0,1000.94,3.37297,520,0
2.01555,5000.24,0.872485,620,0,4000.81,2.88995,520,0,3000.17,0.588348,435,0,2000.15,0.372995,44.2,0,1000.95,3.38984,520,0
2.02563,5000.25,0.876826,620,0,4000.82,2.90433,520,0,3000.17,0.591275,435,0,2000.15,0.373308,44.6333,0,1000.96,3.4067,520,0
2.0357,5000.25,0.881167,620,0,4000.83,2.91871,520,0,3000.17,0.594202,435,0,2000.15,0.373623,45.0666,0,1000.97,3.42357,520,0
2.04577,5000.25,0.885508,620,0,4000.84,2.93309,520,0,3000.17,0.597129,435,0,2000.16,0.373942,45.5,0,1000.98,3.44043,520,0
2.05585,5000.25,0.889848,620,0,4000.84,2.94747,520,0,3000.17,0.600056,435,0,2000.16,0.374263,45.9333,0,1000.99,3.4573,520,0
2.06593,5000.26,0.894189,620,0,4000.85,2.96184,520,0,3000.17,0.602983,435,0,2000.16,0.374588,46.3666,0,1001,3.47416,520,0
2.07607,5000.26,0.89853,620,0,4000.86,2.97622,520,0,3000.18,0.60591,435,0,2000.16,0.374916,46.8,0,1001.01,3.49103,520,0
2.08614,5000.26,0.90287,620,0,4000.87,2.9906,520,0,3000.18,0.608837,435,0,2000.16,0.375246,47.2333,0,1001.02,3.50789,520,0
2.09622,5000.26,0.907211,620,0,4000.88,3.00498,520,0,3000.18,0.611764,435,0,2000.16,0.37558,47.6666,0,1001.03,3.52476,520,0
2.10628,5000.27,0.911552,620,0,4000.88,3.01935,520,0,3000.18,0.614692,435,0,2000.16,0.375917,48.1,0,1001.04,3.54162,520,0
2.11636,5000.27,0.915893,620,0,4000.89,3.03373,520,0,3000.18,0.617619,435,0,2000.16,0.376257,48.5333,0,1001.05,3.55849,520,0
2.12643,5000.27,0.920233,620,0,4000.9,3.04811,520,0,3000.18,0.620546,435,0,2000.16,0.3766,48.9666,0,1001.06,3.57535,520,0
2.1365,5000.27,0.924574,620,0,4000.91,3.06249,520,0,3000.19,0.623473,435,0,2000.17,0.376945,49.4,0,1001.07,3.59222,520,0
2.14657,5000.28,0.928915,620,0,4000.92,3.07687,520,0,3000.19,0.6264,435,0,2000.17,0.377294,49.8333,0,1001.08,3.60908,520,0
2.15664,5000.28,0.933255,620,0,4000.93,3.09124,520,0,3000.19,0.629327,435,0,2000.17,0.377646,50.2666,0,1001.09,3.62595,520,0
2.16671,5000.28,0.937596,620,0,4000.94,3.10562,520,0,3000.19,0.632254,435,0,2000.17,0.378001,50.7,0,1001.1,3.64281,520,0
2.17678,5000.29,0.941937,620,0,4000.94,3.12,520,0,3000.19,0.635181,435,0,2000.17,0.378359,51.1333,0,1001.11,3.65968,520,0
2.18685,5000.29,0.946278,620,0,4000.95,3.13438,520,0,3000.19,0.638108,435,0,2000.17,0.37872,51.5666,0,1001.12,3.67654,520,0
2.19692,5000.29,0.950618,620,0,4000.96,3.14876,520,0,3000.2,0.641035,435,0,2000.17,0.379084,52,0,1001.13,3.69341,520,0
2.20699,5000.29,0.954959,620,0,4000.97,3.16313,520,0,3000.2,0.643963,435,0,2000.17,0.379451,52.4333,0,1001.14,3.71027,520,0
2.21727,5000.3,0.9593,620,0,4000.98,3.17751,520,0,3000.2,0.64689,435,0,2000.17,0.379824,53.3,0,1001.15,3.72713,520,0
2.22734,5000.3,0.963641,620,0,4000.99,3.19189,520,0,3000.2,0.649817,435,0,2000.17,0.380201,53.7333,0,1001.16,3.744,520,0
2.23741,5000.3,0.967981,620,0,4001,3.20627,520,0,3000.2,0.652744,435,0,2000.18,0.38058,54.1666,0,1001.17,3.76086,520,0
2.24747,5000.3,0.972322,620,0,4001.01,3.22065,520,0,3000.2,0.655671,435,0,2000.18,0.380962,54.6,0,1001.18,3.77773,520,0
2.25775,5000.31,0.976663,620,0,4001.02,3.23502,520,0,3000.21,0.658598,435,0,2000.18,0.381347,55.0333,0,1001.19,3.79459,520,0
2.26781,5000.31,0.981003,620,0,4001.02,3.2494,520,0,3000.21,0.661525,435,0,2000.18,0.381736,55.4666,0,1001.2,3.81146,520,0
2.27788,5000.31,0.985344,620,0,4001.03,3.26378,520,0,3000.21,0.664452,435,0,2000.18,0.382127,55.8999,0,1001.21,3.82832,520,0
2.28795,5000.31,0.989685,620,0,4001.04,3.27816,520,0,3000.21,0.667379,435,0,2000.18,0.382522,56.3333,0,1001.22,3.84519,520,0
2.29802,5000.32,0.994026,620,0,4001.05,3.29253,520,0,3000.21,0.670306,435,0,2000.18,0.382919,56.7666,0,1001.23,3.86205,520,0
2.30809,5000.32,0.998366,620,0,4001.06,3.30691,520,0,3000.22,0.673234,435,0,2000.18,0.383319,57.1999,0,1001.24,3.87892,520,0
2.31815,5000.32,1.00271,620,0,4001.07,3.32129,520,0,3000.22,0.676161,435,0,2000.18,0.383723,57.6333,0,1001.26,3.89578,520,0
2.32822,5000.33,1.00705,620,0,4001.08,3.33567,520,0,3000.22,0.679088,435,0,2000.19,0.38413,58.0666,0,1001.27,3.91265,520,0
2.33829,5000.33,1.01139,620,0,4001.09,3.35005,520,0,3000.22,0.682015,435,0,2000.19,0.384539,58.4999,0,1001.28,3.92951,520,0
2.34836,5000.33,1.01573,620,0,4001.1,3.36442,520,0,3000.22,0.684942,435,0,2000.19,0.384952,58.9333,0,1001.29,3.94638,520,0
2.35848,5000.33,1.02007,620,0,4001.11,3.3788,520,0,3000.23,0.687869,435,0,2000.19,0.385367,59.3666,0,1001.3,3.96324,520,0
2.36857,5000.34,1.02441,620,0,4001.12,3.39318,520,0,3000.23,0.690796,435,0,2000.19,0.385786,59.7999,0,1001.31,3.98011,520,0
2.37864,5000.34,1.02875,620,0,4001.13,3.40756,520,0,3000.23,0.693723,435,0,2000.19,0.386208,60.2333,0,1001.32,3.99697,520,0
2.38871,5000.34,1.03309,620,0,4001.14,3.42194,520,0,3000.23,0.69665,435,0,2000.19,0.386632,60.6666,0,1001.33,4.01384,520,0
2.39878,5000.35,1.03743,620,0,4001.15,3.43631,520,0,3000.23,0.699578,435,0,2000.19,0.38706,61.0999,0,1001.34,4.0307,520,0
2.40886,5000.35,1.04177,620,0,4001.16,3.45069,520,0,3000.24,0.702505,435,0,2000.19,0.387491,61.5333,0,1001.35,4.04757,520,0
2.41892,5000.35,1.04611,620,0,4001.16,3.46507,520,0,3000.24,0.705432,435,0,2000.19,0.387925,61.9666,0,1001.37,4.06443,520,0
2.429,5000.35,1.05046,620,0,4001.17,3.47945,520,0,3000.24,0.708359,435,0,2000.2,0.388362,62.3999,0,1001.38,4.0813,520,0
2.43906,5000.36,1.0548,620,0,4001.18,3.49382,520,0,3000.24,0.711286,435,0,2000.2,0.388802,62.8333,0,1001.39,4.09816,520,0
2.44913,5000.36,1.05914,620,0,4001.19,3.5082,520,0,3000.24,0.714213,435,0,2000.2,0.389245,63.2666,0,1001.4,4.11503,520,0
2.45919,5000.36,1.06348,620,0,4001.2,3.52258,520,0,3000.25,0.71714,435,0,2000.2,0.389691,63.6999,0,1001.41,4.13189,520,0
2.46926,5000.37,1.06782,620,0,4001.21,3.53696,520,0,3000.25,0.720067,435,0,2000.2,0.39014,64.1333,0,1001.42,4.14876,520,0
2.47933,5000.37,1.07216,620,0,4001.22,3.55134,520,0,3000.25,0.722994,435,0,2000.2,0.390592,64.5666,0,1001.43,4.16562,520,0
2.4894,5000.37,1.0765,620,0,4001.23,3.56571,520,0,3000.25,0.725921,435,0,2000.2,0.391047,64.9999,0,1001.45,4.18249,520,0
2.49947,5000.38,1.08084,620,0,4001.24,3.58009,520,0,3000.25,0.728849,435,0,2000.2,0.391505,65.4333,0,1001.46,4.19935,520,0
2.50962,5000.38,1.08518,620,0,4001.25,3.59447,520,0,3000.26,0.731776,435,0,2000.2,0.391966,65.8666,0,1001.47,4.21622,520,0
2.5197,5000.38,1.08952,620,0,4001.26,3.60885,520,0,3000.26,0.734703,435,0,2000.21,0.39243,66.2999,0,1001.48,4.23308,520,0
2.53106,5000.38,1.09386,620,0,4001.27,3.62323,520,0,3000.26,0.73763,435,0,2000.21,0.392897,66.7333,0,1001.49,4.24995,520,0
2.54113,5000.39,1.0982,620,0,4001.28,3.6376,520,0,3000.26,0.740557,435,0,2000.21,0.393368,67.1666,0,1001.51,4.26681,520,0
2.5512,5000.39,1.10254,620,0,4001.29,3.65198,520,0,3000.26,0.743484,435,0,2000.21,0.393841,67.5999,0,1001.52,4.28368,520,0
2.56127,5000.39,1.10688,620,0,4001.3,3.66636,520,0,3000.27,0.746411,435,0,2000.21,0.394317,68.0333,0,1001.53,4.30054,520,0
2.57139,5000.4,1.11123,620,0,4001.31,3.68074,520,0,3000.27,0.749338,435,0,2000.21,0.394796,68.4666,0,1001.54,4.31741,520,0
2.58146,5000.4,1.11557,620,0,4001.32,3.69512,520,0,3000.27,0.752265,435,0,2000.21,0.395279,68.8999,0,1001.55,4.33427,520,0
2.59153,5000.4,1.11991,620,0,4001.33,3.70949,520,0,3000.27,0.755192,435,0,2000.21,0.395764,69.3333,0,1001.57,4.35113,520,0
2.6016,5000.41,1.12425,620,0,4001.34,3.72387,520,0,3000.27,0.75812,435,0,2000.21,0.396253,69.7666,0,1001.58,4.368,520,0
2.61206,5000.41,1.12859,620,0,4001.36,3.73825,520,0,3000.28,0.761047,435,0,2000.22,0.396744,70.1999,0,1001.59,4.38486,520,0
2.62213,5000.41,1.13293,620,0,4001.37,3.75263,520,0,3000.28,0.763974,435,0,2000.22,0.397239,70.6333,0,1001.6,4.40173,520,0
2.63219,5000.42,1.13727,620,0,4001.38,3.767,520,0,3000.28,0.766901,435,0,2000.22,0.397736,71.0666,0,1001.61,4.41859,520,0
2.64226,5000.42,1.14161,620,0,4001.39,3.78138,520,0,3000.28,0.769828,435,0,2000.22,0.398237,71.5,0,1001.63,4.43546,520,0
2.65233,5000.42,1.14595,620,0,4001.4,3.79576,520,0,3000.28,0.772755,435,0,2000.22,0.39874,71.9333,0,1001.64,4.45232,520,0
2.6624,5000.42,1.15029,620,0,4001.41,3.81014,520,0,3000.29,0.775682,435,0,2000.22,0.399247,72.3666,0,1001.65,4.46919,520,0
2.67247,5000.43,1.15463,620,0,4001.42,3.82452,520,0,3000.29,0.778609,435,0,2000.22,0.399757,72.8,0,1001.66,4.48605,520,0
2.68254,5000.43,1.15897,620,0,4001.43,3.83889,520,0,3000.29,0.781536,435,0,2000.22,0.40027,73.2333,0,1001.68,4.50292,520,0
2.6926,5000.43,1.16331,620,0,4001.44,3.85327,520,0,3000.29,0.784463,435,0,2000.22,0.400785,73.6666,0,1001.69,4.51978,520,0
2.70267,5000.44,1.16765,620,0,4001.45,3.86765,520,0,3000.3,0.787391,435,0,2000.23,0.401304,74.1,0,1001.7,4.53665,520,0
2.71275,5000.44,1.172,620,0,4001.46,3.88203,520,0,3000.3,0.790318,435,0,2000.23,0.401826,74.5333,0,1001.71,4.55351,520,0
2.72282,5000.44,1.17634,620,0,4001.47,3.89641,520,0,3000.3,0.793245,435,0,2000.23,0.402351,74.9666,0,1001.73,4.57038,520,0
2.7329,5000.45,1.18068,620,0,4001.48,3.91078,520,0,3000.3,0.796172,435,0,2000.23,0.402879,75.4,0,1001.74,4.58724,520,0
2.74296,5000.45,1.18502,620,0,4001.49,3.92516,520,0,3000.3,0.799099,435,0,2000.23,0.40341,75.8333,0,1001.75,4.60411,520,0
2.75303,5000.45,1.18936,620,0,4001.5,3.93954,520,0,3000.31,0.802026,435,0,2000.23,0.403943,76.2666,0,1001.76,4.62097,520,0
2.76311,5000.46,1.1937,620,0,4001.52,3.95392,520,0,3000.31,0.804953,435,0,2000.23,0.40448,76.7,0,1001.78,4.63784,520,0
2.77318,5000.46,1.19804,620,0,4001.53,3.96829,520,0,3000.31,0.80788,435,0,2000.23,0.40502,77.1333,0,1001.79,4.6547,520,0
2.78324,5000.46,1.20238,620,0,4001.54,3.98267,520,0,3000.31,0.810807,435,0,2000.23,0.405564,77.5667,0,1001.8,4.67157,520,0
2.79332,5000.47,1.20672,620,0,4001.55,3.99705,520,0,3000.32,0.813735,435,0,2000.24,0.40611,78,0,1001.82,4.68843,520,0
2.80339,5000.47,1.21106,620,0,4001.56,4.01143,520,0,3000.32,0.816662,435,0,2000.24,0.406659,78.4333,0,1001.83,4.7053,520,0
2.81347,5000.47,1.2154,620,0,4001.57,4.02581,520,0,3000.32,0.819589,435,0,2000.24,0.407211,78.8667,0,1001.84,4.72216,520,0
2.82354,5000.48,1.21974,620,0,4001.58,4.04018,520,0,3000.32,0.822516,435,0,2000.24,0.407766,79.3,0,1001.86,4.73903,520,0
2.83362,5000.48,1.22408,620,0,4001.59,4.05456,520,0,3000.32,0.825443,435,0,2000.24,0.408324,79.7333,0,1001.87,4.75589,520,0
2.84369,5000.48,1.22842,620,0,4001.6,4.06894,520,0,3000.33,0.82837,435,0,2000.24,0.408886,80.1667,0,1001.88,4.77276,520,0
2.85376,5000.49,1.23277,620,0,4001.62,4.08332,520,0,3000.33,0.831297,435,0,2000.24,0.40945,80.6,0,1001.9,4.78962,520,0
2.86385,5000.49,1.23711,620,0,4001.63,4.0977,520,0,3000.33,0.834224,435,0,2000.24,0.410017,81.0333,0,1001.91,4.80649,520,0
2.87392,5000.49,1.24145,620,0,4001.64,4.11207,520,0,3000.33,0.837151,435,0,2000.24,0.410588,81.4667,0,1001.92,4.82335,520,0
2.88399,5000.5,1.24579,620,0,4001.65,4.12645,520,0,3000.34,0.840078,435,0,2000.25,0.411161,81.9,0,1001.94,4.84022,520,0
2.89406,5000.5,1.25013,620,0,4001.66,4.14083,520,0,3000.34,0.843006,435,0,2000.25,0.411737,82.3334,0,1001.95,4.85708,520,0
2.90413,5000.51,1.25447,620,0,4001.67,4.15521,520,0,3000.34,0.845933,435,0,2000.25,0.412317,82.7667,0,1001.96,4.87395,520,0
2.9142,5000.51,1.25881,620,0,4001.69,4.16959,520,0,3000.34,0.84886,435,0,2000.25,0.412899,83.2,0,1001.98,4.89081,520,0
2.92461,5000.51,1.26315,620,0,4001.7,4.18396,520,0,3000.35,0.851787,435,0,2000.25,0.413485,83.6334,0,1001.99,4.90768,520,0
2.93468,5000.52,1.26749,620,0,4001.71,4.19834,520,0,3000.35,0.854714,435,0,2000.25,0.414073,84.0667,0,1002,4.92454,520,0
2.94476,5000.52,1.27183,620,0,4001.72,4.21272,520,0,3000.35,0.857641,435,0,2000.25,0.414665,84.5,0,1002.02,4.94141,520,0
2.95484,5000.52,1.27617,620,0,4001.73,4.2271,520,0,3000.35,0.860568,435,0,2000.25,0.41526,84.9334,0,1002.03,4.95827,520,0
2.9649,5000.53,1.28051,620,0,4001.74,4.24147,520,0,3000.35,0.863495,435,0,2000.26,0.415857,85.3667,0,1002.05,4.97513,520,0
2.97497,5000.53,1.28485,620,0,4001.76,4.25585,520,0,3000.36,0.866422,435,0,2000.26,0.416458,85.8,0,1002.06,4.992,520,0
2.98504,5000.53,1.28919,620,0,4001.77,4.27023,520,0,3000.36,0.869349,435,0,2000.26,0.417062,86.2334,0,1002.07,5.00886,520,0
2.99511,5000.54,1.29354,620,0,4001.78,4.28461,520,0,3000.36,0.872277,435,0,2000.26,0.417669,86.6667,0,1002.09,5.02573,520,0
3.00518,5000.54,1.29788,620,0,4001.79,4.29899,520,0,3000.36,0.875204,435,0,2000.26,0.418278,87.1,0,1002.1,5.04259,520,0
3.01524,5000.54,1.30222,620,0,4001.8,4.31336,520,0,3000.37,0.878131,435,0,2000.26,0.418891,87.5334,0,1002.12,5.05946,520,0
3.02531,5000.55,1.30656,620,0,4001.82,4.32774,520,0,3000.37,0.881058,435,0,2000.26,0.419507,87.9667,0,1002.13,5.07632,520,0
3.03537,5000.55,1.3109,620,0,4001.83,4.34212,520,0,3000.37,0.883985,435,0,2000.26,0.420126,88.4001,0,1002.14,5.09319,520,0
3.04544,5000.56,1.31524,620,0,4001.84,4.3565,520,0,3000.37,0.886912,435,0,2000.26,0.420748,88.8334,0,1002.16,5.11005,520,0
3.05551,5000.56,1.31958,620,0,4001.85,4.37088,520,0,3000.38,0.889839,435,0,2000.27,0.421373,89.2667,0,1002.17,5.12692,520,0
3.06559,5000.56,1.32392,620,0,4001.86,4.38525,520,0,3000.38,0.892766,435,0,2000.27,0.422001,89.7001,0,1002.19,5.14378,520,0
3.07565,5000.57,1.32826,620,0,4001.88,4.39963,520,0,3000.38,0.895693,435,0,2000.27,0.422632,90.1334,0,1002.2,5.16065,520,0
3.08572,5000.57,1.3326,620,0,4001.89,4.41401,520,0,3000.38,0.89862,435,0,2000.27,0.423266,90.5667,0,1002.21,5.17751,520,0
3.09579,5000.57,1.33694,620,0,4001.9,4.42839,520,0,3000.39,0.901548,435,0,2000.27,0.423903,91.0001,0,1002.23,5.19438,520,0
3.10586,5000.58,1.34128,620,0,4001.91,4.44276,520,0,3000.39,0.904475,435,0,2000.27,0.424543,91.4334,0,1002.24,5.21124,520,0
3.11593,5000.58,1.34562,620,0,4001.93,4.45714,520,0,3000.39,0.907402,435,0,2000.27,0.425186,91.8667,0,1002.26,5.22811,520,0
3.12659,5000.58,1.34996,620,0,4001.94,4.47152,520,0,3000.39,0.910329,435,0,2000.27,0.425833,92.3001,0,1002.27,5.24497,520,0
3.13664,5000.59,1.35431,620,0,4001.95,4.4859,520,0,3000.4,0.913256,435,0,2000.28,0.426482,92.7334,0,1002.29,5.26184,520,0
3.1467,5000.59,1.35865,620,0,4001.96,4.50028,520,0,3000.4,0.916183,435,0,2000.28,0.427134,93.1667,0,1002.3,5.2787,520,0
3.15677,5000.6,1.36299,620,0,4001.98,4.51465,520,0,3000.4,0.91911,435,0,2000.28,0.427789,93.6001,0,1002.32,5.29557,520,0
3.16693,5000.6,1.36733,620,0,4001.99,4.52903,520,0,3000.4,0.922037,435,0,2000.28,0.428448,94.0334,0,1002.33,5.31243,520,0
3.177,5000.6,1.37167,620,0,4002,4.54341,520,0,3000.41,0.924964,435,0,2000.28,0.429109,94.4668,0,1002.35,5.3293,520,0
3.18707,5000.61,1.37601,620,0,4002.01,4.55779,520,0,3000.41,0.927892,435,0,2000.28,0.429774,94.9001,0,1002.36,5.34616,520,0
3.19714,5000.61,1.38035,620,0,4002.03,4.57217,520,0,3000.41,0.930819,435,0,2000.28,0.430441,95.3334,0,1002.38,5.36303,520,0
3.20721,5000.62,1.38469,620,0,4002.04,4.58654,520,0,3000.41,0.933746,435,0,2000.28,0.431112,95.7668,0,1002.39,5.37989,520,0
3.21728,5000.62,1.38903,620,0,4002.05,4.60092,520,0,3000.42,0.936673,435,0,2000.28,0.431785,96.2001,0,1002.41,5.39676,520,0
3.22734,5000.62,1.39337,620,0,4002.06,4.6153,520,0,3000.42,0.9396,435,0,2000.29,0.432462,96.6334,0,1002.42,5.41362,520,0
3.23744,5000.63,1.39771,620,0,4002.08,4.62968,520,0,3000.42,0.942527,435,0,2000.29,0.433141,97.0668,0,1002.44,5.43049,520,0
3.2475,5000.63,1.40205,620,0,4002.09,4.64406,520,0,3000.43,0.945454,435,0,2000.29,0.433824,97.5001,0,1002.45,5.44735,520,0
3.25757,5000.63,1.40639,620,0,4002.1,4.65843,520,0,3000.43,0.948381,435,0,2000.29,0.434509,97.9334,0,1002.47,5.46422,520,0
3.26764,5000.64,1.41074,620,0,4002.12,4.67281,520,0,3000.43,0.951308,435,0,2000.29,0.435198,98.3668,0,1002.48,5.48108,520,0
3.27771,5000.64,1.41508,620,0,4002.13,4.68719,520,0,3000.43,0.954235,435,0,2000.29,0.43589,98.8001,0,1002.5,5.49795,520,0
3.28778,5000.65,1.41942,620,0,4002.14,4.70157,520,0,3000.44,0.957163,435,0,2000.29,0.436585,99.2335,0,1002.51,5.51481,520,0
3.29784,5000.65,1.42376,620,0,4002.15,4.71594,520,0,3000.44,0.96009,435,0,2000.29,0.437282,99.6668,0,1002.53,5.53168,520,0
3.30791,5000.65,1.4281,620,0,4002.17,4.73032,520,0,3000.44,0.963017,435,0,2000.3,0.437983,100.1,0,1002.54,5.54854,520,0
3.31798,5000.66,1.43244,620,0,4002.18,4.7447,520,0,3000.44,0.965944,435,0,2000.3,0.438687,100.533,0,1002.56,5.56541,520,0
3.32805,5000.66,1.43678,620,0,4002.19,4.75908,520,0,3000.45,0.968871,435,0,2000.3,0.439394,100.967,0,1002.57,5.58227,520,0
3.33812,5000.67,1.44112,620,0,4002.21,4.77346,520,0,3000.45,0.971798,435,0,2000.3,0.440104,101.4,0,1002.59,5.59913,520,0
3.34819,5000.67,1.44546,620,0,4002.22,4.78783,520,0,3000.45,0.974725,435,0,2000.3,0.440817,101.833,0,1002.61,5.616,520,0
3.35826,5000.67,1.4498,620,0,4002.23,4.80221,520,0,3000.45,0.977652,435,0,2000.3,0.441533,102.267,0,1002.62,5.63286,520,0
3.36833,5000.68,1.45414,620,0,4002.25,4.81659,520,0,3000.46,0.980579,435,0,2000.3,0.442252,102.7,0,1002.64,5.64973,520,0
3.3784,5000.68,1.45848,620,0,4002.26,4.83097,520,0,3000.46,0.983506,435,0,2000.3,0.442974,103.133,0,1002.65,5.66659,520,0
3.3886,5000.69,1.46282,620,0,4002.27,4.84535,520,0,3000.46,0.986434,435,0,2000.31,0.443699,103.567,0,1002.67,5.68346,520,0
3.39867,5000.69,1.46716,620,0,4002.29,4.85972,520,0,3000.47,0.989361,435,0,2000.31,0.444427,104,0,1002.68,5.70032,520,0
3.40875,5000.69,1.47151,620,0,4002.3,4.8741,520,0,3000.47,0.992288,435,0,2000.31,0.445158,104.433,0,1002.7,5.71719,520,0
3.41883,5000.7,1.47585,620,0,4002.32,4.88848,520,0,3000.47,0.995215,435,0,2000.31,0.445892,104.867,0,1002.72,5.73405,520,0
3.4289,5000.7,1.48019,620,0,4002.33,4.90286,520,0,3000.47,0.998142,435,0,2000.31,0.44663,105.3,0,1002.73,5.75092,520,0
3.43897,5000.71,1.48453,620,0,4002.34,4.91723,520,0,3000.48,1.00107,435,0,2000.31,0.44737,105.733,0,1002.75,5.76778,520,0
3.44904,5000.71,1.48887,620,0,4002.36,4.93161,520,0,3000.48,1.004,435,0,2000.31,0.448113,106.167,0,1002.76,5.78465,520,0
3.4591,5000.72,1.49321,620,0,4002.37,4.94599,520,0,3000.48,1.00692,435,0,2000.31,0.44886,106.6,0,1002.78,5.80151,520,0
3.46917,5000.72,1.49755,620,0,4002.38,4.96037,520,0,3000.49,1.00985,435,0,2000.32,0.449609,107.034,0,1002.8,5.81838,520,0
3.47924,5000.72,1.50189,620,0,4002.4,4.97475,520,0,3000.49,1.01278,435,0,2000.32,0.450361,107.467,0,1002.81,5.83524,520,0
3.48931,5000.73,1.50623,620,0,4002.41,4.98912,520,0,3000.49,1.0157,435,0,2000.32,0.451117,107.9,0,1002.83,5.85211,520,0
3.49938,5000.73,1.51057,620,0,4002.43,5.0035,520,0,3000.49,1.01863,435,0,2000.32,0.451875,108.334,0,1002.84,5.86897,520,0
3.50947,5000.74,1.51491,620,0,4002.44,5.01788,520,0,3000.5,1.02156,435,0,2000.32,0.452637,108.767,0,1002.86,5.88584,520,0
3.51956,5000.74,1.51925,620,0,4002.45,5.03226,520,0,3000.5,1.02449,435,0,2000.32,0.453401,109.2,0,1002.88,5.9027,520,0
3.52965,5000.74,1.52359,620,0,4002.47,5.04664,520,0,3000.5,1.02741,435,0,2000.32,0.454169,109.634,0,1002.89,5.91957,520,0
3.53971,5000.75,1.52793,620,0,4002.48,5.06101,520,0,3000.51,1.03034,435,0,2000.32,0.454939,110.067,0,1002.91,5.93643,520,0
3.54978,5000.75,1.53228,620,0,4002.5,5.07539,520,0,3000.51,1.03327,435,0,2000.33,0.455713,110.5,0,1002.93,5.9533,520,0
3.55985,5000.76,1.53662,620,0,4002.51,5.08977,520,0,3000.51,1.03619,435,0,2000.33,0.45649,110.934,0,1002.94,5.97016,520,0
3.56992,5000.76,1.54096,620,0,4002.52,5.10415,520,0,3000.51,1.03912,435,0,2000.33,0.457269,111.367,0,1002.96,5.98703,520,0
3.58006,5000.77,1.5453,620,0,4002.54,5.11853,520,0,3000.52,1.04205,435,0,2000.33,0.458052,111.8,0,1002.98,6.00389,520,0
3.59013,5000.77,1.54964,620,0,4002.55,5.1329,520,0,3000.52,1.04498,435,0,2000.33,0.458838,112.234,0,1002.99,6.02076,520,0
3.60023,5000.77,1.55398,620,0,4002.57,5.14728,520,0,3000.52,1.0479,435,0,2000.33,0.459627,112.667,0,1003.01,6.03762,520,0
3.6103,5000.78,1.55832,620,0,4002.58,5.16166,520,0,3000.53,1.05083,435,0,2000.33,0.460418,113.1,0,1003.03,6.05449,520,0
3.62037,5000.78,1.56266,620,0,4002.6,5.17604,520,0,3000.53,1.05376,435,0,2000.33,0.461213,113.534,0,1003.04,6.07135,520,0
3.63044,5000.79,1.567,620,0,4002.61,5.19041,520,0,3000.53,1.05668,435,0,2000.34,0.462011,113.967,0,1003.06,6.08822,520,0
3.64051,5000.79,1.57134,620,0,4002.62,5.20479,520,0,3000.53,1.05961,435,0,2000.34,0.462812,114.4,0,1003.08,6.10508,520,0
3.65057,5000.8,1.57568,620,0,4002.64,5.21917,520,0,3000.54,1.06254,435,0,2000.34,0.463616,114.834,0,1003.09,6.12195,520,0
3.66064,5000.8,1.58002,620,0,4002.65,5.23355,520,0,3000.54,1.06547,435,0,2000.34,0.464423,115.267,0,1003.11,6.13881,520,0
3.67071,5000.81,1.58436,620,0,4002.67,5.24793,520,0,3000.54,1.06839,435,0,2000.34,0.465233,115.7,0,1003.13,6.15568,520,0
3.6808,5000.81,1.5887,620,0,4002.68,5.2623,520,0,3000.55,1.07132,435,0,2000.34,0.466046,116.134,0,1003.15,6.17254,520,0
3.69106,5000.81,1.59305,620,0,4002.7,5.27668,520,0,3000.55,1.07425,435,0,2000.34,0.466862,116.567,0,1003.16,6.1894,520,0
3.70112,5000.82,1.59739,620,0,4002.71,5.29106,520,0,3000.55,1.07717,435,0,2000.34,0.467681,117,0,1003.18,6.20627,520,0
3.71119,5000.82,1.60173,620,0,4002.73,5.30544,520,0,3000.56,1.0801,435,0,2000.35,0.468504,117.434,0,1003.2,6.22313,520,0
3.72126,5000.83,1.60607,620,0,4002.74,5.31982,520,0,3000.56,1.08303,435,0,2000.35,0.469329,117.867,0,1003.22,6.24,520,0
3.73132,5000.83,1.61041,620,0,4002.76,5.33419,520,0,3000.56,1.08596,435,0,2000.35,0.470157,118.3,0,1003.23,6.25686,520,0
3.74141,5000.84,1.61475,620,0,4002.77,5.34857,520,0,3000.56,1.08888,435,0,2000.35,0.470988,118.734,0,1003.25,6.27373,520,0
3.75148,5000.84,1.61909,620,0,4002.79,5.36295,520,0,3000.57,1.09181,435,0,2000.35,0.471823,119.167,0,1003.27,6.29059,520,0
3.76155,5000.85,1.62343,620,0,4002.8,5.37733,520,0,3000.57,1.09474,435,0,2000.35,0.47266,119.6,0,1003.29,6.30746,520,0
3.77162,5000.85,1.62777,620,0,4002.82,5.3917,520,0,3000.57,1.09766,435,0,2000.35,0.4735,120.034,0,1003.3,6.32432,520,0
3.78169,5000.85,1.63211,620,0,4002.83,5.40608,520,0,3000.58,1.10059,435,0,2000.36,0.474344,120.467,0,1003.32,6.34119,520,0
3.79178,5000.86,1.63645,620,0,4002.85,5.42046,520,0,3000.58,1.10352,435,0,2000.36,0.47519,120.9,0,1003.34,6.35805,520,0
3.80185,5000.86,1.64079,620,0,4002.86,5.43484,520,0,3000.58,1.10644,435,0,2000.36,0.47604,121.334,0,1003.36,6.37492,520,0
3.81192,5000.87,1.64513,620,0,4002.88,5.44922,520,0,3000.59,1.10937,435,0,2000.36,0.476892,121.767,0,1003.37,6.39178,520,0
3.822,5000.87,1.64947,620,0,4002.89,5.46359,520,0,3000.59,1.1123,435,0,2000.36,0.477748,122.2,0,1003.39,6.40865,520,0
3.83207,5000.88,1.65382,620,0,4002.91,5.47797,520,0,3000.59,1.11523,435,0,2000.36,0.478606,122.634,0,1003.41,6.42551,520,0
3.84214,5000.88,1.65816,620,0,4002.92,5.49235,520,0,3000.59,1.11815,435,0,2000.36,0.479468,123.067,0,1003.43,6.44238,520,0
3.85221,5000.89,1.6625,620,0,4002.94,5.50673,520,0,3000.6,1.12108,435,0,2000.36,0.480333,123.5,0,1003.44,6.45924,520,0
3.86228,5000.89,1.66684,620,0,4002.95,5.52111,520,0,3000.6,1.12401,435,0,2000.37,0.4812,123.934,0,1003.46,6.47611,520,0
3.87235,5000.9,1.67118,620,0,4002.97,5.53548,520,0,3000.6,1.12693,435,0,2000.37,0.482071,124.367,0,1003.48,6.49297,520,0
3.88241,5000.9,1.67552,620,0,4002.98,5.54986,520,0,3000.61,1.12986,435,0,2000.37,0.482945,124.8,0,1003.5,6.50984,520,0
3.89283,5000.91,1.67986,620,0,4003,5.56424,520,0,3000.61,1.13279,435,0,2000.37,0.483822,125.234,0,1003.52,6.5267,520,0
3.9029,5000.91,1.6842,620,0,4003.01,5.57862,520,0,3000.61,1.13572,435,0,2000.37,0.484701,125.667,0,1003.54,6.54357,520,0
3.91298,5000.91,1.68854,620,0,4003.03,5.593,520,0,3000.62,1.13864,435,0,2000.37,0.485584,126.1,0,1003.55,6.56043,520,0
3.92305,5000.92,1.69288,620,0,4003.05,5.60737,520,0,3000.62,1.14157,435,0,2000.37,0.48647,126.534,0,1003.57,6.5773,520,0
3.93314,5000.92,1.69722,620,0,4003.06,5.62175,520,0,3000.62,1.1445,435,0,2000.38,0.487359,126.967,0,1003.59,6.59416,520,0
3.94321,5000.93,1.70156,620,0,4003.08,5.63613,520,0,3000.63,1.14742,435,0,2000.38,0.488251,127.4,0,1003.61,6.61103,520,0
3.95328,5000.93,1.7059,620,0,4003.09,5.65051,520,0,3000.63,1.15035,435,0,2000.38,0.489146,127.834,0,1003.63,6.62789,520,0
3.96336,5000.94,1.71024,620,0,4003.11,5.66488,520,0,3000.63,1.15328,435,0,2000.38,0.490044,128.267,0,1003.65,6.64476,520,0
3.97339,5000.94,1.71459,620,0,4003.12,5.67926,520,0,3000.64,1.15621,435,0,2000.38,0.490945,128.7,0,1003.66,6.66162,520,0
3.98347,5000.95,1.71893,620,0,4003.14,5.69364,520,0,3000.64,1.15913,435,0,2000.38,0.491849,129.134,0,1003.68,6.67849,520,0
3.99354,5000.95,1.72327,620,0,4003.16,5.70802,520,0,3000.64,1.16206,435,0,2000.38,0.492756,129.567,0,1003.7,6.69535,520,0
4.00361,5000.96,1.72761,620,0,4003.17,5.7224,520,0,3000.65,1.16499,435,0,2000.38,0.493666,130,0,1003.72,6.71222,520,0
4.01506,5000.96,1.73195,620,0,4003.19,5.73677,520,0,3000.65,1.16791,435,0,2000.39,0.49458,130.434,0,1003.74,6.72908,520,0
4.02513,5000.97,1.73629,620,0,4003.2,5.75115,520,0,3000.65,1.17084,435,0,2000.39,0.495496,130.867,0,1003.76,6.74595,520,0
4.03519,5000.97,1.74063,620,0,4003.22,5.76553,520,0,3000.66,1.17377,435,0,2000.39,0.496415,131.3,0,1003.78,6.76281,520,0
4.04527,5000.98,1.74497,620,0,4003.24,5.77991,520,0,3000.66,1.1767,435,0,2000.39,0.497337,131.734,0,1003.79,6.77968,520,0
4.05534,5000.98,1.74931,620,0,4003.25,5.79429,520,0,3000.66,1.17962,435,0,2000.39,0.498263,132.167,0,1003.81,6.79654,520,0
4.0654,5000.99,1.75365,620,0,4003.27,5.80866,520,0,3000.67,1.18255,435,0,2000.39,0.499191,132.6,0,1003.83,6.8134,520,0
4.07547,5000.99,1.75799,620,0,4003.28,5.82304,520,0,3000.67,1.18548,435,0,2000.39,0.500122,133.034,0,1003.85,6.83027,520,0
4.08554,5001,1.76233,620,0,4003.3,5.83742,520,0,3000.67,1.1884,435,0,2000.4,0.501057,133.467,0,1003.87,6.84713,520,0
4.09561,5001,1.76667,620,0,4003.32,5.8518,520,0,3000.68,1.19133,435,0,2000.4,0.501994,133.9,0,1003.89,6.864,520,0
4.10567,5001.01,1.77102,620,0,4003.33,5.86617,520,0,3000.68,1.19426,435,0,2000.4,0.502935,134.334,0,1003.91,6.88086,520,0
4.11575,5001.01,1.77536,620,0,4003.35,5.88055,520,0,3000.68,1.19718,435,0,2000.4,0.503878,134.767,0,1003.93,6.89773,520,0
4.12581,5001.02,1.7797,620,0,4003.37,5.89493,520,0,3000.69,1.20011,435,0,2000.4,0.504825,135.2,0,1003.95,6.91459,520,0
4.13584,5001.02,1.78404,620,0,4003.38,5.90931,520,0,3000.69,1.20304,435,0,2000.4,0.505774,135.634,0,1003.97,6.93146,520,0
4.14591,5001.03,1.78838,620,0,4003.4,5.92369,520,0,3000.69,1.20597,435,0,2000.4,0.506727,136.067,0,1003.99,6.94832,520,0
4.15598,5001.03,1.79272,620,0,4003.41,5.93806,520,0,3000.7,1.20889,435,0,2000.41,0.507683,136.5,0,1004,6.96519,520,0
4.16606,5001.04,1.79706,620,0,4003.43,5.95244,520,0,3000.7,1.21182,435,0,2000.41,0.508641,136.934,0,1004.02,6.98205,520,0
4.17613,5001.04,1.8014,620,0,4003.45,5.96682,520,0,3000.7,1.21475,435,0,2000.41,0.509603,137.367,0,1004.04,6.99892,520,0
4.1862,5001.05,1.80574,620,0,4003.46,5.9812,520,0,3000.71,1.21767,435,0,2000.41,0.510568,137.8,0,1004.06,7.01578,520,0
4.19628,5001.05,1.81008,620,0,4003.48,5.99558,520,0,3000.71,1.2206,435,0,2000.41,0.511536,138.234,0,1004.08,7.03265,520,0
4.20635,5001.06,1.81442,620,0,4003.5,6.00995,520,0,3000.71,1.22353,435,0,2000.41,0.512507,138.667,0,1004.1,7.04951,520,0
4.21642,5001.06,1.81876,620,0,4003.51,6.02433,520,0,3000.72,1.22646,435,0,2000.41,0.51348,139.1,0,1004.12,7.06638,520,0
4.22649,5001.07,1.8231,620,0,4003.53,6.03871,520,0,3000.72,1.22938,435,0,2000.42,0.514457,139.534,0,1004.14,7.08324,520,0
4.23657,5001.07,1.82744,620,0,4003.55,6.05309,520,0,3000.72,1.23231,435,0,2000.42,0.515437,139.967,0,1004.16,7.10011,520,0
4.24663,5001.08,1.83179,620,0,4003.56,6.06747,520,0,3000.73,1.23524,435,0,2000.42,0.51642,140.4,0,1004.18,7.11697,520,0
4.2567,5001.08,1.83613,620,0,4003.58,6.08184,520,0,3000.73,1.23816,435,0,2000.42,0.517406,140.834,0,1004.2,7.13384,520,0
4.26676,5001.09,1.84047,620,0,4003.6,6.09622,520,0,3000.73,1.24109,435,0,2000.42,0.518395,141.267,0,1004.22,7.1507,520,0
4.27683,5001.09,1.84481,620,0,4003.62,6.1106,520,0,3000.74,1.24402,435,0,2000.42,0.519387,141.7,0,1004.24,7.16757,520,0
4.28693,5001.1,1.84915,620,0,4003.63,6.12498,520,0,3000.74,1.24695,435,0,2000.42,0.520382,142.134,0,1004.26,7.18443,520,0
4.29706,5001.1,1.85349,620,0,4003.65,6.13935,520,0,3000.74,1.24987,435,0,2000.43,0.521381,142.567,0,1004.28,7.2013,520,0
4.30716,5001.11,1.85783,620,0,4003.67,6.15373,520,0,3000.75,1.2528,435,0,2000.43,0.522382,143,0,1004.3,7.21816,520,0
4.31723,5001.11,1.86217,620,0,4003.68,6.16811,520,0,3000.75,1.25573,435,0,2000.43,0.523386,143.434,0,1004.32,7.23503,520,0
4.3273,5001.12,1.86651,620,0,4003.7,6.18249,520,0,3000.75,1.25865,435,0,2000.43,0.524393,143.867,0,1004.34,7.25189,520,0
4.33736,5001.12,1.87085,620,0,4003.72,6.19687,520,0,3000.76,1.26158,435,0,2000.43,0.525403,144.3,0,1004.36,7.26876,520,0
4.34743,5001.13,1.87519,620,0,4003.74,6.21124,520,0,3000.76,1.26451,435,0,2000.43,0.526417,144.733,0,1004.38,7.28562,520,0
4.3575,5001.13,1.87953,620,0,4003.75,6.22562,520,0,3000.76,1.26744,435,0,2000.43,0.527433,145.167,0,1004.4,7.30249,520,0
4.36757,5001.14,1.88387,620,0,4003.77,6.24,520,0,3000.77,1.27036,435,0,2000.44,0.528452,145.6,0,1004.42,7.31935,520,0
4.37763,5001.14,1.88821,620,0,4003.79,6.25438,520,0,3000.77,1.27329,435,0,2000.44,0.529475,146.033,0,1004.44,7.33622,520,0
4.3877,5001.15,1.89256,620,0,4003.8,6.26876,520,0,3000.77,1.27622,435,0,2000.44,0.5305,146.467,0,1004.46,7.35308,520,0
4.39777,5001.15,1.8969,620,0,4003.82,6.28313,520,0,3000.78,1.27914,435,0,2000.44,0.531529,146.9,0,1004.48,7.36995,520,0
4.40784,5001.16,1.90124,620,0,4003.84,6.29751,520,0,3000.78,1.28207,435,0,2000.44,0.53256,147.333,0,1004.5,7.38681,520,0
4.41791,5001.16,1.90558,620,0,4003.86,6.31189,520,0,3000.79,1.285,435,0,2000.44,0.533595,147.767,0,1004.52,7.40368,520,0
4.42798,5001.17,1.90992,620,0,4003.87,6.32627,520,0,3000.79,1.28793,435,0,2000.44,0.534632,148.2,0,1004.55,7.42054,520,0
4.43805,5001.18,1.91426,620,0,4003.89,6.34065,520,0,3000.79,1.29085,435,0,2000.45,0.535673,148.633,0,1004.57,7.4374,520,0
4.44812,5001.18,1.9186,620,0,4003.91,6.35502,520,0,3000.8,1.29378,435,0,2000.45,0.536717,149.067,0,1004.59,7.45427,520,0
4.45818,5001.19,1.92294,620,0,4003.93,6.3694,520,0,3000.8,1.29671,435,0,2000.45,0.537763,149.5,0,1004.61,7.47113,520,0
4.46825,5001.19,1.92728,620,0,4003.95,6.38378,520,0,3000.8,1.29963,435,0,2000.45,0.538813,149.933,0,1004.63,7.488,520,0
4.47831,5001.2,1.93162,620,0,4003.96,6.39816,520,0,3000.81,1.30256,435,0,2000.45,0.539866,150.367,0,1004.65,7.50486,520,0
4.48838,5001.2,1.93596,620,0,4003.98,6.41253,520,0,3000.81,1.30549,435,0,2000.45,0.540922,150.8,0,1004.67,7.52173,520,0
4.49845,5001.21,1.9403,620,0,4004,6.42691,520,0,3000.81,1.30841,435,0,2000.46,0.54198,151.233,0,1004.69,7.53859,520,0
4.50852,5001.21,1.94464,620,0,4004.02,6.44129,520,0,3000.82,1.31134,435,0,2000.46,0.543042,151.667,0,1004.71,7.55546,520,0
4.51859,5001.22,1.94898,620,0,4004.03,6.45567,520,0,3000.82,1.31427,435,0,2000.46,0.544107,152.1,0,1004.73,7.57232,520,0
4.52866,5001.22,1.95333,620,0,4004.05,6.47005,520,0,3000.83,1.3172,435,0,2000.46,0.545175,152.533,0,1004.75,7.58919,520,0
4.53873,5001.23,1.95767,620,0,4004.07,6.48442,520,0,3000.83,1.32012,435,0,2000.46,0.546246,152.967,0,1004.77,7.60605,520,0
4.5488,5001.23,1.96201,620,0,4004.09,6.4988,520,0,3000.83,1.32305,435,0,2000.46,0.54732,153.4,0,1004.8,7.62292,520,0
4.55887,5001.24,1.96635,620,0,4004.11,6.51318,520,0,3000.84,1.32598,435,0,2000.46,0.548397,153.833,0,1004.82,7.63978,520,0
4.56894,5001.25,1.97069,620,0,4004.13,6.52756,520,0,3000.84,1.3289,435,0,2000.47,0.549477,154.267,0,1004.84,7.65665,520,0
4.579,5001.25,1.97503,620,0,4004.14,6.54194,520,0,3000.84,1.33183,435,0,2000.47,0.55056,154.7,0,1004.86,7.67351,520,0
4.58907,5001.26,1.97937,620,0,4004.16,6.55631,520,0,3000.85,1.33476,435,0,2000.47,0.551646,155.133,0,1004.88,7.69038,520,0
4.59913,5001.26,1.98371,620,0,4004.18,6.57069,520,0,3000.85,1.33769,435,0,2000.47,0.552735,155.567,0,1004.9,7.70724,520,0
4.60921,5001.27,1.98805,620,0,4004.2,6.58507,520,0,3000.85,1.34061,435,0,2000.47,0.553827,156,0,1004.92,7.72411,520,0
4.61928,5001.27,1.99239,620,0,4004.22,6.59945,520,0,3000.86,1.34354,435,0,2000.47,0.554923,156.433,0,1004.95,7.74097,520,0
4.62935,5001.28,1.99673,620,0,4004.23,6.61382,520,0,3000.86,1.34647,435,0,2000.47,0.556021,156.867,0,1004.97,7.75784,520,0
4.63941,5001.28,2.00107,620,0,4004.25,6.6282,520,0,3000.87,1.34939,435,0,2000.48,0.557122,157.3,0,1004.99,7.7747,520,0
4.64948,5001.29,2.00541,620,0,4004.27,6.64258,520,0,3000.87,1.35232,435,0,2000.48,0.558227,157.733,0,1005.01,7.79157,520,0
4.65972,5001.3,2.00975,620,0,4004.29,6.65696,520,0,3000.87,1.35525,435,0,2000.48,0.559334,158.167,0,1005.03,7.80843,520,0
4.66979,5001.3,2.0141,620,0,4004.31,6.67134,520,0,3000.88,1.35818,435,0,2000.48,0.560444,158.6,0,1005.05,7.8253,520,0
4.67985,5001.31,2.01844,620,0,4004.33,6.68571,520,0,3000.88,1.3611,435,0,2000.48,0.561558,159.033,0,1005.08,7.84216,520,0
4.68993,5001.31,2.02278,620,0,4004.35,6.70009,520,0,3000.88,1.36403,435,0,2000.48,0.562674,159.467,0,1005.1,7.85903,520,0
4.7,5001.32,2.02712,620,0,4004.36,6.71447,520,0,3000.89,1.36696,435,0,2000.49,0.563794,159.9,0,1005.12,7.87589,520,0
4.71007,5001.32,2.03146,620,0,4004.38,6.72885,520,0,3000.89,1.36988,435,0,2000.49,0.564916,160.333,0,1005.14,7.89276,520,0
4.72013,5001.33,2.0358,620,0,4004.4,6.74323,520,0,3000.9,1.37281,435,0,2000.49,0.566042,160.767,0,1005.16,7.90962,520,0
4.7302,5001.33,2.04014,620,0,4004.42,6.7576,520,0,3000.9,1.37574,435,0,2000.49,0.56717,161.2,0,1005.19,7.92649,520,0
4.74026,5001.34,2.04448,620,0,4004.44,6.77198,520,0,3000.9,1.37867,435,0,2000.49,0.568302,161.633,0,1005.21,7.94335,520,0
4.75034,5001.35,2.04882,620,0,4004.46,6.78636,520,0,3000.91,1.38159,435,0,2000.49,0.569437,162.067,0,1005.23,7.96022,520,0
4.76041,5001.35,2.05316,620,0,4004.48,6.80074,520,0,3000.91,1.38452,435,0,2000.5,0.570571,162.067,0,1005.25,7.97708,520,0
4.77048,5001.36,2.0575,620,0,4004.5,6.81512,520,0,3000.92,1.38745,435,0,2000.5,0.571709,162.5,0,1005.27,7.99395,520,0
4.78055,5001.36,2.06184,620,0,4004.52,6.82949,520,0,3000.92,1.39037,435,0,2000.5,0.57285,162.933,0,1005.3,8.01081,520,0
4.79063,5001.37,2.06618,620,0,4004.53,6.84387,520,0,3000.92,1.3933,435,0,2000.5,0.573993,163.367,0,1005.32,8.02768,520,0
4.8007,5001.37,2.07052,620,0,4004.55,6.85825,520,0,3000.93,1.39623,435,0,2000.5,0.57514,163.8,0,1005.34,8.04454,520,0
4.81078,5001.38,2.07487,620,0,4004.57,6.87263,520,0,3000.93,1.39916,435,0,2000.5,0.57629,164.233,0,1005.36,8.0614,520,0
4.82085,5001.39,2.07921,620,0,4004.59,6.887,520,0,3000.93,1.40208,435,0,2000.5,0.577443,164.667,0,1005.39,8.07827,520,0
4.83092,5001.39,2.08355,620,0,4004.61,6.90138,520,0,3000.94,1.40501,435,0,2000.51,0.578599,165.1,0,1005.41,8.09513,520,0
4.841,5001.4,2.08789,620,0,4004.63,6.91576,520,0,3000.94,1.40794,435,0,2000.51,0.579758,165.533,0,1005.43,8.112,520,0
4.85108,5001.4,2.09223,620,0,4004.65,6.93014,520,0,3000.95,1.41086,435,0,2000.51,0.58092,165.967,0,1005.45,8.12886,520,0
4.86114,5001.41,2.09657,620,0,4004.67,6.94452,520,0,3000.95,1.41379,435,0,2000.51,0.582085,166.4,0,1005.48,8.14573,520,0
4.87121,5001.42,2.10091,620,0,4004.69,6.95889,520,0,3000.95,1.41672,435,0,2000.51,0.583253,166.833,0,1005.5,8.16259,520,0
4.88128,5001.42,2.10525,620,0,4004.71,6.97327,520,0,3000.96,1.41964,435,0,2000.51,0.584424,167.267,0,1005.52,8.17946,520,0
4.8913,5001.43,2.10959,620,0,4004.73,6.98765,520,0,3000.96,1.42257,435,0,2000.52,0.585598,167.7,0,1005.54,8.19632,520,0
4.90137,5001.43,2.11393,620,0,4004.75,7.00203,520,0,3000.97,1.4255,435,0,2000.52,0.586775,168.133,0,1005.57,8.21319,520,0
4.91144,5001.44,2.11827,620,0,4004.77,7.01641,520,0,3000.97,1.42843,435,0,2000.52,0.587955,168.567,0,1005.59,8.23005,520,0
4.92152,5001.44,2.12261,620,0,4004.78,7.03078,520,0,3000.97,1.43135,435,0,2000.52,0.589138,169,0,1005.61,8.24692,520,0
4.93159,5001.45,2.12695,620,0,4004.8,7.04516,520,0,3000.98,1.43428,435,0,2000.52,0.590325,169.433,0,1005.64,8.26378,520,0
4.94166,5001.46,2.1313,620,0,4004.82,7.05954,520,0,3000.98,1.43721,435,0,2000.52,0.591514,169.867,0,1005.66,8.28065,520,0
4.95173,5001.46,2.13564,620,0,4004.84,7.07392,520,0,3000.99,1.44013,435,0,2000.53,0.592706,170.3,0,1005.68,8.29751,520,0
4.96199,5001.47,2.13998,620,0,4004.86,7.08829,520,0,3000.99,1.44306,435,0,2000.53,0.593901,170.733,0,1005.7,8.31438,520,0
4.97206,5001.47,2.14432,620,0,4004.88,7.10267,520,0,3000.99,1.44599,435,0,2000.53,0.5951,171.167,0,1005.73,8.33124,520,0
4.98213,5001.48,2.14866,620,0,4004.9,7.11705,520,0,3001,1.44892,435,0,2000.53,0.596301,171.6,0,1005.75,8.34811,520,0
4.99223,5001.49,2.153,620,0,4004.92,7.13143,520,0,3001,1.45184,435,0,2000.53,0.597506,172.033,0,1005.77,8.36497,520,0
5.00229,5001.49,2.15734,620,0,4004.94,7.14581,520,0,3001.01,1.45477,435,0,2000.53,0.598713,172.466,0,1005.8,8.38184,520,0
5.01237,5001.5,2.16168,620,0,4004.96,7.16018,520,0,3001.01,1.4577,435,0,2000.54,0.599924,172.9,0,1005.82,8.3987,520,0
5.02244,5001.5,2.16602,620,0,4004.98,7.17456,520,0,3001.01,1.46062,435,0,2000.54,0.601137,173.333,0,1005.84,8.41557,520,0
5.0325,5001.51,2.17036,620,0,4005,7.18894,520,0,3001.02,1.46355,435,0,2000.54,0.602354,173.766,0,1005.87,8.43243,520,0
5.04257,5001.52,2.1747,620,0,4005.02,7.20332,520,0,3001.02,1.46648,435,0,2000.54,0.603573,174.2,0,1005.89,8.4493,520,0
5.05264,5001.52,2.17904,620,0,4005.04,7.2177,520,0,3001.03,1.46941,435,0,2000.54,0.604796,174.633,0,1005.91,8.46616,520,0
5.06272,5001.53,2.18338,620,0,4005.06,7.23207,520,0,3001.03,1.47233,435,0,2000.54,0.606022,175.066,0,1005.94,8.48303,520,0
5.0728,5001.53,2.18772,620,0,4005.08,7.24645,520,0,3001.03,1.47526,435,0,2000.55,0.60725,175.5,0,1005.96,8.49989,520,0
5.08287,5001.54,2.19207,620,0,4005.1,7.26083,520,0,3001.04,1.47819,435,0,2000.55,0.608482,175.933,0,1005.99,8.51676,520,0
5.09297,5001.55,2.19641,620,0,4005.12,7.27521,520,0,3001.04,1.48111,435,0,2000.55,0.609717,176.366,0,1006.01,8.53362,520,0
5.10303,5001.55,2.20075,620,0,4005.14,7.28959,520,0,3001.05,1.48404,435,0,2000.55,0.610955,176.8,0,1006.03,8.55049,520,0
5.11311,5001.56,2.20509,620,0,4005.16,7.30396,520,0,3001.05,1.48697,435,0,2000.55,0.612195,177.233,0,1006.06,8.56735,520,0
5.12317,5001.57,2.20943,620,0,4005.18,7.31834,520,0,3001.06,1.4899,435,0,2000.55,0.613439,177.666,0,1006.08,8.58422,520,0
5.13325,5001.57,2.21377,620,0,4005.2,7.33272,520,0,3001.06,1.49282,435,0,2000.56,0.614686,178.1,0,1006.1,8.60108,520,0
5.14333,5001.58,2.21811,620,0,4005.22,7.3471,520,0,3001.06,1.49575,435,0,2000.56,0.615936,178.533,0,1006.13,8.61795,520,0
5.15341,5001.58,2.22245,620,0,4005.25,7.36147,520,0,3001.07,1.49868,435,0,2000.56,0.617189,178.966,0,1006.15,8.63481,520,0
5.16348,5001.59,2.22679,620,0,4005.27,7.37585,520,0,3001.07,1.5016,435,0,2000.56,0.618445,179.4,0,1006.18,8.65168,520,0
5.17355,5001.6,2.23113,620,0,4005.29,7.39023,520,0,3001.08,1.50453,435,0,2000.56,0.619704,179.833,0,1006.2,8.66854,520,0
5.18362,5001.6,2.23547,620,0,4005.31,7.40461,520,0,3001.08,1.50746,435,0,2000.56,0.620966,180.266,0,1006.22,8.6854,520,0
5.19373,5001.61,2.23981,620,0,4005.33,7.41899,520,0,3001.08,1.51038,435,0,2000.57,0.622231,180.7,0,1006.25,8.70227,520,0
5.2039,5001.61,2.24415,620,0,4005.35,7.43336,520,0,3001.09,1.51331,435,0,2000.57,0.6235,181.133,0,1006.27,8.71913,520,0
5.21408,5001.62,2.24849,620,0,4005.37,7.44774,520,0,3001.09,1.51624,435,0,2000.57,0.624771,181.566,0,1006.3,8.736,520,0
5.22415,5001.63,2.25284,620,0,4005.39,7.46212,520,0,3001.1,1.51917,435,0,2000.57,0.626045,182,0,1006.32,8.75286,520,0
5.23422,5001.63,2.25718,620,0,4005.41,7.4765,520,0,3001.1,1.52209,435,0,2000.57,0.627322,182.433,0,1006.35,8.76973,520,0
5.2443,5001.64,2.26152,620,0,4005.43,7.49088,520,0,3001.11,1.52502,435,0,2000.58,0.628602,182.866,0,1006.37,8.78659,520,0
5.25437,5001.65,2.26586,620,0,4005.45,7.50525,520,0,3001.11,1.52795,435,0,2000.58,0.629886,183.3,0,1006.39,8.80346,520,0
5.26444,5001.65,2.2702,620,0,4005.47,7.51963,520,0,3001.11,1.53087,435,0,2000.58,0.631172,183.733,0,1006.42,8.82032,520,0
5.27506,5001.66,2.27454,620,0,4005.49,7.53401,520,0,3001.12,1.5338,435,0,2000.58,0.632461,184.166,0,1006.44,8.83719,520,0
5.28513,5001.66,2.27888,620,0,4005.51,7.54839,520,0,3001.12,1.53673,435,0,2000.58,0.633754,184.6,0,1006.47,8.85405,520,0
5.29521,5001.67,2.28322,620,0,4005.54,7.56276,520,0,3001.13,1.53966,435,0,2000.58,0.635049,185.033,0,1006.49,8.87092,520,0
5.3053,5001.68,2.28756,620,0,4005.56,7.57714,520,0,3001.13,1.54258,435,0,2000.59,0.636348,185.466,0,1006.52,8.88778,520,0
5.31537,5001.68,2.2919,620,0,4005.58,7.59152,520,0,3001.14,1.54551,435,0,2000.59,0.637649,185.9,0,1006.54,8.90465,520,0
5.32545,5001.69,2.29624,620,0,4005.6,7.6059,520,0,3001.14,1.54844,435,0,2000.59,0.638954,186.333,0,1006.57,8.92151,520,0
5.33552,5001.7,2.30058,620,0,4005.62,7.62028,520,0,3001.14,1.55136,435,0,2000.59,0.640261,186.766,0,1006.59,8.93838,520,0
5.34559,5001.7,2.30492,620,0,4005.64,7.63465,520,0,3001.15,1.55429,435,0,2000.59,0.641572,187.2,0,1006.62,8.95524,520,0
5.35566,5001.71,2.30926,620,0,4005.66,7.64903,520,0,3001.15,1.55722,435,0,2000.59,0.642886,187.633,0,1006.64,8.97211,520,0
5.36573,5001.72,2.31361,620,0,4005.68,7.66341,520,0,3001.16,1.56015,435,0,2000.6,0.644202,188.066,0,1006.67,8.98897,520,0
5.3758,5001.72,2.31795,620,0,4005.71,7.67779,520,0,3001.16,1.56307,435,0,2000.6,0.645522,188.5,0,1006.69,9.00584,520,0
5.38588,5001.73,2.32229,620,0,4005.73,7.69217,520,0,3001.17,1.566,435,0,2000.6,0.646845,188.933,0,1006.72,9.0227,520,0
5.39596,5001.74,2.32663,620,0,4005.75,7.70654,520,0,3001.17,1.56893,435,0,2000.6,0.648171,189.366,0,1006.74,9.03957,520,0
5.40602,5001.74,2.33097,620,0,4005.77,7.72092,520,0,3001.17,1.57185,435,0,2000.6,0.649499,189.8,0,1006.77,9.05643,520,0
5.41609,5001.75,2.33531,620,0,4005.79,7.7353,520,0,3001.18,1.57478,435,0,2000.61,0.650831,190.233,0,1006.79,9.0733,520,0
5.42617,5001.75,2.33965,620,0,4005.81,7.74968,520,0,3001.18,1.57771,435,0,2000.61,0.652166,190.666,0,1006.82,9.09016,520,0
5.43624,5001.76,2.34399,620,0,4005.83,7.76406,520,0,3001.19,1.58064,435,0,2000.61,0.653504,191.1,0,1006.84,9.10703,520,0
5.44632,5001.77,2.34833,620,0,4005.86,7.77843,520,0,3001.19,1.58356,435,0,2000.61,0.654845,191.533,0,1006.87,9.12389,520,0
5.45709,5001.77,2.35267,620,0,4005.88,7.79281,520,0,3001.2,1.58649,435,0,2000.61,0.656189,191.966,0,1006.89,9.14076,520,0
5.46716,5001.78,2.35701,620,0,4005.9,7.80719,520,0,3001.2,1.58942,435,0,2000.61,0.657536,192.4,0,1006.92,9.15762,520,0
5.47723,5001.79,2.36135,620,0,4005.92,7.82157,520,0,3001.21,1.59234,435,0,2000.62,0.658886,192.833,0,1006.94,9.17449,520,0
5.4873,5001.79,2.36569,620,0,4005.94,7.83594,520,0,3001.21,1.59527,435,0,2000.62,0.660239,193.266,0,1006.97,9.19135,520,0
5.49907,5001.8,2.37003,620,0,4005.96,7.85032,520,0,3001.21,1.5982,435,0,2000.62,0.661595,193.7,0,1007,9.20822,520,0
5.50915,5001.81,2.37438,620,0,4005.99,7.8647,520,0,3001.22,1.60113,435,0,2000.62,0.662955,194.133,0,1007.02,9.22508,520,0
5.52105,5001.81,2.37872,620,0,4006.01,7.87908,520,0,3001.22,1.60405,435,0,2000.62,0.66432,195,0,1007.05,9.24195,520,0
5.53112,5001.82,2.38306,620,0,4006.03,7.89346,520,0,3001.23,1.60698,435,0,2000.63,0.665688,195.433,0,1007.07,9.25881,520,0
5.54118,5001.83,2.3874,620,0,4006.05,7.90783,520,0,3001.23,1.60991,435,0,2000.63,0.667059,195.866,0,1007.1,9.27568,520,0
5.55125,5001.83,2.39174,620,0,4006.07,7.92221,520,0,3001.24,1.61283,435,0,2000.63,0.668434,196.3,0,1007.12,9.29254,520,0
5.56132,5001.84,2.39608,620,0,4006.1,7.93659,520,0,3001.24,1.61576,435,0,2000.63,0.669811,196.733,0,1007.15,9.3094,520,0
5.5714,5001.85,2.40042,620,0,4006.12,7.95097,520,0,3001.25,1.61869,435,0,2000.63,0.671191,197.166,0,1007.18,9.32627,520,0
5.58148,5001.85,2.40476,620,0,4006.14,7.96535,520,0,3001.25,1.62161,435,0,2000.63,0.672575,197.6,0,1007.2,9.34313,520,0
5.59155,5001.86,2.4091,620,0,4006.16,7.97972,520,0,3001.25,1.62454,435,0,2000.64,0.673961,198.033,0,1007.23,9.36,520,0
5.60197,5001.87,2.41344,620,0,4006.18,7.9941,520,0,3001.26,1.62747,435,0,2000.64,0.675351,198.466,0,1007.25,9.37686,520,0
5.61207,5001.87,2.41778,620,0,4006.21,8.00848,520,0,3001.26,1.6304,435,0,2000.64,0.676743,198.9,0,1007.28,9.39373,520,0
5.62214,5001.88,2.42212,620,0,4006.23,8.02286,520,0,3001.27,1.63332,435,0,2000.64,0.678139,199.333,0,1007.31,9.41059,520,0
5.63221,5001.89,2.42646,620,0,4006.25,8.03723,520,0,3001.27,1.63625,435,0,2000.64,0.679537,199.766,0,1007.33,9.42746,520,0
5.64228,5001.89,2.43081,620,0,4006.27,8.05161,520,0,3001.28,1.63918,435,0,2000.65,0.680939,200.199,0,1007.36,9.44432,520,0
5.65235,5001.9,2.43515,620,0,4006.3,8.06599,520,0,3001.28,1.6421,435,0,2000.65,0.682344,200.633,0,1007.38,9.46119,520,0
5.66242,5001.91,2.43949,620,0,4006.32,8.08037,520,0,3001.29,1.64503,435,0,2000.65,0.683751,201.066,0,1007.41,9.47805,520,0
5.67249,5001.91,2.44383,620,0,4006.34,8.09475,520,0,3001.29,1.64796,435,0,2000.65,0.685162,201.499,0,1007.44,9.49492,520,0
5.68257,5001.92,2.44817,620,0,4006.36,8.10912,520,0,3001.3,1.65089,435,0,2000.65,0.686576,201.933,0,1007.46,9.51178,520,0
5.69266,5001.93,2.45251,620,0,4006.39,8.1235,520,0,3001.3,1.65381,435,0,2000.66,0.687993,202.366,0,1007.49,9.52865,520,0
5.70273,5001.93,2.45685,620,0,4006.41,8.13788,520,0,3001.3,1.65674,435,0,2000.66,0.689413,202.799,0,1007.52,9.54551,520,0
5.7128,5001.94,2.46119,620,0,4006.43,8.15226,520,0,3001.31,1.65967,435,0,2000.66,0.690835,203.233,0,1007.54,9.56238,520,0
5.7229,5001.95,2.46553,620,0,4006.45,8.16664,520,0,3001.31,1.66259,435,0,2000.66,0.692261,203.666,0,1007.57,9.57924,520,0
5.73298,5001.96,2.46987,620,0,4006.48,8.18101,520,0,3001.32,1.66552,435,0,2000.66,0.69369,204.099,0,1007.6,9.59611,520,0
5.74306,5001.96,2.47421,620,0,4006.5,8.19539,520,0,3001.32,1.66845,435,0,2000.67,0.695122,204.533,0,1007.62,9.61297,520,0
5.75313,5001.97,2.47855,620,0,4006.52,8.20977,520,0,3001.33,1.67138,435,0,2000.67,0.696557,204.966,0,1007.65,9.62984,520,0
5.76322,5001.98,2.48289,620,0,4006.55,8.22415,520,0,3001.33,1.6743,435,0,2000.67,0.697995,205.399,0,1007.68,9.6467,520,0
5.77332,5001.98,2.48723,620,0,4006.57,8.23853,520,0,3001.34,1.67723,435,0,2000.67,0.699436,205.833,0,1007.7,9.66357,520,0
5.78339,5001.99,2.49158,620,0,4006.59,8.2529,520,0,3001.34,1.68016,435,0,2000.67,0.70088,206.266,0,1007.73,9.68043,520,0
5.79346,5002,2.49592,620,0,4006.61,8.26728,520,0,3001.35,1.68308,435,0,2000.68,0.702328,206.699,0,1007.76,9.6973,520,0
5.80369,5002,2.50026,620,0,4006.64,8.28166,520,0,3001.35,1.68601,435,0,2000.68,0.703778,207.133,0,1007.78,9.71416,520,0
5.81377,5002.01,2.5046,620,0,4006.66,8.29604,520,0,3001.36,1.68894,435,0,2000.68,0.705231,207.566,0,1007.81,9.73103,520,0
5.82384,5002.02,2.50894,620,0,4006.68,8.31041,520,0,3001.36,1.69187,435,0,2000.68,0.706687,207.999,0,1007.84,9.74789,520,0
5.83391,5002.02,2.51328,620,0,4006.71,8.32479,520,0,3001.37,1.69479,435,0,2000.68,0.708146,208.433,0,1007.87,9.76476,520,0
5.844,5002.03,2.51762,620,0,4006.73,8.33917,520,0,3001.37,1.69772,435,0,2000.68,0.709606,208.433,0,1007.89,9.78162,520,0
5.85407,5002.04,2.52196,620,0,4006.75,8.35355,520,0,3001.37,1.70065,435,0,2000.69,0.711068,208.866,0,1007.92,9.79849,520,0
5.86417,5002.05,2.5263,620,0,4006.78,8.36793,520,0,3001.38,1.70357,435,0,2000.69,0.712533,209.299,0,1007.95,9.81535,520,0
5.87425,5002.05,2.53064,620,0,4006.8,8.3823,520,0,3001.38,1.7065,435,0,2000.69,0.714002,209.733,0,1007.98,9.83222,520,0
5.88433,5002.06,2.53498,620,0,4006.82,8.39668,520,0,3001.39,1.70943,435,0,2000.69,0.715473,210.166,0,1008,9.84908,520,0
5.89441,5002.07,2.53932,620,0,4006.85,8.41106,520,0,3001.39,1.71236,435,0,2000.69,0.716948,210.599,0,1008.03,9.86595,520,0
5.90448,5002.07,2.54366,620,0,4006.87,8.42544,520,0,3001.4,1.71528,435,0,2000.7,0.718425,211.033,0,1008.06,9.88281,520,0
5.91456,5002.08,2.548,620,0,4006.89,8.43982,520,0,3001.4,1.71821,435,0,2000.7,0.719906,211.466,0,1008.08,9.89967,520,0
5.92464,5002.09,2.55235,620,0,4006.92,8.45419,520,0,3001.41,1.72114,435,0,2000.7,0.721389,211.899,0,1008.11,9.91654,520,0
5.9347,5002.1,2.55669,620,0,4006.94,8.46857,520,0,3001.41,1.72406,435,0,2000.7,0.722876,212.333,0,1008.14,9.9334,520,0
5.94477,5002.1,2.56103,620,0,4006.96,8.48295,520,0,3001.42,1.72699,435,0,2000.7,0.724365,212.766,0,1008.17,9.95027,520,0
5.95484,5002.11,2.56537,620,0,4006.99,8.49733,520,0,3001.42,1.72992,435,0,2000.71,0.725858,213.199,0,1008.2,9.96713,520,0
5.96491,5002.12,2.56971,620,0,4007.01,8.5117,520,0,3001.43,1.73284,435,0,2000.71,0.727354,213.633,0,1008.22,9.984,520,0
5.97498,5002.12,2.57405,620,0,4007.03,8.52608,520,0,3001.43,1.73577,435,0,2000.71,0.728852,214.066,0,1008.25,10.0009,520,0
5.98509,5002.13,2.57839,620,0,4007.06,8.54046,520,0,3001.44,1.7387,435,0,2000.71,0.730354,214.499,0,1008.28,10.0177,520,0
5.99516,5002.14,2.58273,620,0,4007.08,8.55484,520,0,3001.44,1.74163,435,0,2000.71,0.731859,214.933,0,1008.31,10.0346,520,0
6.00523,5002.15,2.58707,620,0,4007.11,8.56922,520,0,3001.45,1.74455,435,0,2000.72,0.733367,215.366,0,1008.33,10.0515,520,0
6.0153,5002.15,2.59141,620,0,4007.13,8.58359,520,0,3001.45,1.74748,435,0,2000.72,0.734878,215.799,0,1008.36,10.0683,520,0
6.02537,5002.16,2.59575,620,0,4007.15,8.59797,520,0,3001.46,1.75041,435,0,2000.72,0.736391,216.233,0,1008.39,10.0852,520,0
6.03543,5002.17,2.60009,620,0,4007.18,8.61235,520,0,3001.46,1.75333,435,0,2000.72,0.737908,216.666,0,1008.42,10.1021,520,0
6.0455,5002.17,2.60443,620,0,4007.2,8.62673,520,0,3001.47,1.75626,435,0,2000.73,0.739428,217.099,0,1008.45,10.1189,520,0
6.05558,5002.18,2.60877,620,0,4007.22,8.64111,520,0,3001.47,1.75919,435,0,2000.73,0.740951,217.533,0,1008.47,10.1358,520,0
6.06566,5002.19,2.61312,620,0,4007.25,8.65548,520,0,3001.48,1.76212,435,0,2000.73,0.742477,217.966,0,1008.5,10.1526,520,0
6.07572,5002.2,2.61746,620,0,4007.27,8.66986,520,0,3001.48,1.76504,435,0,2000.73,0.744006,218.399,0,1008.53,10.1695,520,0
6.08581,5002.2,2.6218,620,0,4007.3,8.68424,520,0,3001.49,1.76797,435,0,2000.73,0.745538,218.833,0,1008.56,10.1864,520,0
6.09588,5002.21,2.62614,620,0,4007.32,8.69862,520,0,3001.49,1.7709,435,0,2000.74,0.747074,219.266,0,1008.59,10.2032,520,0
6.10595,5002.22,2.63048,620,0,4007.35,8.713,520,0,3001.5,1.77382,435,0,2000.74,0.748612,219.699,0,1008.62,10.2201,520,0
6.11602,5002.22,2.63482,620,0,4007.37,8.72737,520,0,3001.5,1.77675,435,0,2000.74,0.750153,220.133,0,1008.64,10.237,520,0
6.12609,5002.23,2.63916,620,0,4007.39,8.74175,520,0,3001.51,1.77968,435,0,2000.74,0.751697,220.566,0,1008.67,10.2538,520,0
6.13616,5002.24,2.6435,620,0,4007.42,8.75613,520,0,3001.51,1.78261,435,0,2000.74,0.753244,220.999,0,1008.7,10.2707,520,0
6.14623,5002.25,2.64784,620,0,4007.44,8.77051,520,0,3001.52,1.78553,435,0,2000.75,0.754795,221.433,0,1008.73,10.2876,520,0
6.1563,5002.25,2.65218,620,0,4007.47,8.78488,520,0,3001.52,1.78846,435,0,2000.75,0.756348,221.866,0,1008.76,10.3044,520,0
6.16638,5002.26,2.65652,620,0,4007.49,8.79926,520,0,3001.53,1.79139,435,0,2000.75,0.757904,222.299,0,1008.79,10.3213,520,0
6.17645,5002.27,2.66086,620,0,4007.52,8.81364,520,0,3001.53,1.79431,435,0,2000.75,0.759464,222.733,0,1008.82,10.3382,520,0
6.18651,5002.28,2.6652,620,0,4007.54,8.82802,520,0,3001.54,1.79724,435,0,2000.75,0.761026,223.166,0,1008.84,10.355,520,0
6.19658,5002.28,2.66954,620,0,4007.57,8.8424,520,0,3001.54,1.80017,435,0,2000.76,0.762592,223.599,0,1008.87,10.3719,520,0
6.20665,5002.29,2.67389,620,0,4007.59,8.85677,520,0,3001.55,1.8031,435,0,2000.76,0.76416,224.033,0,1008.9,10.3888,520,0
6.21672,5002.3,2.67823,620,0,4007.61,8.87115,520,0,3001.55,1.80602,435,0,2000.76,0.765732,224.466,0,1008.93,10.4056,520,0
6.22679,5002.31,2.68257,620,0,4007.64,8.88553,520,0,3001.56,1.80895,435,0,2000.76,0.767306,224.899,0,1008.96,10.4225,520,0
6.23686,5002.31,2.68691,620,0,4007.66,8.89991,520,0,3001.56,1.81188,435,0,2000.76,0.768884,225.333,0,1008.99,10.4394,520,0
6.24698,5002.32,2.69125,620,0,4007.69,8.91429,520,0,3001.57,1.8148,435,0,2000.77,0.770464,225.766,0,1009.02,10.4562,520,0
6.25706,5002.33,2.69559,620,0,4007.71,8.92866,520,0,3001.57,1.81773,435,0,2000.77,0.772048,226.199,0,1009.05,10.4731,520,0
6.26713,5002.34,2.69993,620,0,4007.74,8.94304,520,0,3001.58,1.82066,435,0,2000.77,0.773635,226.633,0,1009.08,10.4899,520,0
6.2772,5002.34,2.70427,620,0,4007.76,8.95742,520,0,3001.58,1.82358,435,0,2000.77,0.775224,227.066,0,1009.11,10.5068,520,0
6.28726,5002.35,2.70861,620,0,4007.79,8.9718,520,0,3001.59,1.82651,435,0,2000.78,0.776817,227.499,0,1009.14,10.5237,520,0
6.29734,5002.36,2.71295,620,0,4007.81,8.98617,520,0,3001.59,1.82944,435,0,2000.78,0.778413,227.932,0,1009.16,10.5405,520,0
6.3074,5002.37,2.71729,620,0,4007.84,9.00055,520,0,3001.6,1.83237,435,0,2000.78,0.780012,228.366,0,1009.19,10.5574,520,0
6.31747,5002.37,2.72163,620,0,4007.86,9.01493,520,0,3001.6,1.83529,435,0,2000.78,0.781614,228.799,0,1009.22,10.5743,520,0
6.32754,5002.38,2.72597,620,0,4007.89,9.02931,520,0,3001.61,1.83822,435,0,2000.78,0.783219,229.232,0,1009.25,10.5911,520,0
6.33762,5002.39,2.73031,620,0,4007.91,9.04369,520,0,3001.61,1.84115,435,0,2000.79,0.784826,229.666,0,1009.28,10.608,520,0
6.34769,5002.4,2.73466,620,0,4007.94,9.05806,520,0,3001.62,1.84407,435,0,2000.79,0.786437,230.099,0,1009.31,10.6249,520,0
6.35777,5002.4,2.739,620,0,4007.96,9.07244,520,0,3001.62,1.847,435,0,2000.79,0.788051,230.532,0,1009.34,10.6417,520,0
6.36783,5002.41,2.74334,620,0,4007.99,9.08682,520,0,3001.63,1.84993,435,0,2000.79,0.789668,230.966,0,1009.37,10.6586,520,0
6.3779,5002.42,2.74768,620,0,4008.01,9.1012,520,0,3001.63,1.85286,435,0,2000.8,0.791289,231.399,0,1009.4,10.6755,520,0
6.38798,5002.43,2.75202,620,0,4008.04,9.11558,520,0,3001.64,1.85578,435,0,2000.8,0.792912,231.832,0,1009.43,10.6923,520,0
6.39811,5002.43,2.75636,620,0,4008.06,9.12995,520,0,3001.64,1.85871,435,0,2000.8,0.794538,232.266,0,1009.46,10.7092,520,0
6.40819,5002.44,2.7607,620,0,4008.09,9.14433,520,0,3001.65,1.86164,435,0,2000.8,0.796167,232.699,0,1009.49,10.7261,520,0
6.41826,5002.45,2.76504,620,0,4008.12,9.15871,520,0,3001.65,1.86456,435,0,2000.8,0.797799,233.132,0,1009.52,10.7429,520,0
6.42833,5002.46,2.76938,620,0,4008.14,9.17309,520,0,3001.66,1.86749,435,0,2000.81,0.799434,233.566,0,1009.55,10.7598,520,0
6.43839,5002.47,2.77372,620,0,4008.17,9.18747,520,0,3001.66,1.87042,435,0,2000.81,0.801073,233.999,0,1009.58,10.7766,520,0
6.44846,5002.47,2.77806,620,0,4008.19,9.20184,520,0,3001.67,1.87335,435,0,2000.81,0.802714,234.432,0,1009.61,10.7935,520,0
6.45853,5002.48,2.7824,620,0,4008.22,9.21622,520,0,3001.67,1.87627,435,0,2000.81,0.804358,234.866,0,1009.64,10.8104,520,0
6.46859,5002.49,2.78674,620,0,4008.24,9.2306,520,0,3001.68,1.8792,435,0,2000.82,0.806006,235.299,0,1009.67,10.8272,520,0
6.47867,5002.5,2.79109,620,0,4008.27,9.24498,520,0,3001.68,1.88213,435,0,2000.82,0.807656,235.732,0,1009.7,10.8441,520,0
6.48873,5002.5,2.79543,620,0,4008.29,9.25935,520,0,3001.69,1.88505,435,0,2000.82,0.809309,236.166,0,1009.73,10.861,520,0
6.4988,5002.51,2.79977,620,0,4008.32,9.27373,520,0,3001.69,1.88798,435,0,2000.82,0.810966,236.599,0,1009.76,10.8778,520,0
6.50888,5002.52,2.80411,620,0,4008.35,9.28811,520,0,3001.7,1.89091,435,0,2000.82,0.812625,237.032,0,1009.79,10.8947,520,0
6.51894,5002.53,2.80845,620,0,4008.37,9.30249,520,0,3001.7,1.89384,435,0,2000.83,0.814288,237.466,0,1009.82,10.9116,520,0
6.52901,5002.54,2.81279,620,0,4008.4,9.31687,520,0,3001.71,1.89676,435,0,2000.83,0.815954,237.899,0,1009.85,10.9284,520,0
6.53908,5002.54,2.81713,620,0,4008.42,9.33124,520,0,3001.71,1.89969,435,0,2000.83,0.817622,238.332,0,1009.88,10.9453,520,0
6.54916,5002.55,2.82147,620,0,4008.45,9.34562,520,0,3001.72,1.90262,435,0,2000.83,0.819294,238.766,0,1009.91,10.9622,520,0
6.55923,5002.56,2.82581,620,0,4008.48,9.36,520,0,3001.73,1.90554,435,0,2000.84,0.820968,239.199,0,1009.94,10.979,520,0
6.56929,5002.57,2.83015,620,0,4008.5,9.37438,520,0,3001.73,1.90847,435,0,2000.84,0.822646,239.632,0,1009.97,10.9959,520,0
6.57936,5002.57,2.83449,620,0,4008.53,9.38876,520,0,3001.74,1.9114,435,0,2000.84,0.824327,240.066,0,1010,11.0128,520,0
6.58943,5002.58,2.83883,620,0,4008.55,9.40313,520,0,3001.74,1.91433,435,0,2000.84,0.826011,240.499,0,1010.03,11.0296,520,0
6.59951,5002.59,2.84317,620,0,4008.58,9.41751,520,0,3001.75,1.91725,435,0,2000.84,0.827697,240.932,0,1010.06,11.0465,520,0
6.60958,5002.6,2.84751,620,0,4008.61,9.43189,520,0,3001.75,1.92018,435,0,2000.85,0.829387,241.366,0,1010.1,11.0634,520,0
6.61965,5002.61,2.85186,620,0,4008.63,9.44627,520,0,3001.76,1.92311,435,0,2000.85,0.83108,241.799,0,1010.13,11.0802,520,0
6.62973,5002.61,2.8562,620,0,4008.66,9.46064,520,0,3001.76,1.92603,435,0,2000.85,0.832776,242.232,0,1010.16,11.0971,520,0
6.63983,5002.62,2.86054,620,0,4008.69,9.47502,520,0,3001.77,1.92896,435,0,2000.85,0.834475,242.666,0,1010.19,11.1139,520,0
6.6499,5002.63,2.86488,620,0,4008.71,9.4894,520,0,3001.77,1.93189,435,0,2000.86,0.836177,243.099,0,1010.22,11.1308,520,0
6.65996,5002.64,2.86922,620,0,4008.74,9.50378,520,0,3001.78,1.93481,435,0,2000.86,0.837882,243.532,0,1010.25,11.1477,520,0
6.67003,5002.65,2.87356,620,0,4008.76,9.51816,520,0,3001.78,1.93774,435,0,2000.86,0.83959,243.966,0,1010.28,11.1645,520,0
6.6801,5002.65,2.8779,620,0,4008.79,9.53253,520,0,3001.79,1.94067,435,0,2000.86,0.841301,244.399,0,1010.31,11.1814,520,0
6.69017,5002.66,2.88224,620,0,4008.82,9.54691,520,0,3001.8,1.9436,435,0,2000.87,0.843015,244.832,0,1010.34,11.1983,520,0
6.70048,5002.67,2.88658,620,0,4008.84,9.56129,520,0,3001.8,1.94652,435,0,2000.87,0.844732,245.266,0,1010.37,11.2151,520,0
6.71055,5002.68,2.89092,620,0,4008.87,9.57567,520,0,3001.81,1.94945,435,0,2000.87,0.846453,245.699,0,1010.41,11.232,520,0
6.72063,5002.69,2.89526,620,0,4008.9,9.59005,520,0,3001.81,1.95238,435,0,2000.87,0.848176,246.132,0,1010.44,11.2489,520,0
6.7307,5002.69,2.8996,620,0,4008.92,9.60442,520,0,3001.82,1.9553,435,0,2000.88,0.849902,246.566,0,1010.47,11.2657,520,0
6.74106,5002.7,2.90394,620,0,4008.95,9.6188,520,0,3001.82,1.95823,435,0,2000.88,0.851631,246.999,0,1010.5,11.2826,520,0
6.75113,5002.71,2.90828,620,0,4008.98,9.63318,520,0,3001.83,1.96116,435,0,2000.88,0.853364,247.432,0,1010.53,11.2995,520,0
6.76121,5002.72,2.91263,620,0,4009,9.64756,520,0,3001.83,1.96409,435,0,2000.88,0.855099,247.866,0,1010.56,11.3163,520,0
6.77127,5002.73,2.91697,620,0,4009.03,9.66194,520,0,3001.84,1.96701,435,0,2000.88,0.856837,248.299,0,1010.59,11.3332,520,0
6.78135,5002.73,2.92131,620,0,4009.06,9.67631,520,0,3001.84,1.96994,435,0,2000.89,0.858579,248.732,0,1010.62,11.3501,520,0
6.79141,5002.74,2.92565,620,0,4009.09,9.69069,520,0,3001.85,1.97287,435,0,2000.89,0.860323,249.166,0,1010.66,11.3669,520,0
6.80148,5002.75,2.92999,620,0,4009.11,9.70507,520,0,3001.86,1.97579,435,0,2000.89,0.862071,249.599,0,1010.69,11.3838,520,0
6.81155,5002.76,2.93433,620,0,4009.14,9.71945,520,0,3001.86,1.97872,435,0,2000.89,0.863821,250.032,0,1010.72,11.4006,520,0
6.82163,5002.77,2.93867,620,0,4009.17,9.73382,520,0,3001.87,1.98165,435,0,2000.9,0.865575,250.466,0,1010.75,11.4175,520,0
6.8317,5002.78,2.94301,620,0,4009.19,9.7482,520,0,3001.87,1.98458,435,0,2000.9,0.867331,250.899,0,1010.78,11.4344,520,0
6.84177,5002.78,2.94735,620,0,4009.22,9.76258,520,0,3001.88,1.9875,435,0,2000.9,0.869091,251.332,0,1010.82,11.4512,520,0
6.85184,5002.79,2.95169,620,0,4009.25,9.77696,520,0,3001.88,1.99043,435,0,2000.9,0.870854,251.766,0,1010.85,11.4681,520,0
6.86192,5002.8,2.95603,620,0,4009.27,9.79134,520,0,3001.89,1.99336,435,0,2000.91,0.872619,252.199,0,1010.88,11.485,520,0
6.87199,5002.81,2.96037,620,0,4009.3,9.80571,520,0,3001.89,1.99628,435,0,2000.91,0.874388,252.632,0,1010.91,11.5018,520,0
6.88206,5002.82,2.96471,620,0,4009.33,9.82009,520,0,3001.9,1.99921,435,0,2000.91,0.87616,253.066,0,1010.94,11.5187,520,0
6.89214,5002.82,2.96905,620,0,4009.36,9.83447,520,0,3001.9,2.00214,435,0,2000.91,0.877935,253.499,0,1010.97,11.5356,520,0
6.90221,5002.83,2.9734,620,0,4009.38,9.84885,520,0,3001.91,2.00507,435,0,2000.92,0.879712,253.932,0,1011.01,11.5524,520,0
6.91228,5002.84,2.97774,620,0,4009.41,9.86323,520,0,3001.92,2.00799,435,0,2000.92,0.881493,254.365,0,1011.04,11.5693,520,0
6.92236,5002.85,2.98208,620,0,4009.44,9.8776,520,0,3001.92,2.01092,435,0,2000.92,0.883277,254.799,0,1011.07,11.5862,520,0
6.93243,5002.86,2.98642,620,0,4009.47,9.89198,520,0,3001.93,2.01385,435,0,2000.92,0.885064,255.232,0,1011.1,11.603,520,0
6.9425,5002.87,2.99076,620,0,4009.49,9.90636,520,0,3001.93,2.01677,435,0,2000.93,0.886854,255.665,0,1011.14,11.6199,520,0
6.9527,5002.87,2.9951,620,0,4009.52,9.92074,520,0,3001.94,2.0197,435,0,2000.93,0.888647,256.099,0,1011.17,11.6368,520,0
6.96273,5002.88,2.99944,620,0,4009.55,9.93511,520,0,3001.94,2.02263,435,0,2000.93,0.890443,256.532,0,1011.2,11.6536,520,0
6.97279,5002.89,3.00378,620,0,4009.58,9.94949,520,0,3001.95,2.02556,435,0,2000.93,0.892242,256.965,0,1011.23,11.6705,520,0
6.98286,5002.9,3.00812,620,0,4009.6,9.96387,520,0,3001.96,2.02848,435,0,2000.94,0.894044,257.399,0,1011.27,11.6874,520,0
6.99293,5002.91,3.01246,620,0,4009.63,9.97825,520,0,3001.96,2.03141,435,0,2000.94,0.895849,257.832,0,1011.3,11.7042,520,0
7.003,5002.92,3.0168,620,0,4009.66,9.99263,520,0,3001.97,2.03434,435,0,2000.94,0.897657,258.265,0,1011.33,11.7211,520,0
7.01307,5002.92,3.02114,620,0,4009.69,10.007,520,0,3001.97,2.03726,435,0,2000.94,0.899469,258.699,0,1011.36,11.7379,520,0
7.02314,5002.93,3.02548,620,0,4009.72,10.0214,520,0,3001.98,2.04019,435,0,2000.95,0.901283,259.132,0,1011.4,11.7548,520,0
7.03321,5002.94,3.02982,620,0,4009.74,10.0358,520,0,3001.98,2.04312,435,0,2000.95,0.9031,259.565,0,1011.43,11.7717,520,0
7.04336,5002.95,3.03417,620,0,4009.77,10.0501,520,0,3001.99,2.04604,435,0,2000.95,0.90492,259.999,0,1011.46,11.7885,520,0
7.05343,5002.96,3.03851,620,0,4009.8,10.0645,520,0,3001.99,2.04897,435,0,2000.95,0.906744,260.432,0,1011.49,11.8054,520,0
7.0635,5002.97,3.04285,620,0,4009.83,10.0789,520,0,3002,2.0519,435,0,2000.96,0.90857,260.865,0,1011.53,11.8223,520,0
7.07377,5002.98,3.04719,620,0,4009.85,10.0933,520,0,3002.01,2.05483,435,0,2000.96,0.9104,261.299,0,1011.56,11.8391,520,0
7.08384,5002.98,3.05153,620,0,4009.88,10.1076,520,0,3002.01,2.05775,435,0,2000.96,0.912232,261.732,0,1011.59,11.856,520,0
7.09391,5002.99,3.05587,620,0,4009.91,10.122,520,0,3002.02,2.06068,435,0,2000.96,0.914067,262.165,0,1011.63,11.8729,520,0
7.10507,5003,3.06021,620,0,4009.94,10.1364,520,0,3002.02,2.06361,435,0,2000.97,0.915906,262.599,0,1011.66,11.8897,520,0
7.11514,5003.01,3.06455,620,0,4009.97,10.1508,520,0,3002.03,2.06653,435,0,2000.97,0.917747,263.032,0,1011.69,11.9066,520,0
7.12521,5003.02,3.06889,620,0,4010,10.1652,520,0,3002.03,2.06946,435,0,2000.97,0.919592,263.465,0,1011.72,11.9235,520,0
7.13531,5003.03,3.07323,620,0,4010.02,10.1795,520,0,3002.04,2.07239,435,0,2000.97,0.92144,263.899,0,1011.76,11.9403,520,0
7.14538,5003.03,3.07757,620,0,4010.05,10.1939,520,0,3002.05,2.07532,435,0,2000.98,0.92329,264.332,0,1011.79,11.9572,520,0
7.15545,5003.04,3.08191,620,0,4010.08,10.2083,520,0,3002.05,2.07824,435,0,2000.98,0.925144,264.765,0,1011.82,11.9741,520,0
7.16551,5003.05,3.08625,620,0,4010.11,10.2227,520,0,3002.06,2.08117,435,0,2000.98,0.927001,265.199,0,1011.86,11.9909,520,0
7.17559,5003.06,3.09059,620,0,4010.14,10.2371,520,0,3002.06,2.0841,435,0,2000.98,0.92886,265.632,0,1011.89,12.0078,520,0
7.18566,5003.07,3.09494,620,0,4010.17,10.2514,520,0,3002.07,2.08702,435,0,2000.99,0.930723,266.065,0,1011.92,12.0246,520,0
7.19573,5003.08,3.09928,620,0,4010.19,10.2658,520,0,3002.08,2.08995,435,0,2000.99,0.932589,266.499,0,1011.96,12.0415,520,0
7.20579,5003.09,3.10362,620,0,4010.22,10.2802,520,0,3002.08,2.09288,435,0,2000.99,0.934458,266.932,0,1011.99,12.0584,520,0
7.2159,5003.1,3.10796,620,0,4010.25,10.2946,520,0,3002.09,2.09581,435,0,2000.99,0.93633,267.366,0,1012.02,12.0752,520,0
7.22597,5003.1,3.1123,620,0,4010.28,10.3089,520,0,3002.09,2.09873,435,0,2001,0.938205,267.799,0,1012.06,12.0921,520,0
7.23605,5003.11,3.11664,620,0,4010.31,10.3233,520,0,3002.1,2.10166,435,0,2001,0.940082,268.232,0,1012.09,12.109,520,0
7.24613,5003.12,3.12098,620,0,4010.34,10.3377,520,0,3002.1,2.10459,435,0,2001,0.941963,268.666,0,1012.13,12.1258,520,0
7.2562,5003.13,3.12532,620,0,4010.37,10.3521,520,0,3002.11,2.10751,435,0,2001,0.943847,269.099,0,1012.16,12.1427,520,0
7.26627,5003.14,3.12966,620,0,4010.4,10.3665,520,0,3002.12,2.11044,435,0,2001.01,0.945735,269.532,0,1012.19,12.1596,520,0
7.27634,5003.15,3.134,620,0,4010.42,10.3808,520,0,3002.12,2.11337,435,0,2001.01,0.947625,269.966,0,1012.23,12.1764,520,0
7.2864,5003.16,3.13834,620,0,4010.45,10.3952,520,0,3002.13,2.1163,435,0,2001.01,0.949518,270.399,0,1012.26,12.1933,520,0
7.29647,5003.16,3.14268,620,0,4010.48,10.4096,520,0,3002.13,2.11922,435,0,2001.02,0.951414,270.832,0,1012.29,12.2102,520,0
7.30654,5003.17,3.14702,620,0,4010.51,10.424,520,0,3002.14,2.12215,435,0,2001.02,0.953313,271.266,0,1012.33,12.227,520,0
7.31662,5003.18,3.15137,620,0,4010.54,10.4383,520,0,3002.15,2.12508,435,0,2001.02,0.955215,271.699,0,1012.36,12.2439,520,0
7.32669,5003.19,3.15571,620,0,4010.57,10.4527,520,0,3002.15,2.128,435,0,2001.02,0.95712,272.132,0,1012.4,12.2608,520,0
7.33677,5003.2,3.16005,620,0,4010.6,10.4671,520,0,3002.16,2.13093,435,0,2001.03,0.959029,272.566,0,1012.43,12.2776,520,0
7.34684,5003.21,3.16439,620,0,4010.63,10.4815,520,0,3002.16,2.13386,435,0,2001.03,0.96094,272.999,0,1012.47,12.2945,520,0
7.35692,5003.22,3.16873,620,0,4010.66,10.4959,520,0,3002.17,2.13678,435,0,2001.03,0.962854,273.432,0,1012.5,12.3114,520,0
7.36699,5003.23,3.17307,620,0,4010.69,10.5102,520,0,3002.18,2.13971,435,0,2001.03,0.964772,273.866,0,1012.53,12.3282,520,0
7.37707,5003.23,3.17741,620,0,4010.71,10.5246,520,0,3002.18,2.14264,435,0,2001.04,0.966692,274.299,0,1012.57,12.3451,520,0
7.38714,5003.24,3.18175,620,0,4010.74,10.539,520,0,3002.19,2.14557,435,0,2001.04,0.968616,274.732,0,1012.6,12.3619,520,0
7.39722,5003.25,3.18609,620,0,4010.77,10.5534,520,0,3002.19,2.14849,435,0,2001.04,0.970542,275.166,0,1012.64,12.3788,520,0
7.40729,5003.26,3.19043,620,0,4010.8,10.5677,520,0,3002.2,2.15142,435,0,2001.04,0.972472,275.599,0,1012.67,12.3957,520,0
7.41736,5003.27,3.19477,620,0,4010.83,10.5821,520,0,3002.21,2.15435,435,0,2001.05,0.974404,276.032,0,1012.71,12.4125,520,0
7.42743,5003.28,3.19911,620,0,4010.86,10.5965,520,0,3002.21,2.15727,435,0,2001.05,0.97634,276.466,0,1012.74,12.4294,520,0
7.4375,5003.29,3.20345,620,0,4010.89,10.6109,520,0,3002.22,2.1602,435,0,2001.05,0.978278,276.899,0,1012.77,12.4463,520,0
7.44757,5003.3,3.20779,620,0,4010.92,10.6253,520,0,3002.22,2.16313,435,0,2001.06,0.98022,277.332,0,1012.81,12.4631,520,0
7.45763,5003.31,3.21214,620,0,4010.95,10.6396,520,0,3002.23,2.16606,435,0,2001.06,0.982165,277.766,0,1012.84,12.48,520,0
7.46777,5003.31,3.21648,620,0,4010.98,10.654,520,0,3002.24,2.16898,435,0,2001.06,0.984112,278.199,0,1012.88,12.4969,520,0
7.47783,5003.32,3.22082,620,0,4011.01,10.6684,520,0,3002.24,2.17191,435,0,2001.06,0.986063,278.632,0,1012.91,12.5137,520,0
7.48791,5003.33,3.22516,620,0,4011.04,10.6828,520,0,3002.25,2.17484,435,0,2001.07,0.988017,279.066,0,1012.95,12.5306,520,0
7.49798,5003.34,3.2295,620,0,4011.07,10.6971,520,0,3002.25,2.17776,435,0,2001.07,0.989974,279.499,0,1012.98,12.5475,520,0
7.50805,5003.35,3.23384,620,0,4011.1,10.7115,520,0,3002.26,2.18069,435,0,2001.07,0.991934,279.932,0,1013.02,12.5643,520,0
7.51812,5003.36,3.23818,620,0,4011.13,10.7259,520,0,3002.27,2.18362,435,0,2001.07,0.993897,280.366,0,1013.05,12.5812,520,0
7.52819,5003.37,3.24252,620,0,4011.16,10.7403,520,0,3002.27,2.18655,435,0,2001.08,0.995862,280.799,0,1013.09,12.5981,520,0
7.53827,5003.38,3.24686,620,0,4011.19,10.7547,520,0,3002.28,2.18947,435,0,2001.08,0.997831,281.233,0,1013.12,12.6149,520,0
7.54835,5003.39,3.2512,620,0,4011.22,10.769,520,0,3002.28,2.1924,435,0,2001.08,0.999803,281.666,0,1013.16,12.6318,520,0
7.55842,5003.4,3.25554,620,0,4011.25,10.7834,520,0,3002.29,2.19533,435,0,2001.09,1.00178,282.099,0,1013.19,12.6486,520,0
7.56849,5003.4,3.25988,620,0,4011.28,10.7978,520,0,3002.3,2.19825,435,0,2001.09,1.00376,282.533,0,1013.23,12.6655,520,0
7.57857,5003.41,3.26422,620,0,4011.31,10.8122,520,0,3002.3,2.20118,435,0,2001.09,1.00574,282.966,0,1013.26,12.6824,520,0
7.58863,5003.42,3.26856,620,0,4011.34,10.8265,520,0,3002.31,2.20411,435,0,2001.09,1.00772,283.399,0,1013.3,12.6992,520,0
7.59869,5003.43,3.27291,620,0,4011.37,10.8409,520,0,3002.31,2.20704,435,0,2001.1,1.00971,283.833,0,1013.33,12.7161,520,0
7.60876,5003.44,3.27725,620,0,4011.4,10.8553,520,0,3002.32,2.20996,435,0,2001.1,1.0117,284.266,0,1013.37,12.733,520,0
7.61883,5003.45,3.28159,620,0,4011.43,10.8697,520,0,3002.33,2.21289,435,0,2001.1,1.01369,284.699,0,1013.41,12.7498,520,0
7.6289,5003.46,3.28593,620,0,4011.46,10.8841,520,0,3002.33,2.21582,435,0,2001.11,1.01569,285.133,0,1013.44,12.7667,520,0
7.63897,5003.47,3.29027,620,0,4011.49,10.8984,520,0,3002.34,2.21874,435,0,2001.11,1.01769,285.566,0,1013.48,12.7836,520,0
7.64909,5003.48,3.29461,620,0,4011.52,10.9128,520,0,3002.35,2.22167,435,0,2001.11,1.01969,285.999,0,1013.51,12.8004,520,0
7.65916,5003.49,3.29895,620,0,4011.55,10.9272,520,0,3002.35,2.2246,435,0,2001.11,1.0217,286.433,0,1013.55,12.8173,520,0
7.66922,5003.5,3.30329,620,0,4011.58,10.9416,520,0,3002.36,2.22753,435,0,2001.12,1.0237,286.866,0,1013.58,12.8342,520,0
7.6793,5003.51,3.30763,620,0,4011.61,10.9559,520,0,3002.36,2.23045,435,0,2001.12,1.02572,287.299,0,1013.62,12.851,520,0
7.68936,5003.51,3.31197,620,0,4011.64,10.9703,520,0,3002.37,2.23338,435,0,2001.12,1.02773,287.733,0,1013.65,12.8679,520,0
7.69943,5003.52,3.31631,620,0,4011.67,10.9847,520,0,3002.38,2.23631,435,0,2001.13,1.02975,288.166,0,1013.69,12.8848,520,0
7.70949,5003.53,3.32065,620,0,4011.7,10.9991,520,0,3002.38,2.23923,435,0,2001.13,1.03177,288.599,0,1013.73,12.9016,520,0
7.71956,5003.54,3.32499,620,0,4011.73,11.0135,520,0,3002.39,2.24216,435,0,2001.13,1.03379,289.033,0,1013.76,12.9185,520,0
7.72963,5003.55,3.32933,620,0,4011.76,11.0278,520,0,3002.39,2.24509,435,0,2001.13,1.03582,289.466,0,1013.8,12.9354,520,0
7.73969,5003.56,3.33368,620,0,4011.79,11.0422,520,0,3002.4,2.24801,435,0,2001.14,1.03785,289.899,0,1013.83,12.9522,520,0
7.74977,5003.57,3.33802,620,0,4011.82,11.0566,520,0,3002.41,2.25094,435,0,2001.14,1.03988,290.333,0,1013.87,12.9691,520,0
7.75979,5003.58,3.34236,620,0,4011.86,11.071,520,0,3002.41,2.25387,435,0,2001.14,1.04192,290.766,0,1013.91,12.9859,520,0
7.76988,5003.59,3.3467,620,0,4011.89,11.0853,520,0,3002.42,2.2568,435,0,2001.15,1.04395,291.199,0,1013.94,13.0028,520,0
7.77994,5003.6,3.35104,620,0,4011.92,11.0997,520,0,3002.43,2.25972,435,0,2001.15,1.046,291.633,0,1013.98,13.0197,520,0
7.79001,5003.61,3.35538,620,0,4011.95,11.1141,520,0,3002.43,2.26265,435,0,2001.15,1.04804,292.066,0,1014.01,13.0365,520,0
7.80008,5003.62,3.35972,620,0,4011.98,11.1285,520,0,3002.44,2.26558,435,0,2001.15,1.05009,292.499,0,1014.05,13.0534,520,0
7.81015,5003.63,3.36406,620,0,4012.01,11.1429,520,0,3002.44,2.2685,435,0,2001.16,1.05214,292.933,0,1014.09,13.0703,520,0
7.82022,5003.64,3.3684,620,0,4012.04,11.1572,520,0,3002.45,2.27143,435,0,2001.16,1.05419,293.366,0,1014.12,13.0871,520,0
7.83029,5003.64,3.37274,620,0,4012.07,11.1716,520,0,3002.46,2.27436,435,0,2001.16,1.05625,293.799,0,1014.16,13.104,520,0
7.84036,5003.65,3.37708,620,0,4012.1,11.186,520,0,3002.46,2.27729,435,0,2001.17,1.05831,294.233,0,1014.2,13.1209,520,0
7.85043,5003.66,3.38142,620,0,4012.13,11.2004,520,0,3002.47,2.28021,435,0,2001.17,1.06037,294.666,0,1014.23,13.1377,520,0
7.8605,5003.67,3.38576,620,0,4012.16,11.2147,520,0,3002.48,2.28314,435,0,2001.17,1.06244,295.1,0,1014.27,13.1546,520,0
7.87057,5003.68,3.3901,620,0,4012.2,11.2291,520,0,3002.48,2.28607,435,0,2001.17,1.06451,295.533,0,1014.31,13.1715,520,0
7.88064,5003.69,3.39445,620,0,4012.23,11.2435,520,0,3002.49,2.28899,435,0,2001.18,1.06658,295.966,0,1014.34,13.1883,520,0
7.89071,5003.7,3.39879,620,0,4012.26,11.2579,520,0,3002.5,2.29192,435,0,2001.18,1.06866,296.4,0,1014.38,13.2052,520,0
7.90078,5003.71,3.40313,620,0,4012.29,11.2723,520,0,3002.5,2.29485,435,0,2001.18,1.07073,296.833,0,1014.42,13.2221,520,0
7.91085,5003.72,3.40747,620,0,4012.32,11.2866,520,0,3002.51,2.29778,435,0,2001.19,1.07282,297.266,0,1014.45,13.2389,520,0
7.92092,5003.73,3.41181,620,0,4012.35,11.301,520,0,3002.51,2.3007,435,0,2001.19,1.0749,297.7,0,1014.49,13.2558,520,0
7.93099,5003.74,3.41615,620,0,4012.38,11.3154,520,0,3002.52,2.30363,435,0,2001.19,1.07699,298.133,0,1014.53,13.2726,520,0
7.94106,5003.75,3.42049,620,0,4012.42,11.3298,520,0,3002.53,2.30656,435,0,2001.2,1.07908,298.566,0,1014.56,13.2895,520,0
7.95113,5003.76,3.42483,620,0,4012.45,11.3441,520,0,3002.53,2.30948,435,0,2001.2,1.08117,299,0,1014.6,13.3064,520,0
7.9612,5003.77,3.42917,620,0,4012.48,11.3585,520,0,3002.54,2.31241,435,0,2001.2,1.08327,299.433,0,1014.64,13.3232,520,0
7.9713,5003.78,3.43351,620,0,4012.51,11.3729,520,0,3002.55,2.31534,435,0,2001.2,1.08537,299.866,0,1014.67,13.3401,520,0
7.98137,5003.79,3.43785,620,0,4012.54,11.3873,520,0,3002.55,2.31827,435,0,2001.21,1.08747,300.3,0,1014.71,13.357,520,0
7.99145,5003.8,3.44219,620,0,4012.57,11.4017,520,0,3002.56,2.32119,435,0,2001.21,1.08957,300.733,0,1014.75,13.3738,520,0
8.00152,5003.81,3.44653,620,0,4012.61,11.416,520,0,3002.57,2.32412,435,0,2001.21,1.09168,301.166,0,1014.79,13.3907,520,0
8.01159,5003.82,3.45087,620,0,4012.64,11.4304,520,0,3002.57,2.32705,435,0,2001.22,1.09379,301.6,0,1014.82,13.4076,520,0
8.02205,5003.82,3.45522,620,0,4012.67,11.4448,520,0,3002.58,2.32997,435,0,2001.22,1.09591,302.033,0,1014.86,13.4244,520,0
8.03215,5003.83,3.45956,620,0,4012.7,11.4592,520,0,3002.59,2.3329,435,0,2001.22,1.09803,302.466,0,1014.9,13.4413,520,0
8.04229,5003.84,3.4639,620,0,4012.73,11.4735,520,0,3002.59,2.33583,435,0,2001.23,1.10015,302.9,0,1014.93,13.4582,520,0
8.05236,5003.85,3.46824,620,0,4012.76,11.4879,520,0,3002.6,2.33875,435,0,2001.23,1.10227,303.333,0,1014.97,13.475,520,0
8.06243,5003.86,3.47258,620,0,4012.8,11.5023,520,0,3002.61,2.34168,435,0,2001.23,1.1044,303.766,0,1015.01,13.4919,520,0
8.0725,5003.87,3.47692,620,0,4012.83,11.5167,520,0,3002.61,2.34461,435,0,2001.24,1.10653,304.2,0,1015.05,13.5088,520,0
8.08257,5003.88,3.48126,620,0,4012.86,11.5311,520,0,3002.62,2.34754,435,0,2001.24,1.10866,304.633,0,1015.08,13.5256,520,0
8.09264,5003.89,3.4856,620,0,4012.89,11.5454,520,0,3002.62,2.35046,435,0,2001.24,1.1108,305.066,0,1015.12,13.5425,520,0
8.10271,5003.9,3.48994,620,0,4012.92,11.5598,520,0,3002.63,2.35339,435,0,2001.24,1.11294,305.5,0,1015.16,13.5594,520,0
8.11279,5003.91,3.49428,620,0,4012.96,11.5742,520,0,3002.64,2.35632,435,0,2001.25,1.11508,305.933,0,1015.2,13.5762,520,0
8.12286,5003.92,3.49862,620,0,4012.99,11.5886,520,0,3002.64,2.35924,435,0,2001.25,1.11722,306.366,0,1015.24,13.5931,520,0
8.13292,5003.93,3.50296,620,0,4013.02,11.6029,520,0,3002.65,2.36217,435,0,2001.25,1.11937,306.8,0,1015.27,13.6099,520,0
8.14299,5003.94,3.5073,620,0,4013.05,11.6173,520,0,3002.66,2.3651,435,0,2001.26,1.12152,307.233,0,1015.31,13.6268,520,0
8.1531,5003.95,3.51165,620,0,4013.09,11.6317,520,0,3002.66,2.36803,435,0,2001.26,1.12367,307.667,0,1015.35,13.6437,520,0
8.16317,5003.96,3.51599,620,0,4013.12,11.6461,520,0,3002.67,2.37095,435,0,2001.26,1.12583,308.1,0,1015.39,13.6605,520,0
8.17507,5003.97,3.52033,620,0,4013.15,11.6605,520,0,3002.68,2.37388,435,0,2001.27,1.12799,308.533,0,1015.43,13.6774,520,0
8.18513,5003.98,3.52467,620,0,4013.18,11.6748,520,0,3002.68,2.37681,435,0,2001.27,1.13016,308.967,0,1015.46,13.6943,520,0
8.1952,5003.99,3.52901,620,0,4013.22,11.6892,520,0,3002.69,2.37973,435,0,2001.27,1.13232,309.4,0,1015.5,13.7111,520,0
8.20527,5004,3.53335,620,0,4013.25,11.7036,520,0,3002.7,2.38266,435,0,2001.28,1.13449,309.833,0,1015.54,13.728,520,0
8.21536,5004.01,3.53769,620,0,4013.28,11.718,520,0,3002.7,2.38559,435,0,2001.28,1.13666,310.267,0,1015.58,13.7449,520,0
8.22542,5004.02,3.54203,620,0,4013.31,11.7323,520,0,3002.71,2.38852,435,0,2001.28,1.13884,310.7,0,1015.62,13.7617,520,0
8.23546,5004.03,3.54637,620,0,4013.35,11.7467,520,0,3002.72,2.39144,435,0,2001.29,1.14102,311.133,0,1015.65,13.7786,520,0
8.24553,5004.04,3.55071,620,0,4013.38,11.7611,520,0,3002.72,2.39437,435,0,2001.29,1.1432,311.567,0,1015.69,13.7955,520,0
8.2556,5004.05,3.55505,620,0,4013.41,11.7755,520,0,3002.73,2.3973,435,0,2001.29,1.14538,312,0,1015.73,13.8123,520,0
8.26569,5004.06,3.55939,620,0,4013.44,11.7899,520,0,3002.74,2.40022,435,0,2001.29,1.14757,312.433,0,1015.77,13.8292,520,0
8.27576,5004.07,3.56373,620,0,4013.48,11.8042,520,0,3002.74,2.40315,435,0,2001.3,1.14976,312.867,0,1015.81,13.8461,520,0
8.28583,5004.08,3.56807,620,0,4013.51,11.8186,520,0,3002.75,2.40608,435,0,2001.3,1.15195,313.3,0,1015.85,13.8629,520,0
8.2959,5004.09,3.57242,620,0,4013.54,11.833,520,0,3002.76,2.40901,435,0,2001.3,1.15415,313.733,0,1015.88,13.8798,520,0
8.30596,5004.1,3.57676,620,0,4013.58,11.8474,520,0,3002.76,2.41193,435,0,2001.31,1.15635,314.167,0,1015.92,13.8966,520,0
8.31603,5004.11,3.5811,620,0,4013.61,11.8618,520,0,3002.77,2.41486,435,0,2001.31,1.15855,314.6,0,1015.96,13.9135,520,0
8.3261,5004.12,3.58544,620,0,4013.64,11.8761,520,0,3002.78,2.41779,435,0,2001.31,1.16076,315.033,0,1016,13.9304,520,0
8.33616,5004.13,3.58978,620,0,4013.67,11.8905,520,0,3002.78,2.42071,435,0,2001.32,1.16297,315.467,0,1016.04,13.9472,520,0
8.34624,5004.14,3.59412,620,0,4013.71,11.9049,520,0,3002.79,2.42364,435,0,2001.32,1.16518,315.9,0,1016.08,13.9641,520,0
8.3563,5004.15,3.59846,620,0,4013.74,11.9193,520,0,3002.8,2.42657,435,0,2001.32,1.16739,316.333,0,1016.12,13.981,520,0
8.36637,5004.16,3.6028,620,0,4013.77,11.9336,520,0,3002.8,2.4295,435,0,2001.33,1.16961,316.767,0,1016.16,13.9978,520,0
8.37644,5004.17,3.60714,620,0,4013.81,11.948,520,0,3002.81,2.43242,435,0,2001.33,1.17183,317.2,0,1016.19,14.0147,520,0
8.3865,5004.18,3.61148,620,0,4013.84,11.9624,520,0,3002.82,2.43535,435,0,2001.33,1.17405,317.633,0,1016.23,14.0316,520,0
8.39657,5004.19,3.61582,620,0,4013.87,11.9768,520,0,3002.82,2.43828,435,0,2001.34,1.17628,318.067,0,1016.27,14.0484,520,0
8.40664,5004.2,3.62016,620,0,4013.91,11.9912,520,0,3002.83,2.4412,435,0,2001.34,1.17851,318.5,0,1016.31,14.0653,520,0
8.41671,5004.21,3.6245,620,0,4013.94,12.0055,520,0,3002.84,2.44413,435,0,2001.34,1.18074,318.933,0,1016.35,14.0822,520,0
8.42678,5004.22,3.62884,620,0,4013.97,12.0199,520,0,3002.84,2.44706,435,0,2001.35,1.18298,319.367,0,1016.39,14.099,520,0
8.43685,5004.23,3.63319,620,0,4014.01,12.0343,520,0,3002.85,2.44998,435,0,2001.35,1.18522,319.8,0,1016.43,14.1159,520,0
8.44707,5004.24,3.63753,620,0,4014.04,12.0487,520,0,3002.86,2.45291,435,0,2001.35,1.18746,320.233,0,1016.47,14.1328,520,0
8.45714,5004.25,3.64187,620,0,4014.07,12.063,520,0,3002.87,2.45584,435,0,2001.36,1.18971,320.667,0,1016.51,14.1496,520,0
8.46721,5004.26,3.64621,620,0,4014.11,12.0774,520,0,3002.87,2.45877,435,0,2001.36,1.19195,321.1,0,1016.55,14.1665,520,0
8.47728,5004.27,3.65055,620,0,4014.14,12.0918,520,0,3002.88,2.46169,435,0,2001.36,1.19421,321.534,0,1016.59,14.1834,520,0
8.48736,5004.28,3.65489,620,0,4014.17,12.1062,520,0,3002.89,2.46462,435,0,2001.37,1.19646,321.967,0,1016.63,14.2002,520,0
8.49743,5004.29,3.65923,620,0,4014.21,12.1206,520,0,3002.89,2.46755,435,0,2001.37,1.19872,322.4,0,1016.67,14.2171,520,0
8.50751,5004.3,3.66357,620,0,4014.24,12.1349,520,0,3002.9,2.47047,435,0,2001.37,1.20098,322.834,0,1016.71,14.2339,520,0
8.51758,5004.31,3.66791,620,0,4014.28,12.1493,520,0,3002.91,2.4734,435,0,2001.38,1.20324,323.267,0,1016.74,14.2508,520,0
8.52764,5004.32,3.67225,620,0,4014.31,12.1637,520,0,3002.91,2.47633,435,0,2001.38,1.20551,323.7,0,1016.78,14.2677,520,0
8.53771,5004.33,3.67659,620,0,4014.34,12.1781,520,0,3002.92,2.47926,435,0,2001.38,1.20778,324.134,0,1016.82,14.2845,520,0
8.54779,5004.34,3.68093,620,0,4014.38,12.1924,520,0,3002.93,2.48218,435,0,2001.39,1.21005,324.567,0,1016.86,14.3014,520,0
8.55782,5004.35,3.68527,620,0,4014.41,12.2068,520,0,3002.93,2.48511,435,0,2001.39,1.21232,325,0,1016.9,14.3183,520,0
8.56789,5004.36,3.68961,620,0,4014.44,12.2212,520,0,3002.94,2.48804,435,0,2001.39,1.2146,325.434,0,1016.94,14.3351,520,0
8.57795,5004.37,3.69396,620,0,4014.48,12.2356,520,0,3002.95,2.49096,435,0,2001.4,1.21688,325.867,0,1016.98,14.352,520,0
8.58803,5004.38,3.6983,620,0,4014.51,12.25,520,0,3002.95,2.49389,435,0,2001.4,1.21917,326.3,0,1017.02,14.3689,520,0
8.59809,5004.39,3.70264,620,0,4014.55,12.2643,520,0,3002.96,2.49682,435,0,2001.4,1.22146,326.734,0,1017.06,14.3857,520,0
8.60817,5004.4,3.70698,620,0,4014.58,12.2787,520,0,3002.97,2.49975,435,0,2001.41,1.22375,327.167,0,1017.1,14.4026,520,0
8.61825,5004.41,3.71132,620,0,4014.62,12.2931,520,0,3002.98,2.50267,435,0,2001.41,1.22604,327.6,0,1017.14,14.4195,520,0
8.62832,5004.42,3.71566,620,0,4014.65,12.3075,520,0,3002.98,2.5056,435,0,2001.41,1.22834,328.034,0,1017.18,14.4363,520,0
8.6384,5004.43,3.72,620,0,4014.68,12.3218,520,0,3002.99,2.50853,435,0,2001.42,1.23064,328.467,0,1017.22,14.4532,520,0
8.64847,5004.44,3.72434,620,0,4014.72,12.3362,520,0,3003,2.51145,435,0,2001.42,1.23294,328.9,0,1017.26,14.4701,520,0
8.65854,5004.45,3.72868,620,0,4014.75,12.3506,520,0,3003,2.51438,435,0,2001.42,1.23524,329.334,0,1017.3,14.4869,520,0
8.66861,5004.46,3.73302,620,0,4014.79,12.365,520,0,3003.01,2.51731,435,0,2001.43,1.23755,329.767,0,1017.34,14.5038,520,0
8.67868,5004.47,3.73736,620,0,4014.82,12.3794,520,0,3003.02,2.52024,435,0,2001.43,1.23986,330.2,0,1017.38,14.5206,520,0
8.68875,5004.48,3.7417,620,0,4014.86,12.3937,520,0,3003.02,2.52316,435,0,2001.43,1.24218,330.634,0,1017.42,14.5375,520,0
8.69882,5004.5,3.74604,620,0,4014.89,12.4081,520,0,3003.03,2.52609,435,0,2001.44,1.2445,331.067,0,1017.47,14.5544,520,0
8.70889,5004.51,3.75038,620,0,4014.92,12.4225,520,0,3003.04,2.52902,435,0,2001.44,1.24682,331.5,0,1017.51,14.5712,520,0
8.71895,5004.52,3.75473,620,0,4014.96,12.4369,520,0,3003.05,2.53194,435,0,2001.44,1.24914,331.934,0,1017.55,14.5881,520,0
8.72903,5004.53,3.75907,620,0,4014.99,12.4512,520,0,3003.05,2.53487,435,0,2001.45,1.25147,332.367,0,1017.59,14.605,520,0
8.73911,5004.54,3.76341,620,0,4015.03,12.4656,520,0,3003.06,2.5378,435,0,2001.45,1.2538,332.8,0,1017.63,14.6218,520,0
8.74918,5004.55,3.76775,620,0,4015.06,12.48,520,0,3003.07,2.54073,435,0,2001.46,1.25613,333.234,0,1017.67,14.6387,520,0
8.75924,5004.56,3.77209,620,0,4015.1,12.4944,520,0,3003.07,2.54365,435,0,2001.46,1.25847,333.667,0,1017.71,14.6556,520,0
8.76941,5004.57,3.77643,620,0,4015.13,12.5088,520,0,3003.08,2.54658,435,0,2001.46,1.26081,334.1,0,1017.75,14.6724,520,0
8.77947,5004.58,3.78077,620,0,4015.17,12.5231,520,0,3003.09,2.54951,435,0,2001.47,1.26315,334.534,0,1017.79,14.6893,520,0
8.78954,5004.59,3.78511,620,0,4015.2,12.5375,520,0,3003.09,2.55243,435,0,2001.47,1.26549,334.967,0,1017.83,14.7062,520,0
8.79962,5004.6,3.78945,620,0,4015.24,12.5519,520,0,3003.1,2.55536,435,0,2001.47,1.26784,335.401,0,1017.87,14.723,520,0
8.80969,5004.61,3.79379,620,0,4015.27,12.5663,520,0,3003.11,2.55829,435,0,2001.48,1.27019,335.834,0,1017.91,14.7399,520,0
8.81976,5004.62,3.79813,620,0,4015.31,12.5806,520,0,3003.12,2.56121,435,0,2001.48,1.27255,336.267,0,1017.95,14.7568,520,0
8.82983,5004.63,3.80247,620,0,4015.34,12.595,520,0,3003.12,2.56414,435,0,2001.48,1.27491,336.701,0,1018,14.7736,520,0
8.8399,5004.64,3.80681,620,0,4015.38,12.6094,520,0,3003.13,2.56707,435,0,2001.49,1.27727,337.134,0,1018.04,14.7905,520,0
8.84997,5004.65,3.81116,620,0,4015.41,12.6238,520,0,3003.14,2.57,435,0,2001.49,1.27963,337.567,0,1018.08,14.8074,520,0
8.86003,5004.66,3.8155,620,0,4015.45,12.6382,520,0,3003.14,2.57292,435,0,2001.49,1.282,338.001,0,1018.12,14.8242,520,0
8.8701,5004.67,3.81984,620,0,4015.48,12.6525,520,0,3003.15,2.57585,435,0,2001.5,1.28437,338.434,0,1018.16,14.8411,520,0
8.88017,5004.68,3.82418,620,0,4015.52,12.6669,520,0,3003.16,2.57878,435,0,2001.5,1.28674,338.867,0,1018.2,14.8579,520,0
8.89024,5004.7,3.82852,620,0,4015.55,12.6813,520,0,3003.17,2.5817,435,0,2001.5,1.28911,339.301,0,1018.24,14.8748,520,0
8.90037,5004.71,3.83286,620,0,4015.59,12.6957,520,0,3003.17,2.58463,435,0,2001.51,1.29149,339.734,0,1018.28,14.8917,520,0
8.91045,5004.72,3.8372,620,0,4015.62,12.71,520,0,3003.18,2.58756,435,0,2001.51,1.29387,340.167,0,1018.33,14.9085,520,0
8.92052,5004.73,3.84154,620,0,4015.66,12.7244,520,0,3003.19,2.59049,435,0,2001.52,1.29626,340.601,0,1018.37,14.9254,520,0
8.93059,5004.74,3.84588,620,0,4015.69,12.7388,520,0,3003.19,2.59341,435,0,2001.52,1.29865,341.034,0,1018.41,14.9423,520,0
8.94066,5004.75,3.85022,620,0,4015.73,12.7532,520,0,3003.2,2.59634,435,0,2001.52,1.30104,341.467,0,1018.45,14.9591,520,0
8.95073,5004.76,3.85456,620,0,4015.76,12.7676,520,0,3003.21,2.59927,435,0,2001.53,1.30343,341.901,0,1018.49,14.976,520,0
8.96081,5004.77,3.8589,620,0,4015.8,12.7819,520,0,3003.22,2.60219,435,0,2001.53,1.30583,342.334,0,1018.53,14.9929,520,0
8.97088,5004.78,3.86324,620,0,4015.84,12.7963,520,0,3003.22,2.60512,435,0,2001.53,1.30823,342.767,0,1018.57,15.0097,520,0
8.98094,5004.79,3.86758,620,0,4015.87,12.8107,520,0,3003.23,2.60805,435,0,2001.54,1.31063,343.201,0,1018.62,15.0266,520,0
8.99109,5004.8,3.87193,620,0,4015.91,12.8251,520,0,3003.24,2.61098,435,0,2001.54,1.31304,343.634,0,1018.66,15.0435,520,0
9.00117,5004.81,3.87627,620,0,4015.94,12.8394,520,0,3003.25,2.6139,435,0,2001.54,1.31544,344.067,0,1018.7,15.0603,520,0
9.01123,5004.82,3.88061,620,0,4015.98,12.8538,520,0,3003.25,2.61683,435,0,2001.55,1.31786,344.501,0,1018.74,15.0772,520,0
9.0213,5004.83,3.88495,620,0,4016.01,12.8682,520,0,3003.26,2.61976,435,0,2001.55,1.32027,344.934,0,1018.78,15.0941,520,0
9.03136,5004.85,3.88929,620,0,4016.05,12.8826,520,0,3003.27,2.62268,435,0,2001.56,1.32269,345.367,0,1018.83,15.1109,520,0
9.04144,5004.86,3.89363,620,0,4016.09,12.897,520,0,3003.27,2.62561,435,0,2001.56,1.32511,345.801,0,1018.87,15.1278,520,0
9.05155,5004.87,3.89797,620,0,4016.12,12.9113,520,0,3003.28,2.62854,435,0,2001.56,1.32753,346.234,0,1018.91,15.1446,520,0
9.06161,5004.88,3.90231,620,0,4016.16,12.9257,520,0,3003.29,2.63147,435,0,2001.57,1.32996,346.667,0,1018.95,15.1615,520,0
9.07168,5004.89,3.90665,620,0,4016.19,12.9401,520,0,3003.3,2.63439,435,0,2001.57,1.33239,347.101,0,1018.99,15.1784,520,0
9.08175,5004.9,3.91099,620,0,4016.23,12.9545,520,0,3003.3,2.63732,435,0,2001.57,1.33482,347.534,0,1019.04,15.1952,520,0
9.09182,5004.91,3.91533,620,0,4016.27,12.9688,520,0,3003.31,2.64025,435,0,2001.58,1.33726,347.967,0,1019.08,15.2121,520,0
9.10189,5004.92,3.91967,620,0,4016.3,12.9832,520,0,3003.32,2.64317,435,0,2001.58,1.3397,348.401,0,1019.12,15.229,520,0
9.11199,5004.93,3.92401,620,0,4016.34,12.9976,520,0,3003.33,2.6461,435,0,2001.59,1.34214,348.834,0,1019.16,15.2458,520,0
9.12207,5004.94,3.92835,620,0,4016.37,13.012,520,0,3003.33,2.64903,435,0,2001.59,1.34459,349.267,0,1019.21,15.2627,520,0
9.13214,5004.95,3.9327,620,0,4016.41,13.0264,520,0,3003.34,2.65195,435,0,2001.59,1.34704,349.701,0,1019.25,15.2796,520,0
9.14221,5004.97,3.93704,620,0,4016.45,13.0407,520,0,3003.35,2.65488,435,0,2001.6,1.34949,350.134,0,1019.29,15.2964,520,0
9.15227,5004.98,3.94138,620,0,4016.48,13.0551,520,0,3003.36,2.65781,435,0,2001.6,1.35194,350.568,0,1019.33,15.3133,520,0
9.16234,5004.99,3.94572,620,0,4016.52,13.0695,520,0,3003.36,2.66074,435,0,2001.6,1.3544,351.001,0,1019.38,15.3302,520,0
9.17245,5005,3.95006,620,0,4016.55,13.0839,520,0,3003.37,2.66366,435,0,2001.61,1.35686,351.434,0,1019.42,15.347,520,0
9.18251,5005.01,3.9544,620,0,4016.59,13.0982,520,0,3003.38,2.66659,435,0,2001.61,1.35932,351.868,0,1019.46,15.3639,520,0
9.19259,5005.02,3.95874,620,0,4016.63,13.1126,520,0,3003.39,2.66952,435,0,2001.62,1.36179,352.301,0,1019.5,15.3808,520,0
9.20266,5005.03,3.96308,620,0,4016.66,13.127,520,0,3003.39,2.67244,435,0,2001.62,1.36426,352.734,0,1019.55,15.3976,520,0
9.21273,5005.04,3.96742,620,0,4016.7,13.1414,520,0,3003.4,2.67537,435,0,2001.62,1.36673,353.168,0,1019.59,15.4145,520,0
9.2228,5005.05,3.97176,620,0,4016.74,13.1558,520,0,3003.41,2.6783,435,0,2001.63,1.36921,353.601,0,1019.63,15.4314,520,0
9.23287,5005.06,3.9761,620,0,4016.77,13.1701,520,0,3003.41,2.68123,435,0,2001.63,1.37169,354.034,0,1019.68,15.4482,520,0
9.24294,5005.08,3.98044,620,0,4016.81,13.1845,520,0,3003.42,2.68415,435,0,2001.63,1.37417,354.468,0,1019.72,15.4651,520,0
9.25301,5005.09,3.98478,620,0,4016.85,13.1989,520,0,3003.43,2.68708,435,0,2001.64,1.37665,354.901,0,1019.76,15.4819,520,0
9.26308,5005.1,3.98912,620,0,4016.88,13.2133,520,0,3003.44,2.69001,435,0,2001.64,1.37914,355.334,0,1019.8,15.4988,520,0
9.27315,5005.11,3.99347,620,0,4016.92,13.2276,520,0,3003.44,2.69293,435,0,2001.65,1.38163,355.768,0,1019.85,15.5157,520,0
9.28321,5005.12,3.99781,620,0,4016.96,13.242,520,0,3003.45,2.69586,435,0,2001.65,1.38412,356.201,0,1019.89,15.5325,520,0
9.29328,5005.13,4.00215,620,0,4016.99,13.2564,520,0,3003.46,2.69879,435,0,2001.65,1.38662,356.634,0,1019.93,15.5494,520,0
9.30335,5005.14,4.00649,620,0,4017.03,13.2708,520,0,3003.47,2.70172,435,0,2001.66,1.38912,357.068,0,1019.98,15.5663,520,0
9.31339,5005.15,4.01083,620,0,4017.07,13.2852,520,0,3003.47,2.70464,435,0,2001.66,1.39162,357.501,0,1020.02,15.5831,520,0
9.32345,5005.16,4.01517,620,0,4017.1,13.2995,520,0,3003.48,2.70757,435,0,2001.67,1.39413,357.934,0,1020.06,15.6,520,0
9.33352,5005.18,4.01951,620,0,4017.14,13.3139,520,0,3003.49,2.7105,435,0,2001.67,1.39664,358.368,0,1020.11,15.6169,520,0
9.34358,5005.19,4.02385,620,0,4017.18,13.3283,520,0,3003.5,2.71342,435,0,2001.67,1.39915,358.801,0,1020.15,15.6337,520,0
9.35365,5005.2,4.02819,620,0,4017.22,13.3427,520,0,3003.5,2.71635,435,0,2001.68,1.40167,359.234,0,1020.19,15.6506,520,0
9.36372,5005.21,4.03253,620,0,4017.25,13.3571,520,0,3003.51,2.71928,435,0,2001.68,1.40418,359.668,0,1020.24,15.6675,520,0
9.37379,5005.22,4.03687,620,0,4017.29,13.3714,520,0,3003.52,2.72221,435,0,2001.68,1.40671,360.101,0,1020.28,15.6843,520,0
9.38386,5005.23,4.04121,620,0,4017.33,13.3858,520,0,3003.53,2.72513,435,0,2001.69,1.40923,360.534,0,1020.32,15.7012,520,0
9.39393,5005.24,4.04555,620,0,4017.36,13.4002,520,0,3003.54,2.72806,435,0,2001.69,1.41176,360.968,0,1020.37,15.7181,520,0
9.40401,5005.25,4.04989,620,0,4017.4,13.4146,520,0,3003.54,2.73099,435,0,2001.7,1.41429,361.401,0,1020.41,15.7349,520,0
9.41409,5005.26,4.05424,620,0,4017.44,13.4289,520,0,3003.55,2.73391,435,0,2001.7,1.41682,361.834,0,1020.46,15.7518,520,0
9.42416,5005.28,4.05858,620,0,4017.48,13.4433,520,0,3003.56,2.73684,435,0,2001.7,1.41936,362.268,0,1020.5,15.7686,520,0
9.43425,5005.29,4.06292,620,0,4017.51,13.4577,520,0,3003.57,2.73977,435,0,2001.71,1.4219,362.701,0,1020.54,15.7855,520,0
9.44431,5005.3,4.06726,620,0,4017.55,13.4721,520,0,3003.57,2.7427,435,0,2001.71,1.42444,363.134,0,1020.59,15.8024,520,0
9.45439,5005.31,4.0716,620,0,4017.59,13.4865,520,0,3003.58,2.74562,435,0,2001.72,1.42698,363.568,0,1020.63,15.8192,520,0
9.46446,5005.32,4.07594,620,0,4017.63,13.5008,520,0,3003.59,2.74855,435,0,2001.72,1.42953,364.001,0,1020.67,15.8361,520,0
9.47454,5005.33,4.08028,620,0,4017.66,13.5152,520,0,3003.6,2.75148,435,0,2001.72,1.43208,364.435,0,1020.72,15.853,520,0
9.48461,5005.34,4.08462,620,0,4017.7,13.5296,520,0,3003.6,2.7544,435,0,2001.73,1.43464,364.868,0,1020.76,15.8698,520,0
9.49468,5005.36,4.08896,620,0,4017.74,13.544,520,0,3003.61,2.75733,435,0,2001.73,1.4372,365.301,0,1020.81,15.8867,520,0
9.50475,5005.37,4.0933,620,0,4017.78,13.5583,520,0,3003.62,2.76026,435,0,2001.74,1.43976,365.735,0,1020.85,15.9036,520,0
9.51483,5005.38,4.09764,620,0,4017.81,13.5727,520,0,3003.63,2.76318,435,0,2001.74,1.44232,366.168,0,1020.9,15.9204,520,0
9.52491,5005.39,4.10198,620,0,4017.85,13.5871,520,0,3003.63,2.76611,435,0,2001.74,1.44489,366.601,0,1020.94,15.9373,520,0
9.53499,5005.4,4.10632,620,0,4017.89,13.6015,520,0,3003.64,2.76904,435,0,2001.75,1.44746,367.035,0,1020.98,15.9542,520,0
9.54506,5005.41,4.11066,620,0,4017.93,13.6159,520,0,3003.65,2.77197,435,0,2001.75,1.45003,367.468,0,1021.03,15.971,520,0
9.55513,5005.42,4.11501,620,0,4017.97,13.6302,520,0,3003.66,2.77489,435,0,2001.76,1.4526,367.901,0,1021.07,15.9879,520,0
9.56521,5005.44,4.11935,620,0,4018,13.6446,520,0,3003.67,2.77782,435,0,2001.76,1.45518,368.335,0,1021.12,16.0048,520,0
9.57528,5005.45,4.12369,620,0,4018.04,13.659,520,0,3003.67,2.78075,435,0,2001.76,1.45776,368.768,0,1021.16,16.0216,520,0
9.58535,5005.46,4.12803,620,0,4018.08,13.6734,520,0,3003.68,2.78367,435,0,2001.77,1.46035,369.201,0,1021.21,16.0385,520,0
9.59542,5005.47,4.13237,620,0,4018.12,13.6877,520,0,3003.69,2.7866,435,0,2001.77,1.46294,369.635,0,1021.25,16.0554,520,0
9.60549,5005.48,4.13671,620,0,4018.16,13.7021,520,0,3003.7,2.78953,435,0,2001.78,1.46553,370.068,0,1021.3,16.0722,520,0
9.61556,5005.49,4.14105,620,0,4018.19,13.7165,520,0,3003.7,2.79246,435,0,2001.78,1.46812,370.501,0,1021.34,16.0891,520,0
9.62566,5005.5,4.14539,620,0,4018.23,13.7309,520,0,3003.71,2.79538,435,0,2001.78,1.47072,370.935,0,1021.39,16.1059,520,0
9.63574,5005.52,4.14973,620,0,4018.27,13.7453,520,0,3003.72,2.79831,435,0,2001.79,1.47332,371.368,0,1021.43,16.1228,520,0
9.64585,5005.53,4.15407,620,0,4018.31,13.7596,520,0,3003.73,2.80124,435,0,2001.79,1.47592,371.801,0,1021.47,16.1397,520,0
9.65598,5005.54,4.15841,620,0,4018.35,13.774,520,0,3003.73,2.80416,435,0,2001.8,1.47853,372.235,0,1021.52,16.1565,520,0
9.66606,5005.55,4.16275,620,0,4018.38,13.7884,520,0,3003.74,2.80709,435,0,2001.8,1.48114,372.668,0,1021.56,16.1734,520,0
9.67613,5005.56,4.16709,620,0,4018.42,13.8028,520,0,3003.75,2.81002,435,0,2001.81,1.48375,373.101,0,1021.61,16.1903,520,0
9.6862,5005.57,4.17144,620,0,4018.46,13.8171,520,0,3003.76,2.81295,435,0,2001.81,1.48636,373.535,0,1021.65,16.2071,520,0
9.69627,5005.59,4.17578,620,0,4018.5,13.8315,520,0,3003.77,2.81587,435,0,2001.81,1.48898,373.968,0,1021.7,16.224,520,0
9.70634,5005.6,4.18012,620,0,4018.54,13.8459,520,0,3003.77,2.8188,435,0,2001.82,1.4916,374.401,0,1021.74,16.2409,520,0
9.71741,5005.61,4.18446,620,0,4018.58,13.8603,520,0,3003.78,2.82173,435,0,2001.82,1.49423,374.835,0,1021.79,16.2577,520,0
9.72749,5005.62,4.1888,620,0,4018.62,13.8747,520,0,3003.79,2.82465,435,0,2001.83,1.49686,375.268,0,1021.84,16.2746,520,0
9.73756,5005.63,4.19314,620,0,4018.65,13.889,520,0,3003.8,2.82758,435,0,2001.83,1.49949,375.701,0,1021.88,16.2915,520,0
9.74763,5005.64,4.19748,620,0,4018.69,13.9034,520,0,3003.81,2.83051,435,0,2001.83,1.50212,376.135,0,1021.93,16.3083,520,0
9.75772,5005.65,4.20182,620,0,4018.73,13.9178,520,0,3003.81,2.83344,435,0,2001.84,1.50476,376.568,0,1021.97,16.3252,520,0
9.7678,5005.67,4.20616,620,0,4018.77,13.9322,520,0,3003.82,2.83636,435,0,2001.84,1.5074,377.001,0,1022.02,16.3421,520,0
9.77786,5005.68,4.2105,620,0,4018.81,13.9465,520,0,3003.83,2.83929,435,0,2001.85,1.51004,377.435,0,1022.06,16.3589,520,0
9.78794,5005.69,4.21484,620,0,4018.85,13.9609,520,0,3003.84,2.84222,435,0,2001.85,1.51268,377.868,0,1022.11,16.3758,520,0
9.79801,5005.7,4.21918,620,0,4018.89,13.9753,520,0,3003.84,2.84514,435,0,2001.86,1.51533,378.302,0,1022.15,16.3926,520,0
9.80808,5005.71,4.22352,620,0,4018.92,13.9897,520,0,3003.85,2.84807,435,0,2001.86,1.51798,378.735,0,1022.2,16.4095,520,0
9.81814,5005.73,4.22786,620,0,4018.96,14.0041,520,0,3003.86,2.851,435,0,2001.86,1.52064,379.168,0,1022.24,16.4264,520,0
9.82821,5005.74,4.23221,620,0,4019,14.0184,520,0,3003.87,2.85393,435,0,2001.87,1.5233,379.602,0,1022.29,16.4432,520,0
9.83828,5005.75,4.23655,620,0,4019.04,14.0328,520,0,3003.88,2.85685,435,0,2001.87,1.52596,380.035,0,1022.34,16.4601,520,0
9.84835,5005.76,4.24089,620,0,4019.08,14.0472,520,0,3003.88,2.85978,435,0,2001.88,1.52862,380.468,0,1022.38,16.477,520,0
9.85843,5005.77,4.24523,620,0,4019.12,14.0616,520,0,3003.89,2.86271,435,0,2001.88,1.53129,380.902,0,1022.43,16.4938,520,0
9.8685,5005.78,4.24957,620,0,4019.16,14.0759,520,0,3003.9,2.86563,435,0,2001.88,1.53396,381.335,0,1022.47,16.5107,520,0
9.87856,5005.8,4.25391,620,0,4019.2,14.0903,520,0,3003.91,2.86856,435,0,2001.89,1.53663,381.768,0,1022.52,16.5276,520,0
9.88864,5005.81,4.25825,620,0,4019.24,14.1047,520,0,3003.92,2.87149,435,0,2001.89,1.53931,382.202,0,1022.56,16.5444,520,0
9.89871,5005.82,4.26259,620,0,4019.28,14.1191,520,0,3003.92,2.87441,435,0,2001.9,1.54198,382.635,0,1022.61,16.5613,520,0
9.90878,5005.83,4.26693,620,0,4019.32,14.1335,520,0,3003.93,2.87734,435,0,2001.9,1.54467,383.068,0,1022.66,16.5782,520,0
9.91884,5005.84,4.27127,620,0,4019.36,14.1478,520,0,3003.94,2.88027,435,0,2001.91,1.54735,383.502,0,1022.7,16.595,520,0
9.92891,5005.86,4.27561,620,0,4019.39,14.1622,520,0,3003.95,2.8832,435,0,2001.91,1.55004,383.935,0,1022.75,16.6119,520,0
9.93899,5005.87,4.27995,620,0,4019.43,14.1766,520,0,3003.96,2.88612,435,0,2001.91,1.55273,384.368,0,1022.8,16.6288,520,0
9.94908,5005.88,4.28429,620,0,4019.47,14.191,520,0,3003.96,2.88905,435,0,2001.92,1.55542,384.802,0,1022.84,16.6456,520,0
9.95915,5005.89,4.28863,620,0,4019.51,14.2053,520,0,3003.97,2.89198,435,0,2001.92,1.55812,385.235,0,1022.89,16.6625,520,0
9.96922,5005.9,4.29298,620,0,4019.55,14.2197,520,0,3003.98,2.8949,435,0,2001.93,1.56082,385.668,0,1022.93,16.6794,520,0
9.97929,5005.91,4.29732,620,0,4019.59,14.2341,520,0,3003.99,2.89783,435,0,2001.93,1.56352,386.102,0,1022.98,16.6962,520,0
9.98936,5005.93,4.30166,620,0,4019.63,14.2485,520,0,3004,2.90076,435,0,2001.94,1.56623,386.535,0,1023.03,16.7131,520,0
9.99943,5005.94,4.306,620,0,4019.67,14.2629,520,0,3004,2.90369,435,0,2001.94,1.56894,386.968,0,1023.07,16.7299,520,0
10.0095,5005.95,4.31034,620,0,4019.71,14.2772,520,0,3004.01,2.90661,435,0,2001.95,1.57165,387.402,0,1023.12,16.7468,520,0
10.0196,5005.96,4.31468,620,0,4019.75,14.2916,520,0,3004.02,2.90954,435,0,2001.95,1.57437,387.835,0,1023.17,16.7637,520,0
10.0296,5005.97,4.31902,620,0,4019.79,14.306,520,0,3004.03,2.91247,435,0,2001.95,1.57709,388.268,0,1023.21,16.7805,520,0
10.0397,5005.99,4.32336,620,0,4019.83,14.3204,520,0,3004.04,2.91539,435,0,2001.96,1.57981,388.702,0,1023.26,16.7974,520,0
10.0498,5006,4.3277,620,0,4019.87,14.3347,520,0,3004.05,2.91832,435,0,2001.96,1.58253,389.135,0,1023.31,16.8143,520,0
10.0598,5006.01,4.33204,620,0,4019.91,14.3491,520,0,3004.05,2.92125,435,0,2001.97,1.58526,389.568,0,1023.35,16.8311,520,0
10.0699,5006.02,4.33638,620,0,4019.95,14.3635,520,0,3004.06,2.92418,435,0,2001.97,1.58799,390.002,0,1023.4,16.848,520,0
10.08,5006.03,4.34072,620,0,4019.99,14.3779,520,0,3004.07,2.9271,435,0,2001.98,1.59072,390.435,0,1023.45,16.8649,520,0
10.0901,5006.05,4.34506,620,0,4020.03,14.3923,520,0,3004.08,2.93003,435,0,2001.98,1.59346,390.868,0,1023.49,16.8817,520,0
10.1002,5006.06,4.3494,620,0,4020.07,14.4066,520,0,3004.09,2.93296,435,0,2001.98,1.5962,391.302,0,1023.54,16.8986,520,0
10.1102,5006.07,4.35375,620,0,4020.11,14.421,520,0,3004.09,2.93588,435,0,2001.99,1.59894,391.735,0,1023.59,16.9155,520,0
10.1203,5006.08,4.35809,620,0,4020.15,14.4354,520,0,3004.1,2.93881,435,0,2001.99,1.60169,392.169,0,1023.63,16.9323,520,0
10.1304,5006.1,4.36243,620,0,4020.19,14.4498,520,0,3004.11,2.94174,435,0,2002,1.60444,392.602,0,1023.68,16.9492,520,0
10.1405,5006.11,4.36677,620,0,4020.23,14.4641,520,0,3004.12,2.94467,435,0,2002,1.60719,393.035,0,1023.73,16.9661,520,0
10.1505,5006.12,4.37111,620,0,4020.27,14.4785,520,0,3004.13,2.94759,435,0,2002.01,1.60994,393.469,0,1023.78,16.9829,520,0
10.1606,5006.13,4.37545,620,0,4020.31,14.4929,520,0,3004.13,2.95052,435,0,2002.01,1.6127,393.902,0,1023.82,16.9998,520,0
10.1707,5006.14,4.37979,620,0,4020.35,14.5073,520,0,3004.14,2.95345,435,0,2002.02,1.61546,394.335,0,1023.87,17.0166,520,0
10.1807,5006.16,4.38413,620,0,4020.39,14.5217,520,0,3004.15,2.95637,435,0,2002.02,1.61823,394.769,0,1023.92,17.0335,520,0
10.1908,5006.17,4.38847,620,0,4020.43,14.536,520,0,3004.16,2.9593,435,0,2002.03,1.62099,395.202,0,1023.97,17.0504,520,0
10.2009,5006.18,4.39281,620,0,4020.47,14.5504,520,0,3004.17,2.96223,435,0,2002.03,1.62376,395.635,0,1024.01,17.0672,520,0
10.211,5006.19,4.39715,620,0,4020.51,14.5648,520,0,3004.18,2.96515,435,0,2002.03,1.62653,396.069,0,1024.06,17.0841,520,0
10.2211,5006.2,4.40149,620,0,4020.55,14.5792,520,0,3004.18,2.96808,435,0,2002.04,1.62931,396.502,0,1024.11,17.101,520,0
10.2311,5006.22,4.40583,620,0,4020.59,14.5935,520,0,3004.19,2.97101,435,0,2002.04,1.63209,396.935,0,1024.16,17.1178,520,0
10.2412,5006.23,4.41017,620,0,4020.63,14.6079,520,0,3004.2,2.97394,435,0,2002.05,1.63487,397.369,0,1024.2,17.1347,520,0
10.2513,5006.24,4.41452,620,0,4020.67,14.6223,520,0,3004.21,2.97686,435,0,2002.05,1.63766,397.802,0,1024.25,17.1516,520,0
10.2613,5006.25,4.41886,620,0,4020.71,14.6367,520,0,3004.22,2.97979,435,0,2002.06,1.64045,398.235,0,1024.3,17.1684,520,0
10.2714,5006.27,4.4232,620,0,4020.76,14.6511,520,0,3004.23,2.98272,435,0,2002.06,1.64324,398.669,0,1024.35,17.1853,520,0
10.2815,5006.28,4.42754,620,0,4020.8,14.6654,520,0,3004.23,2.98564,435,0,2002.07,1.64603,399.102,0,1024.39,17.2022,520,0
10.2916,5006.29,4.43188,620,0,4020.84,14.6798,520,0,3004.24,2.98857,435,0,2002.07,1.64883,399.535,0,1024.44,17.219,520,0
10.3016,5006.3,4.43622,620,0,4020.88,14.6942,520,0,3004.25,2.9915,435,0,2002.08,1.65163,399.969,0,1024.49,17.2359,520,0
10.3117,5006.32,4.44056,620,0,4020.92,14.7086,520,0,3004.26,2.99443,435,0,2002.08,1.65443,400.402,0,1024.54,17.2528,520,0
10.3218,5006.33,4.4449,620,0,4020.96,14.7229,520,0,3004.27,2.99735,435,0,2002.08,1.65724,400.835,0,1024.59,17.2696,520,0
10.3318,5006.34,4.44924,620,0,4021,14.7373,520,0,3004.28,3.00028,435,0,2002.09,1.66005,401.269,0,1024.63,17.2865,520,0
10.3419,5006.35,4.45358,620,0,4021.04,14.7517,520,0,3004.28,3.00321,435,0,2002.09,1.66286,401.702,0,1024.68,17.3034,520,0
10.352,5006.36,4.45792,620,0,4021.08,14.7661,520,0,3004.29,3.00613,435,0,2002.1,1.66567,402.135,0,1024.73,17.3202,520,0
10.3621,5006.38,4.46226,620,0,4021.12,14.7805,520,0,3004.3,3.00906,435,0,2002.1,1.66849,402.569,0,1024.78,17.3371,520,0
10.3721,5006.39,4.4666,620,0,4021.16,14.7948,520,0,3004.31,3.01199,435,0,2002.11,1.67131,403.002,0,1024.83,17.3539,520,0
10.3822,5006.4,4.47094,620,0,4021.21,14.8092,520,0,3004.32,3.01492,435,0,2002.11,1.67414,403.435,0,1024.87,17.3708,520,0
10.3923,5006.41,4.47529,620,0,4021.25,14.8236,520,0,3004.33,3.01784,435,0,2002.12,1.67697,403.869,0,1024.92,17.3877,520,0
10.4024,5006.43,4.47963,620,0,4021.29,14.838,520,0,3004.33,3.02077,435,0,2002.12,1.6798,404.302,0,1024.97,17.4045,520,0
10.4124,5006.44,4.48397,620,0,4021.33,14.8523,520,0,3004.34,3.0237,435,0,2002.13,1.68263,404.736,0,1025.02,17.4214,520,0
10.4225,5006.45,4.48831,620,0,4021.37,14.8667,520,0,3004.35,3.02662,435,0,2002.13,1.68547,405.169,0,1025.07,17.4383,520,0
10.4326,5006.46,4.49265,620,0,4021.41,14.8811,520,0,3004.36,3.02955,435,0,2002.14,1.68831,405.602,0,1025.12,17.4551,520,0
10.4426,5006.48,4.49699,620,0,4021.45,14.8955,520,0,3004.37,3.03248,435,0,2002.14,1.69115,406.036,0,1025.16,17.472,520,0
10.4527,5006.49,4.50133,620,0,4021.5,14.9099,520,0,3004.38,3.03541,435,0,2002.14,1.694,406.469,0,1025.21,17.4889,520,0
10.4628,5006.5,4.50567,620,0,4021.54,14.9242,520,0,3004.38,3.03833,435,0,2002.15,1.69684,406.902,0,1025.26,17.5057,520,0
10.4729,5006.51,4.51001,620,0,4021.58,14.9386,520,0,3004.39,3.04126,435,0,2002.15,1.6997,407.336,0,1025.31,17.5226,520,0
10.4829,5006.53,4.51435,620,0,4021.62,14.953,520,0,3004.4,3.04419,435,0,2002.16,1.70255,407.769,0,1025.36,17.5395,520,0
10.493,5006.54,4.51869,620,0,4021.66,14.9674,520,0,3004.41,3.04711,435,0,2002.16,1.70541,408.202,0,1025.41,17.5563,520,0
10.5031,5006.55,4.52303,620,0,4021.7,14.9818,520,0,3004.42,3.05004,435,0,2002.17,1.70827,408.636,0,1025.46,17.5732,520,0
10.5131,5006.56,4.52737,620,0,4021.74,14.9961,520,0,3004.43,3.05297,435,0,2002.17,1.71113,409.069,0,1025.51,17.5901,520,0
10.5232,5006.58,4.53172,620,0,4021.79,15.0105,520,0,3004.44,3.0559,435,0,2002.18,1.714,409.502,0,1025.55,17.6069,520,0
10.5333,5006.59,4.53606,620,0,4021.83,15.0249,520,0,3004.44,3.05882,435,0,2002.18,1.71687,409.936,0,1025.6,17.6238,520,0
10.5434,5006.6,4.5404,620,0,4021.87,15.0393,520,0,3004.45,3.06175,435,0,2002.19,1.71974,410.369,0,1025.65,17.6406,520,0
10.5534,5006.62,4.54474,620,0,4021.91,15.0536,520,0,3004.46,3.06468,435,0,2002.19,1.72262,410.802,0,1025.7,17.6575,520,0
10.5635,5006.63,4.54908,620,0,4021.95,15.068,520,0,3004.47,3.0676,435,0,2002.2,1.7255,411.236,0,1025.75,17.6744,520,0
10.5736,5006.64,4.55342,620,0,4022,15.0824,520,0,3004.48,3.07053,435,0,2002.2,1.72838,411.669,0,1025.8,17.6912,520,0
10.5836,5006.65,4.55776,620,0,4022.04,15.0968,520,0,3004.49,3.07346,435,0,2002.21,1.73127,412.102,0,1025.85,17.7081,520,0
10.5938,5006.67,4.5621,620,0,4022.08,15.1112,520,0,3004.49,3.07638,435,0,2002.21,1.73415,412.536,0,1025.9,17.725,520,0
10.6038,5006.68,4.56644,620,0,4022.12,15.1255,520,0,3004.5,3.07931,435,0,2002.22,1.73705,412.969,0,1025.95,17.7418,520,0
10.6139,5006.69,4.57078,620,0,4022.16,15.1399,520,0,3004.51,3.08224,435,0,2002.22,1.73994,413.402,0,1026,17.7587,520,0
10.624,5006.7,4.57512,620,0,4022.21,15.1543,520,0,3004.52,3.08517,435,0,2002.23,1.74284,413.836,0,1026.05,17.7756,520,0
10.6341,5006.72,4.57946,620,0,4022.25,15.1687,520,0,3004.53,3.08809,435,0,2002.23,1.74574,414.269,0,1026.1,17.7924,520,0
10.6441,5006.73,4.5838,620,0,4022.29,15.183,520,0,3004.54,3.09102,435,0,2002.24,1.74864,414.702,0,1026.15,17.8093,520,0
10.6542,5006.74,4.58814,620,0,4022.33,15.1974,520,0,3004.55,3.09395,435,0,2002.24,1.75155,415.136,0,1026.19,17.8262,520,0
10.6643,5006.75,4.59249,620,0,4022.37,15.2118,520,0,3004.55,3.09687,435,0,2002.25,1.75446,415.569,0,1026.24,17.843,520,0
10.6743,5006.77,4.59683,620,0,4022.42,15.2262,520,0,3004.56,3.0998,435,0,2002.25,1.75737,416.002,0,1026.29,17.8599,520,0
10.6844,5006.78,4.60117,620,0,4022.46,15.2406,520,0,3004.57,3.10273,435,0,2002.26,1.76029,416.436,0,1026.34,17.8768,520,0
10.6945,5006.79,4.60551,620,0,4022.5,15.2549,520,0,3004.58,3.10566,435,0,2002.26,1.7632,416.869,0,1026.39,17.8936,520,0
10.7046,5006.81,4.60985,620,0,4022.54,15.2693,520,0,3004.59,3.10858,435,0,2002.27,1.76613,417.302,0,1026.44,17.9105,520,0
10.7147,5006.82,4.61419,620,0,4022.59,15.2837,520,0,3004.6,3.11151,435,0,2002.27,1.76905,417.736,0,1026.49,17.9274,520,0
10.7247,5006.83,4.61853,620,0,4022.63,15.2981,520,0,3004.61,3.11444,435,0,2002.27,1.77198,418.169,0,1026.54,17.9442,520,0
10.7348,5006.84,4.62287,620,0,4022.67,15.3124,520,0,3004.62,3.11736,435,0,2002.28,1.77491,418.603,0,1026.59,17.9611,520,0
10.7449,5006.86,4.62721,620,0,4022.71,15.3268,520,0,3004.62,3.12029,435,0,2002.28,1.77784,419.036,0,1026.64,17.9779,520,0
10.755,5006.87,4.63155,620,0,4022.76,15.3412,520,0,3004.63,3.12322,435,0,2002.29,1.78078,419.469,0,1026.69,17.9948,520,0
10.7651,5006.88,4.63589,620,0,4022.8,15.3556,520,0,3004.64,3.12615,435,0,2002.29,1.78372,419.903,0,1026.74,18.0117,520,0
10.7751,5006.9,4.64023,620,0,4022.84,15.37,520,0,3004.65,3.12907,435,0,2002.3,1.78666,420.336,0,1026.79,18.0285,520,0
10.7852,5006.91,4.64457,620,0,4022.88,15.3843,520,0,3004.66,3.132,435,0,2002.3,1.78961,420.769,0,1026.84,18.0454,520,0
10.7953,5006.92,4.64891,620,0,4022.93,15.3987,520,0,3004.67,3.13493,435,0,2002.31,1.79256,421.203,0,1026.89,18.0623,520,0
10.8053,5006.93,4.65326,620,0,4022.97,15.4131,520,0,3004.68,3.13785,435,0,2002.31,1.79551,421.636,0,1026.94,18.0791,520,0
10.8154,5006.95,4.6576,620,0,4023.01,15.4275,520,0,3004.68,3.14078,435,0,2002.32,1.79846,422.069,0,1026.99,18.096,520,0
10.8255,5006.96,4.66194,620,0,4023.06,15.4418,520,0,3004.69,3.14371,435,0,2002.32,1.80142,422.503,0,1027.04,18.1129,520,0
10.8355,5006.97,4.66628,620,0,4023.1,15.4562,520,0,3004.7,3.14664,435,0,2002.33,1.80438,422.936,0,1027.09,18.1297,520,0
10.8456,5006.99,4.67062,620,0,4023.14,15.4706,520,0,3004.71,3.14956,435,0,2002.33,1.80735,423.369,0,1027.14,18.1466,520,0
10.8557,5007,4.67496,620,0,4023.18,15.485,520,0,3004.72,3.15249,435,0,2002.34,1.81031,423.803,0,1027.19,18.1635,520,0
10.8661,5007.01,4.6793,620,0,4023.23,15.4994,520,0,3004.73,3.15542,435,0,2002.34,1.81328,424.236,0,1027.25,18.1803,520,0
10.8761,5007.03,4.68364,620,0,4023.27,15.5137,520,0,3004.74,3.15834,435,0,2002.35,1.81626,424.669,0,1027.3,18.1972,520,0
10.8862,5007.04,4.68798,620,0,4023.31,15.5281,520,0,3004.75,3.16127,435,0,2002.35,1.81923,425.103,0,1027.35,18.2141,520,0
10.8963,5007.05,4.69232,620,0,4023.36,15.5425,520,0,3004.76,3.1642,435,0,2002.36,1.82221,425.536,0,1027.4,18.2309,520,0
10.9063,5007.06,4.69666,620,0,4023.4,15.5569,520,0,3004.76,3.16713,435,0,2002.36,1.82519,425.969,0,1027.45,18.2478,520,0
10.9164,5007.08,4.701,620,0,4023.44,15.5712,520,0,3004.77,3.17005,435,0,2002.37,1.82818,426.403,0,1027.5,18.2646,520,0
10.9265,5007.09,4.70534,620,0,4023.49,15.5856,520,0,3004.78,3.17298,435,0,2002.38,1.83117,426.836,0,1027.55,18.2815,520,0
10.9365,5007.1,4.70968,620,0,4023.53,15.6,520,0,3004.79,3.17591,435,0,2002.38,1.83416,427.269,0,1027.6,18.2984,520,0
10.9466,5007.12,4.71403,620,0,4023.57,15.6144,520,0,3004.8,3.17883,435,0,2002.39,1.83715,427.703,0,1027.65,18.3152,520,0
10.9567,5007.13,4.71837,620,0,4023.62,15.6288,520,0,3004.81,3.18176,435,0,2002.39,1.84015,428.136,0,1027.7,18.3321,520,0
10.9668,5007.14,4.72271,620,0,4023.66,15.6431,520,0,3004.82,3.18469,435,0,2002.4,1.84315,428.569,0,1027.75,18.349,520,0
10.9768,5007.16,4.72705,620,0,4023.7,15.6575,520,0,3004.83,3.18761,435,0,2002.4,1.84616,429.003,0,1027.8,18.3658,520,0
10.9869,5007.17,4.73139,620,0,4023.75,15.6719,520,0,3004.83,3.19054,435,0,2002.41,1.84916,429.436,0,1027.85,18.3827,520,0
10.997,5007.18,4.73573,620,0,4023.79,15.6863,520,0,3004.84,3.19347,435,0,2002.41,1.85217,429.869,0,1027.91,18.3996,520,0
11.0071,5007.2,4.74007,620,0,4023.83,15.7006,520,0,3004.85,3.1964,435,0,2002.42,1.85518,430.303,0,1027.96,18.4164,520,0
11.0172,5007.21,4.74441,620,0,4023.88,15.715,520,0,3004.86,3.19932,435,0,2002.42,1.8582,430.736,0,1028.01,18.4333,520,0
11.0291,5007.22,4.74875,620,0,4023.92,15.7294,520,0,3004.87,3.20225,435,0,2002.43,1.86122,431.603,0,1028.06,18.4502,520,0
11.0391,5007.24,4.75309,620,0,4023.97,15.7438,520,0,3004.88,3.20518,435,0,2002.43,1.86425,432.036,0,1028.11,18.467,520,0
11.0492,5007.25,4.75743,620,0,4024.01,15.7582,520,0,3004.89,3.2081,435,0,2002.44,1.86727,432.47,0,1028.16,18.4839,520,0
11.0593,5007.26,4.76177,620,0,4024.05,15.7725,520,0,3004.9,3.21103,435,0,2002.44,1.87031,432.903,0,1028.21,18.5008,520,0
11.0693,5007.27,4.76611,620,0,4024.1,15.7869,520,0,3004.91,3.21396,435,0,2002.45,1.87334,433.336,0,1028.27,18.5176,520,0
11.0794,5007.29,4.77045,620,0,4024.14,15.8013,520,0,3004.91,3.21689,435,0,2002.45,1.87638,433.77,0,1028.32,18.5345,520,0
11.0895,5007.3,4.7748,620,0,4024.18,15.8157,520,0,3004.92,3.21981,435,0,2002.46,1.87942,434.203,0,1028.37,18.5514,520,0
11.0995,5007.31,4.77914,620,0,4024.23,15.83,520,0,3004.93,3.22274,435,0,2002.46,1.88246,434.636,0,1028.42,18.5682,520,0
11.1097,5007.33,4.78348,620,0,4024.27,15.8444,520,0,3004.94,3.22567,435,0,2002.47,1.8855,435.07,0,1028.47,18.5851,520,0
11.1198,5007.34,4.78782,620,0,4024.32,15.8588,520,0,3004.95,3.22859,435,0,2002.47,1.88855,435.503,0,1028.52,18.6019,520,0
11.1298,5007.35,4.79216,620,0,4024.36,15.8732,520,0,3004.96,3.23152,435,0,2002.48,1.89161,435.936,0,1028.57,18.6188,520,0
11.1399,5007.37,4.7965,620,0,4024.41,15.8876,520,0,3004.97,3.23445,435,0,2002.48,1.89466,436.37,0,1028.63,18.6357,520,0
11.15,5007.38,4.80084,620,0,4024.45,15.9019,520,0,3004.98,3.23738,435,0,2002.49,1.89772,436.803,0,1028.68,18.6525,520,0
11.1601,5007.39,4.80518,620,0,4024.49,15.9163,520,0,3004.99,3.2403,435,0,2002.49,1.90078,437.236,0,1028.73,18.6694,520,0
11.1701,5007.41,4.80952,620,0,4024.54,15.9307,520,0,3005,3.24323,435,0,2002.5,1.90384,437.67,0,1028.78,18.6863,520,0
11.1802,5007.42,4.81386,620,0,4024.58,15.9451,520,0,3005,3.24616,435,0,2002.5,1.90691,438.103,0,1028.83,18.7031,520,0
11.1903,5007.43,4.8182,620,0,4024.63,15.9594,520,0,3005.01,3.24908,435,0,2002.51,1.90998,438.536,0,1028.89,18.72,520,0
11.2004,5007.45,4.82254,620,0,4024.67,15.9738,520,0,3005.02,3.25201,435,0,2002.52,1.91306,438.97,0,1028.94,18.7369,520,0
11.2104,5007.46,4.82688,620,0,4024.72,15.9882,520,0,3005.03,3.25494,435,0,2002.52,1.91613,439.403,0,1028.99,18.7537,520,0
11.2205,5007.47,4.83122,620,0,4024.76,16.0026,520,0,3005.04,3.25787,435,0,2002.53,1.91921,439.836,0,1029.04,18.7706,520,0
11.2306,5007.49,4.83557,620,0,4024.8,16.017,520,0,3005.05,3.26079,435,0,2002.53,1.92229,440.27,0,1029.09,18.7875,520,0
11.2406,5007.5,4.83991,620,0,4024.85,16.0313,520,0,3005.06,3.26372,435,0,2002.54,1.92538,440.703,0,1029.15,18.8043,520,0
11.2507,5007.52,4.84425,620,0,4024.89,16.0457,520,0,3005.07,3.26665,435,0,2002.54,1.92847,441.136,0,1029.2,18.8212,520,0
11.2608,5007.53,4.84859,620,0,4024.94,16.0601,520,0,3005.08,3.26957,435,0,2002.55,1.93156,441.57,0,1029.25,18.8381,520,0
11.2708,5007.54,4.85293,620,0,4024.98,16.0745,520,0,3005.09,3.2725,435,0,2002.55,1.93465,442.003,0,1029.3,18.8549,520,0
11.2809,5007.56,4.85727,620,0,4025.03,16.0888,520,0,3005.1,3.27543,435,0,2002.56,1.93775,442.003,0,1029.36,18.8718,520,0
11.291,5007.57,4.86161,620,0,4025.07,16.1032,520,0,3005.1,3.27835,435,0,2002.56,1.94085,442.436,0,1029.41,18.8886,520,0
11.3011,5007.58,4.86595,620,0,4025.12,16.1176,520,0,3005.11,3.28128,435,0,2002.57,1.94395,442.87,0,1029.46,18.9055,520,0
11.3111,5007.6,4.87029,620,0,4025.16,16.132,520,0,3005.12,3.28421,435,0,2002.57,1.94705,443.303,0,1029.51,18.9224,520,0
11.3212,5007.61,4.87463,620,0,4025.21,16.1464,520,0,3005.13,3.28714,435,0,2002.58,1.95016,443.736,0,1029.57,18.9392,520,0
11.3313,5007.62,4.87897,620,0,4025.25,16.1607,520,0,3005.14,3.29006,435,0,2002.59,1.95327,444.17,0,1029.62,18.9561,520,0
11.3413,5007.64,4.88331,620,0,4025.3,16.1751,520,0,3005.15,3.29299,435,0,2002.59,1.95638,444.603,0,1029.67,18.973,520,0
11.3514,5007.65,4.88765,620,0,4025.34,16.1895,520,0,3005.16,3.29592,435,0,2002.6,1.95949,445.036,0,1029.72,18.9898,520,0
11.3615,5007.66,4.892,620,0,4025.39,16.2039,520,0,3005.17,3.29884,435,0,2002.6,1.96261,445.47,0,1029.78,19.0067,520,0
11.3716,5007.68,4.89634,620,0,4025.43,16.2182,520,0,3005.18,3.30177,435,0,2002.61,1.96574,445.903,0,1029.83,19.0236,520,0
11.3816,5007.69,4.90068,620,0,4025.48,16.2326,520,0,3005.19,3.3047,435,0,2002.61,1.96886,446.336,0,1029.88,19.0404,520,0
11.3917,5007.7,4.90502,620,0,4025.52,16.247,520,0,3005.2,3.30763,435,0,2002.62,1.97199,446.77,0,1029.94,19.0573,520,0
11.4018,5007.72,4.90936,620,0,4025.57,16.2614,520,0,3005.2,3.31055,435,0,2002.62,1.97512,447.203,0,1029.99,19.0742,520,0
11.4118,5007.73,4.9137,620,0,4025.61,16.2758,520,0,3005.21,3.31348,435,0,2002.63,1.97825,447.637,0,1030.04,19.091,520,0
11.4219,5007.75,4.91804,620,0,4025.66,16.2901,520,0,3005.22,3.31641,435,0,2002.63,1.98139,448.07,0,1030.09,19.1079,520,0
11.432,5007.76,4.92238,620,0,4025.7,16.3045,520,0,3005.23,3.31933,435,0,2002.64,1.98453,448.503,0,1030.15,19.1248,520,0
11.4421,5007.77,4.92672,620,0,4025.75,16.3189,520,0,3005.24,3.32226,435,0,2002.65,1.98767,448.937,0,1030.2,19.1416,520,0
11.4521,5007.79,4.93106,620,0,4025.79,16.3333,520,0,3005.25,3.32519,435,0,2002.65,1.99082,449.37,0,1030.25,19.1585,520,0
11.4622,5007.8,4.9354,620,0,4025.84,16.3476,520,0,3005.26,3.32812,435,0,2002.66,1.99397,449.803,0,1030.31,19.1753,520,0
11.4723,5007.81,4.93974,620,0,4025.88,16.362,520,0,3005.27,3.33104,435,0,2002.66,1.99712,450.237,0,1030.36,19.1922,520,0
11.4824,5007.83,4.94408,620,0,4025.93,16.3764,520,0,3005.28,3.33397,435,0,2002.67,2.00028,450.67,0,1030.41,19.2091,520,0
11.4924,5007.84,4.94842,620,0,4025.97,16.3908,520,0,3005.29,3.3369,435,0,2002.67,2.00343,451.103,0,1030.47,19.2259,520,0
11.5025,5007.86,4.95277,620,0,4026.02,16.4052,520,0,3005.3,3.33982,435,0,2002.68,2.0066,451.537,0,1030.52,19.2428,520,0
11.5126,5007.87,4.95711,620,0,4026.07,16.4195,520,0,3005.31,3.34275,435,0,2002.68,2.00976,451.97,0,1030.57,19.2597,520,0
11.5226,5007.88,4.96145,620,0,4026.11,16.4339,520,0,3005.32,3.34568,435,0,2002.69,2.01293,452.403,0,1030.63,19.2765,520,0
11.5327,5007.9,4.96579,620,0,4026.16,16.4483,520,0,3005.33,3.34861,435,0,2002.7,2.0161,452.837,0,1030.68,19.2934,520,0
11.5428,5007.91,4.97013,620,0,4026.2,16.4627,520,0,3005.33,3.35153,435,0,2002.7,2.01927,453.27,0,1030.74,19.3103,520,0
11.5528,5007.92,4.97447,620,0,4026.25,16.4771,520,0,3005.34,3.35446,435,0,2002.71,2.02245,453.703,0,1030.79,19.3271,520,0
11.5629,5007.94,4.97881,620,0,4026.29,16.4914,520,0,3005.35,3.35739,435,0,2002.71,2.02563,454.137,0,1030.84,19.344,520,0
11.573,5007.95,4.98315,620,0,4026.34,16.5058,520,0,3005.36,3.36031,435,0,2002.72,2.02881,454.57,0,1030.9,19.3609,520,0
11.5831,5007.97,4.98749,620,0,4026.39,16.5202,520,0,3005.37,3.36324,435,0,2002.72,2.03199,455.003,0,1030.95,19.3777,520,0
11.5931,5007.98,4.99183,620,0,4026.43,16.5346,520,0,3005.38,3.36617,435,0,2002.73,2.03518,455.437,0,1031,19.3946,520,0
11.6032,5007.99,4.99617,620,0,4026.48,16.5489,520,0,3005.39,3.3691,435,0,2002.74,2.03838,455.87,0,1031.06,19.4115,520,0
11.6133,5008.01,5.00051,620,0,4026.52,16.5633,520,0,3005.4,3.37202,435,0,2002.74,2.04157,456.303,0,1031.11,19.4283,520,0
11.6234,5008.02,5.00485,620,0,4026.57,16.5777,520,0,3005.41,3.37495,435,0,2002.75,2.04477,456.737,0,1031.17,19.4452,520,0
11.6334,5008.04,5.00919,620,0,4026.62,16.5921,520,0,3005.42,3.37788,435,0,2002.75,2.04797,457.17,0,1031.22,19.4621,520,0
11.6435,5008.05,5.01354,620,0,4026.66,16.6065,520,0,3005.43,3.3808,435,0,2002.76,2.05117,457.603,0,1031.27,19.4789,520,0
11.6536,5008.06,5.01788,620,0,4026.71,16.6208,520,0,3005.44,3.38373,435,0,2002.76,2.05438,458.037,0,1031.33,19.4958,520,0
11.6636,5008.08,5.02222,620,0,4026.75,16.6352,520,0,3005.45,3.38666,435,0,2002.77,2.05759,458.47,0,1031.38,19.5126,520,0
11.6737,5008.09,5.02656,620,0,4026.8,16.6496,520,0,3005.46,3.38958,435,0,2002.78,2.0608,458.903,0,1031.44,19.5295,520,0
11.6838,5008.11,5.0309,620,0,4026.85,16.664,520,0,3005.47,3.39251,435,0,2002.78,2.06402,459.337,0,1031.49,19.5464,520,0
11.6938,5008.12,5.03524,620,0,4026.89,16.6783,520,0,3005.48,3.39544,435,0,2002.79,2.06724,459.77,0,1031.55,19.5632,520,0
11.7039,5008.13,5.03958,620,0,4026.94,16.6927,520,0,3005.48,3.39837,435,0,2002.79,2.07046,460.203,0,1031.6,19.5801,520,0
11.714,5008.15,5.04392,620,0,4026.99,16.7071,520,0,3005.49,3.40129,435,0,2002.8,2.07368,460.637,0,1031.65,19.597,520,0
11.724,5008.16,5.04826,620,0,4027.03,16.7215,520,0,3005.5,3.40422,435,0,2002.8,2.07691,461.07,0,1031.71,19.6138,520,0
11.7341,5008.18,5.0526,620,0,4027.08,16.7359,520,0,3005.51,3.40715,435,0,2002.81,2.08014,461.504,0,1031.76,19.6307,520,0
11.7442,5008.19,5.05694,620,0,4027.13,16.7502,520,0,3005.52,3.41007,435,0,2002.82,2.08338,461.937,0,1031.82,19.6476,520,0
11.7542,5008.2,5.06128,620,0,4027.17,16.7646,520,0,3005.53,3.413,435,0,2002.82,2.08661,462.37,0,1031.87,19.6644,520,0
11.7643,5008.22,5.06562,620,0,4027.22,16.779,520,0,3005.54,3.41593,435,0,2002.83,2.08985,462.804,0,1031.93,19.6813,520,0
11.7744,5008.23,5.06996,620,0,4027.27,16.7934,520,0,3005.55,3.41886,435,0,2002.83,2.0931,463.237,0,1031.98,19.6982,520,0
11.7845,5008.25,5.07431,620,0,4027.31,16.8077,520,0,3005.56,3.42178,435,0,2002.84,2.09634,463.67,0,1032.04,19.715,520,0
11.7945,5008.26,5.07865,620,0,4027.36,16.8221,520,0,3005.57,3.42471,435,0,2002.84,2.09959,464.104,0,1032.09,19.7319,520,0
11.8046,5008.27,5.08299,620,0,4027.41,16.8365,520,0,3005.58,3.42764,435,0,2002.85,2.10284,464.537,0,1032.15,19.7488,520,0
11.8147,5008.29,5.08733,620,0,4027.45,16.8509,520,0,3005.59,3.43056,435,0,2002.86,2.1061,464.97,0,1032.2,19.7656,520,0
11.8247,5008.3,5.09167,620,0,4027.5,16.8653,520,0,3005.6,3.43349,435,0,2002.86,2.10936,465.404,0,1032.26,19.7825,520,0
11.8348,5008.32,5.09601,620,0,4027.55,16.8796,520,0,3005.61,3.43642,435,0,2002.87,2.11262,465.837,0,1032.31,19.7993,520,0
11.8449,5008.33,5.10035,620,0,4027.59,16.894,520,0,3005.62,3.43935,435,0,2002.87,2.11588,466.27,0,1032.37,19.8162,520,0
11.855,5008.34,5.10469,620,0,4027.64,16.9084,520,0,3005.63,3.44227,435,0,2002.88,2.11915,466.704,0,1032.42,19.8331,520,0
11.865,5008.36,5.10903,620,0,4027.69,16.9228,520,0,3005.64,3.4452,435,0,2002.89,2.12242,467.137,0,1032.48,19.8499,520,0
11.8751,5008.37,5.11337,620,0,4027.73,16.9371,520,0,3005.65,3.44813,435,0,2002.89,2.1257,467.57,0,1032.53,19.8668,520,0
11.8852,5008.39,5.11771,620,0,4027.78,16.9515,520,0,3005.66,3.45105,435,0,2002.9,2.12897,468.004,0,1032.59,19.8837,520,0
11.8952,5008.4,5.12205,620,0,4027.83,16.9659,520,0,3005.67,3.45398,435,0,2002.9,2.13225,468.437,0,1032.64,19.9005,520,0
11.9053,5008.42,5.12639,620,0,4027.88,16.9803,520,0,3005.68,3.45691,435,0,2002.91,2.13553,468.87,0,1032.7,19.9174,520,0
11.9154,5008.43,5.13073,620,0,4027.92,16.9947,520,0,3005.68,3.45984,435,0,2002.92,2.13882,469.304,0,1032.75,19.9343,520,0
11.9255,5008.44,5.13508,620,0,4027.97,17.009,520,0,3005.69,3.46276,435,0,2002.92,2.14211,469.737,0,1032.81,19.9511,520,0
11.9355,5008.46,5.13942,620,0,4028.02,17.0234,520,0,3005.7,3.46569,435,0,2002.93,2.1454,470.17,0,1032.86,19.968,520,0
11.9456,5008.47,5.14376,620,0,4028.07,17.0378,520,0,3005.71,3.46862,435,0,2002.93,2.1487,470.604,0,1032.92,19.9849,520,0
11.9557,5008.49,5.1481,620,0,4028.11,17.0522,520,0,3005.72,3.47154,435,0,2002.94,2.15199,471.037,0,1032.98,20.0017,520,0
11.9657,5008.5,5.15244,620,0,4028.16,17.0665,520,0,3005.73,3.47447,435,0,2002.95,2.15529,471.47,0,1033.03,20.0186,520,0
11.9758,5008.52,5.15678,620,0,4028.21,17.0809,520,0,3005.74,3.4774,435,0,2002.95,2.1586,471.904,0,1033.09,20.0355,520,0
11.9859,5008.53,5.16112,620,0,4028.25,17.0953,520,0,3005.75,3.48032,435,0,2002.96,2.1619,472.337,0,1033.14,20.0523,520,0
11.996,5008.54,5.16546,620,0,4028.3,17.1097,520,0,3005.76,3.48325,435,0,2002.96,2.16521,472.77,0,1033.2,20.0692,520,0
12.006,5008.56,5.1698,620,0,4028.35,17.1241,520,0,3005.77,3.48618,435,0,2002.97,2.16853,473.204,0,1033.25,20.0861,520,0
12.0161,5008.57,5.17414,620,0,4028.4,17.1384,520,0,3005.78,3.48911,435,0,2002.98,2.17184,473.637,0,1033.31,20.1029,520,0
12.0262,5008.59,5.17848,620,0,4028.45,17.1528,520,0,3005.79,3.49203,435,0,2002.98,2.17516,474.07,0,1033.37,20.1198,520,0
12.0363,5008.6,5.18282,620,0,4028.49,17.1672,520,0,3005.8,3.49496,435,0,2002.99,2.17848,474.504,0,1033.42,20.1366,520,0
12.0464,5008.62,5.18716,620,0,4028.54,17.1816,520,0,3005.81,3.49789,435,0,2002.99,2.18181,474.937,0,1033.48,20.1535,520,0
12.0565,5008.63,5.1915,620,0,4028.59,17.1959,520,0,3005.82,3.50081,435,0,2003,2.18514,475.371,0,1033.53,20.1704,520,0
12.0665,5008.65,5.19585,620,0,4028.64,17.2103,520,0,3005.83,3.50374,435,0,2003.01,2.18847,475.804,0,1033.59,20.1872,520,0
12.0766,5008.66,5.20019,620,0,4028.68,17.2247,520,0,3005.84,3.50667,435,0,2003.01,2.1918,476.237,0,1033.65,20.2041,520,0
12.0867,5008.67,5.20453,620,0,4028.73,17.2391,520,0,3005.85,3.5096,435,0,2003.02,2.19514,476.671,0,1033.7,20.221,520,0
12.0967,5008.69,5.20887,620,0,4028.78,17.2535,520,0,3005.86,3.51252,435,0,2003.02,2.19848,477.104,0,1033.76,20.2378,520,0
12.1068,5008.7,5.21321,620,0,4028.83,17.2678,520,0,3005.87,3.51545,435,0,2003.03,2.20182,477.537,0,1033.81,20.2547,520,0
12.1169,5008.72,5.21755,620,0,4028.88,17.2822,520,0,3005.88,3.51838,435,0,2003.04,2.20517,477.971,0,1033.87,20.2716,520,0
12.1269,5008.73,5.22189,620,0,4028.92,17.2966,520,0,3005.89,3.5213,435,0,2003.04,2.20852,478.404,0,1033.93,20.2884,520,0
12.137,5008.75,5.22623,620,0,4028.97,17.311,520,0,3005.9,3.52423,435,0,2003.05,2.21187,478.837,0,1033.98,20.3053,520,0
12.1471,5008.76,5.23057,620,0,4029.02,17.3253,520,0,3005.91,3.52716,435,0,2003.05,2.21523,479.271,0,1034.04,20.3222,520,0
12.1575,5008.78,5.23491,620,0,4029.07,17.3397,520,0,3005.92,3.53009,435,0,2003.06,2.21859,479.704,0,1034.1,20.339,520,0
12.1676,5008.79,5.23925,620,0,4029.12,17.3541,520,0,3005.93,3.53301,435,0,2003.07,2.22195,480.137,0,1034.15,20.3559,520,0
12.1777,5008.8,5.24359,620,0,4029.16,17.3685,520,0,3005.94,3.53594,435,0,2003.07,2.22531,480.571,0,1034.21,20.3728,520,0
12.1877,5008.82,5.24793,620,0,4029.21,17.3829,520,0,3005.95,3.53887,435,0,2003.08,2.22868,481.004,0,1034.27,20.3896,520,0
12.1978,5008.83,5.25228,620,0,4029.26,17.3972,520,0,3005.96,3.54179,435,0,2003.09,2.23205,481.437,0,1034.32,20.4065,520,0
12.2079,5008.85,5.25662,620,0,4029.31,17.4116,520,0,3005.97,3.54472,435,0,2003.09,2.23542,481.871,0,1034.38,20.4233,520,0
12.2179,5008.86,5.26096,620,0,4029.36,17.426,520,0,3005.98,3.54765,435,0,2003.1,2.2388,482.304,0,1034.44,20.4402,520,0
12.228,5008.88,5.2653,620,0,4029.41,17.4404,520,0,3005.99,3.55058,435,0,2003.1,2.24218,482.737,0,1034.49,20.4571,520,0
12.2381,5008.89,5.26964,620,0,4029.45,17.4547,520,0,3006,3.5535,435,0,2003.11,2.24556,483.171,0,1034.55,20.4739,520,0
12.2482,5008.91,5.27398,620,0,4029.5,17.4691,520,0,3006.01,3.55643,435,0,2003.12,2.24895,483.604,0,1034.61,20.4908,520,0
12.2582,5008.92,5.27832,620,0,4029.55,17.4835,520,0,3006.02,3.55936,435,0,2003.12,2.25234,484.037,0,1034.66,20.5077,520,0
12.2683,5008.94,5.28266,620,0,4029.6,17.4979,520,0,3006.03,3.56228,435,0,2003.13,2.25573,484.471,0,1034.72,20.5245,520,0
12.2784,5008.95,5.287,620,0,4029.65,17.5123,520,0,3006.04,3.56521,435,0,2003.14,2.25913,484.904,0,1034.78,20.5414,520,0
12.2885,5008.97,5.29134,620,0,4029.7,17.5266,520,0,3006.05,3.56814,435,0,2003.14,2.26252,485.337,0,1034.83,20.5583,520,0
12.2985,5008.98,5.29568,620,0,4029.75,17.541,520,0,3006.06,3.57107,435,0,2003.15,2.26592,485.771,0,1034.89,20.5751,520,0
12.3086,5009,5.30002,620,0,4029.8,17.5554,520,0,3006.07,3.57399,435,0,2003.15,2.26933,486.204,0,1034.95,20.592,520,0
12.3187,5009.01,5.30436,620,0,4029.84,17.5698,520,0,3006.08,3.57692,435,0,2003.16,2.27273,486.637,0,1035.01,20.6089,520,0
12.3289,5009.02,5.3087,620,0,4029.89,17.5841,520,0,3006.09,3.57985,435,0,2003.17,2.27614,487.071,0,1035.06,20.6257,520,0
12.3389,5009.04,5.31305,620,0,4029.94,17.5985,520,0,3006.1,3.58277,435,0,2003.17,2.27956,487.504,0,1035.12,20.6426,520,0
12.349,5009.05,5.31739,620,0,4029.99,17.6129,520,0,3006.11,3.5857,435,0,2003.18,2.28297,487.938,0,1035.18,20.6595,520,0
12.3591,5009.07,5.32173,620,0,4030.04,17.6273,520,0,3006.12,3.58863,435,0,2003.19,2.28639,488.371,0,1035.24,20.6763,520,0
12.3693,5009.08,5.32607,620,0,4030.09,17.6417,520,0,3006.13,3.59155,435,0,2003.19,2.28982,488.804,0,1035.29,20.6932,520,0
12.3794,5009.1,5.33041,620,0,4030.14,17.656,520,0,3006.14,3.59448,435,0,2003.2,2.29324,489.238,0,1035.35,20.7101,520,0
12.3894,5009.11,5.33475,620,0,4030.19,17.6704,520,0,3006.15,3.59741,435,0,2003.2,2.29667,489.671,0,1035.41,20.7269,520,0
12.3995,5009.13,5.33909,620,0,4030.24,17.6848,520,0,3006.16,3.60034,435,0,2003.21,2.3001,490.104,0,1035.47,20.7438,520,0
12.4096,5009.14,5.34343,620,0,4030.29,17.6992,520,0,3006.17,3.60326,435,0,2003.22,2.30353,490.538,0,1035.52,20.7606,520,0
12.4197,5009.16,5.34777,620,0,4030.33,17.7135,520,0,3006.18,3.60619,435,0,2003.22,2.30697,490.971,0,1035.58,20.7775,520,0
12.4298,5009.17,5.35211,620,0,4030.38,17.7279,520,0,3006.19,3.60912,435,0,2003.23,2.31041,491.404,0,1035.64,20.7944,520,0
12.4398,5009.19,5.35645,620,0,4030.43,17.7423,520,0,3006.2,3.61204,435,0,2003.24,2.31386,491.838,0,1035.7,20.8112,520,0
12.4499,5009.2,5.36079,620,0,4030.48,17.7567,520,0,3006.21,3.61497,435,0,2003.24,2.3173,492.271,0,1035.75,20.8281,520,0
12.46,5009.22,5.36513,620,0,4030.53,17.7711,520,0,3006.22,3.6179,435,0,2003.25,2.32075,492.704,0,1035.81,20.845,520,0
12.4701,5009.23,5.36947,620,0,4030.58,17.7854,520,0,3006.23,3.62083,435,0,2003.26,2.3242,493.138,0,1035.87,20.8618,520,0
12.4801,5009.25,5.37382,620,0,4030.63,17.7998,520,0,3006.24,3.62375,435,0,2003.26,2.32766,493.571,0,1035.93,20.8787,520,0
12.4902,5009.26,5.37816,620,0,4030.68,17.8142,520,0,3006.25,3.62668,435,0,2003.27,2.33112,494.004,0,1035.99,20.8956,520,0
12.5003,5009.28,5.3825,620,0,4030.73,17.8286,520,0,3006.26,3.62961,435,0,2003.28,2.33458,494.438,0,1036.04,20.9124,520,0
12.5103,5009.29,5.38684,620,0,4030.78,17.8429,520,0,3006.27,3.63253,435,0,2003.28,2.33804,494.871,0,1036.1,20.9293,520,0
12.5204,5009.31,5.39118,620,0,4030.83,17.8573,520,0,3006.28,3.63546,435,0,2003.29,2.34151,495.304,0,1036.16,20.9462,520,0
12.5306,5009.32,5.39552,620,0,4030.88,17.8717,520,0,3006.29,3.63839,435,0,2003.3,2.34498,495.738,0,1036.22,20.963,520,0
12.5407,5009.34,5.39986,620,0,4030.93,17.8861,520,0,3006.3,3.64132,435,0,2003.3,2.34846,496.171,0,1036.28,20.9799,520,0
12.5508,5009.35,5.4042,620,0,4030.98,17.9005,520,0,3006.31,3.64424,435,0,2003.31,2.35193,496.604,0,1036.34,20.9968,520,0
12.5608,5009.37,5.40854,620,0,4031.03,17.9148,520,0,3006.32,3.64717,435,0,2003.31,2.35541,497.038,0,1036.39,21.0136,520,0
12.5709,5009.38,5.41288,620,0,4031.08,17.9292,520,0,3006.33,3.6501,435,0,2003.32,2.3589,497.471,0,1036.45,21.0305,520,0
12.581,5009.4,5.41722,620,0,4031.13,17.9436,520,0,3006.34,3.65302,435,0,2003.33,2.36238,497.904,0,1036.51,21.0473,520,0
12.591,5009.41,5.42156,620,0,4031.18,17.958,520,0,3006.35,3.65595,435,0,2003.33,2.36587,498.338,0,1036.57,21.0642,520,0
12.6011,5009.43,5.4259,620,0,4031.23,17.9723,520,0,3006.36,3.65888,435,0,2003.34,2.36936,498.771,0,1036.63,21.0811,520,0
12.6113,5009.44,5.43024,620,0,4031.28,17.9867,520,0,3006.37,3.66181,435,0,2003.35,2.37286,499.204,0,1036.69,21.0979,520,0
12.6213,5009.46,5.43459,620,0,4031.33,18.0011,520,0,3006.38,3.66473,435,0,2003.35,2.37636,499.638,0,1036.75,21.1148,520,0
12.6314,5009.47,5.43893,620,0,4031.38,18.0155,520,0,3006.39,3.66766,435,0,2003.36,2.37986,500.071,0,1036.8,21.1317,520,0
12.6415,5009.49,5.44327,620,0,4031.43,18.0299,520,0,3006.4,3.67059,435,0,2003.37,2.38336,500.504,0,1036.86,21.1485,520,0
12.6515,5009.5,5.44761,620,0,4031.48,18.0442,520,0,3006.41,3.67351,435,0,2003.37,2.38687,500.938,0,1036.92,21.1654,520,0
12.6616,5009.52,5.45195,620,0,4031.53,18.0586,520,0,3006.42,3.67644,435,0,2003.38,2.39038,501.371,0,1036.98,21.1823,520,0
12.6717,5009.53,5.45629,620,0,4031.58,18.073,520,0,3006.43,3.67937,435,0,2003.39,2.39389,501.805,0,1037.04,21.1991,520,0
12.6817,5009.55,5.46063,620,0,4031.63,18.0874,520,0,3006.44,3.6823,435,0,2003.39,2.39741,502.238,0,1037.1,21.216,520,0
12.6918,5009.56,5.46497,620,0,4031.68,18.1018,520,0,3006.45,3.68522,435,0,2003.4,2.40093,502.671,0,1037.16,21.2329,520,0
12.7019,5009.58,5.46931,620,0,4031.73,18.1161,520,0,3006.46,3.68815,435,0,2003.41,2.40445,503.105,0,1037.22,21.2497,520,0
12.7119,5009.59,5.47365,620,0,4031.78,18.1305,520,0,3006.47,3.69108,435,0,2003.41,2.40798,503.538,0,1037.28,21.2666,520,0
12.722,5009.61,5.47799,620,0,4031.83,18.1449,520,0,3006.48,3.694,435,0,2003.42,2.4115,503.971,0,1037.33,21.2835,520,0
12.7321,5009.62,5.48233,620,0,4031.88,18.1593,520,0,3006.49,3.69693,435,0,2003.43,2.41504,504.405,0,1037.39,21.3003,520,0
12.7421,5009.64,5.48667,620,0,4031.93,18.1736,520,0,3006.5,3.69986,435,0,2003.43,2.41857,504.838,0,1037.45,21.3172,520,0
12.7522,5009.66,5.49101,620,0,4031.98,18.188,520,0,3006.51,3.70278,435,0,2003.44,2.42211,505.271,0,1037.51,21.3341,520,0
12.7623,5009.67,5.49536,620,0,4032.03,18.2024,520,0,3006.52,3.70571,435,0,2003.45,2.42565,505.705,0,1037.57,21.3509,520,0
12.7723,5009.69,5.4997,620,0,4032.08,18.2168,520,0,3006.53,3.70864,435,0,2003.45,2.42919,506.138,0,1037.63,21.3678,520,0
12.7824,5009.7,5.50404,620,0,4032.13,18.2312,520,0,3006.54,3.71157,435,0,2003.46,2.43274,506.571,0,1037.69,21.3846,520,0
12.7925,5009.72,5.50838,620,0,4032.18,18.2455,520,0,3006.55,3.71449,435,0,2003.47,2.43629,507.005,0,1037.75,21.4015,520,0
12.8026,5009.73,5.51272,620,0,4032.23,18.2599,520,0,3006.56,3.71742,435,0,2003.47,2.43984,507.438,0,1037.81,21.4184,520,0
12.8126,5009.75,5.51706,620,0,4032.28,18.2743,520,0,3006.57,3.72035,435,0,2003.48,2.4434,507.871,0,1037.87,21.4352,520,0
12.8227,5009.76,5.5214,620,0,4032.34,18.2887,520,0,3006.58,3.72327,435,0,2003.49,2.44695,508.305,0,1037.93,21.4521,520,0
12.8328,5009.78,5.52574,620,0,4032.39,18.303,520,0,3006.59,3.7262,435,0,2003.5,2.45052,508.738,0,1037.99,21.469,520,0
12.8429,5009.79,5.53008,620,0,4032.44,18.3174,520,0,3006.6,3.72913,435,0,2003.5,2.45408,509.171,0,1038.05,21.4858,520,0
12.8529,5009.81,5.53442,620,0,4032.49,18.3318,520,0,3006.61,3.73206,435,0,2003.51,2.45765,509.605,0,1038.11,21.5027,520,0
12.863,5009.82,5.53876,620,0,4032.54,18.3462,520,0,3006.62,3.73498,435,0,2003.52,2.46122,510.038,0,1038.17,21.5196,520,0
12.8731,5009.84,5.5431,620,0,4032.59,18.3606,520,0,3006.63,3.73791,435,0,2003.52,2.46479,510.471,0,1038.23,21.5364,520,0
12.8831,5009.85,5.54744,620,0,4032.64,18.3749,520,0,3006.65,3.74084,435,0,2003.53,2.46837,510.905,0,1038.29,21.5533,520,0
12.8932,5009.87,5.55179,620,0,4032.69,18.3893,520,0,3006.66,3.74376,435,0,2003.54,2.47195,511.338,0,1038.35,21.5702,520,0
12.9033,5009.89,5.55613,620,0,4032.74,18.4037,520,0,3006.67,3.74669,435,0,2003.54,2.47553,511.771,0,1038.41,21.587,520,0
12.9134,5009.9,5.56047,620,0,4032.79,18.4181,520,0,3006.68,3.74962,435,0,2003.55,2.47912,512.205,0,1038.47,21.6039,520,0
12.9234,5009.92,5.56481,620,0,4032.85,18.4324,520,0,3006.69,3.75255,435,0,2003.56,2.48271,512.638,0,1038.53,21.6208,520,0
12.9338,5009.93,5.56915,620,0,4032.9,18.4468,520,0,3006.7,3.75547,435,0,2003.56,2.4863,513.071,0,1038.59,21.6376,520,0
12.9439,5009.95,5.57349,620,0,4032.95,18.4612,520,0,3006.71,3.7584,435,0,2003.57,2.4899,513.505,0,1038.65,21.6545,520,0
12.9539,5009.96,5.57783,620,0,4033,18.4756,520,0,3006.72,3.76133,435,0,2003.58,2.49349,513.938,0,1038.71,21.6713,520,0
12.964,5009.98,5.58217,620,0,4033.05,18.49,520,0,3006.73,3.76425,435,0,2003.58,2.4971,514.371,0,1038.77,21.6882,520,0
12.9741,5009.99,5.58651,620,0,4033.1,18.5043,520,0,3006.74,3.76718,435,0,2003.59,2.5007,514.805,0,1038.83,21.7051,520,0
12.9841,5010.01,5.59085,620,0,4033.15,18.5187,520,0,3006.75,3.77011,435,0,2003.6,2.50431,515.238,0,1038.89,21.7219,520,0
12.9943,5010.02,5.59519,620,0,4033.21,18.5331,520,0,3006.76,3.77304,435,0,2003.61,2.50792,515.672,0,1038.95,21.7388,520,0
13.0043,5010.04,5.59953,620,0,4033.26,18.5475,520,0,3006.77,3.77596,435,0,2003.61,2.51153,516.105,0,1039.01,21.7557,520,0
13.0144,5010.06,5.60387,620,0,4033.31,18.5618,520,0,3006.78,3.77889,435,0,2003.62,2.51515,516.538,0,1039.07,21.7725,520,0
13.0245,5010.07,5.60821,620,0,4033.36,18.5762,520,0,3006.79,3.78182,435,0,2003.63,2.51877,516.972,0,1039.13,21.7894,520,0
13.0346,5010.09,5.61256,620,0,4033.41,18.5906,520,0,3006.8,3.78474,435,0,2003.63,2.52239,517.405,0,1039.19,21.8063,520,0
13.0446,5010.1,5.6169,620,0,4033.46,18.605,520,0,3006.81,3.78767,435,0,2003.64,2.52601,517.838,0,1039.25,21.8231,520,0
13.0547,5010.12,5.62124,620,0,4033.51,18.6194,520,0,3006.82,3.7906,435,0,2003.65,2.52964,518.272,0,1039.31,21.84,520,0
13.0648,5010.13,5.62558,620,0,4033.57,18.6337,520,0,3006.83,3.79352,435,0,2003.65,2.53327,518.705,0,1039.37,21.8569,520,0
13.0749,5010.15,5.62992,620,0,4033.62,18.6481,520,0,3006.84,3.79645,435,0,2003.66,2.53691,519.138,0,1039.43,21.8737,520,0
13.0849,5010.17,5.63426,620,0,4033.67,18.6625,520,0,3006.85,3.79938,435,0,2003.67,2.54055,519.572,0,1039.49,21.8906,520,0
13.095,5010.18,5.6386,620,0,4033.72,18.6769,520,0,3006.87,3.80231,435,0,2003.68,2.54419,520,0,1039.56,21.9075,520,0
13.1051,5010.2,5.64294,620,0,4033.77,18.6912,520,0,3006.88,3.80523,435,0,2003.68,2.54783,520,0,1039.62,21.9243,520,0
13.1151,5010.21,5.64728,620,0,4033.83,18.7056,520,0,3006.89,3.80816,435,0,2003.69,2.55147,520,0,1039.68,21.9412,520,0
13.1252,5010.23,5.65162,620,0,4033.88,18.72,520,0,3006.9,3.81109,435,0,2003.7,2.55511,520,0,1039.74,21.9581,520,0
13.1353,5010.24,5.65596,620,0,4033.93,18.7344,520,0,3006.91,3.81401,435,0,2003.7,2.55875,520,0,1039.8,21.9749,520,0
13.1454,5010.26,5.6603,620,0,4033.98,18.7488,520,0,3006.92,3.81694,435,0,2003.71,2.56239,520,0,1039.86,21.9918,520,0
13.1554,5010.28,5.66464,620,0,4034.03,18.7631,520,0,3006.93,3.81987,435,0,2003.72,2.56603,520,0,1039.92,22.0086,520,0
13.1655,5010.29,5.66898,620,0,4034.09,18.7775,520,0,3006.94,3.8228,435,0,2003.73,2.56967,520,0,1039.98,22.0255,520,0
13.1756,5010.31,5.67333,620,0,4034.14,18.7919,520,0,3006.95,3.82572,435,0,2003.73,2.57331,520,0,1040.04,22.0424,520,0
13.1856,5010.32,5.67767,620,0,4034.19,18.8063,520,0,3006.96,3.82865,435,0,2003.74,2.57695,520,0,1040.1,22.0592,520,0
13.1957,5010.34,5.68201,620,0,4034.24,18.8206,520,0,3006.97,3.83158,435,0,2003.75,2.58059,520,0,1040.17,22.0761,520,0
13.2058,5010.35,5.68635,620,0,4034.3,18.835,520,0,3006.98,3.8345,435,0,2003.75,2.58423,520,0,1040.23,22.093,520,0
13.2159,5010.37,5.69069,620,0,4034.35,18.8494,520,0,3006.99,3.83743,435,0,2003.76,2.58787,520,0,1040.29,22.1098,520,0
13.226,5010.39,5.69503,620,0,4034.4,18.8638,520,0,3007,3.84036,435,0,2003.77,2.59151,520,0,1040.35,22.1267,520,0
13.2361,5010.4,5.69937,620,0,4034.45,18.8782,520,0,3007.01,3.84329,435,0,2003.78,2.59516,520,0,1040.41,22.1436,520,0
13.2462,5010.42,5.70371,620,0,4034.51,18.8925,520,0,3007.02,3.84621,435,0,2003.78,2.5988,520,0,1040.47,22.1604,520,0
13.2562,5010.43,5.70805,620,0,4034.56,18.9069,520,0,3007.04,3.84914,435,0,2003.79,2.60244,520,0,1040.54,22.1773,520,0
13.2663,5010.45,5.71239,620,0,4034.61,18.9213,520,0,3007.05,3.85207,435,0,2003.8,2.60608,520,0,1040.6,22.1942,520,0
13.2764,5010.46,5.71673,620,0,4034.66,18.9357,520,0,3007.06,3.85499,435,0,2003.8,2.60972,520,0,1040.66,22.211,520,0
13.2864,5010.48,5.72107,620,0,4034.72,18.95,520,0,3007.07,3.85792,435,0,2003.81,2.61336,520,0,1040.72,22.2279,520,0
13.2965,5010.5,5.72541,620,0,4034.77,18.9644,520,0,3007.08,3.86085,435,0,2003.82,2.617,520,0,1040.78,22.2448,520,0
13.3066,5010.51,5.72975,620,0,4034.82,18.9788,520,0,3007.09,3.86378,435,0,2003.83,2.62064,520,0,1040.84,22.2616,520,0
13.3167,5010.53,5.7341,620,0,4034.87,18.9932,520,0,3007.1,3.8667,435,0,2003.83,2.62428,520,0,1040.91,22.2785,520,0
13.3268,5010.54,5.73844,620,0,4034.93,19.0076,520,0,3007.11,3.86963,435,0,2003.84,2.62792,520,0,1040.97,22.2953,520,0
13.3369,5010.56,5.74278,620,0,4034.98,19.0219,520,0,3007.12,3.87256,435,0,2003.85,2.63156,520,0,1041.03,22.3122,520,0
13.3469,5010.58,5.74712,620,0,4035.03,19.0363,520,0,3007.13,3.87548,435,0,2003.86,2.6352,520,0,1041.09,22.3291,520,0
13.357,5010.59,5.75146,620,0,4035.09,19.0507,520,0,3007.14,3.87841,435,0,2003.86,2.63884,520,0,1041.15,22.3459,520,0
13.3671,5010.61,5.7558,620,0,4035.14,19.0651,520,0,3007.15,3.88134,435,0,2003.87,2.64248,520,0,1041.22,22.3628,520,0
13.3772,5010.62,5.76014,620,0,4035.19,19.0794,520,0,3007.16,3.88427,435,0,2003.88,2.64612,520,0,1041.28,22.3797,520,0
13.3872,5010.64,5.76448,620,0,4035.24,19.0938,520,0,3007.18,3.88719,435,0,2003.88,2.64976,520,0,1041.34,22.3965,520,0
13.3973,5010.66,5.76882,620,0,4035.3,19.1082,520,0,3007.19,3.89012,435,0,2003.89,2.65341,520,0,1041.4,22.4134,520,0
13.4074,5010.67,5.77316,620,0,4035.35,19.1226,520,0,3007.2,3.89305,435,0,2003.9,2.65705,520,0,1041.46,22.4303,520,0
13.4174,5010.69,5.7775,620,0,4035.4,19.137,520,0,3007.21,3.89597,435,0,2003.91,2.66069,520,0,1041.53,22.4471,520,0
13.4275,5010.7,5.78184,620,0,4035.46,19.1513,520,0,3007.22,3.8989,435,0,2003.91,2.66433,520,0,1041.59,22.464,520,0
13.4376,5010.72,5.78618,620,0,4035.51,19.1657,520,0,3007.23,3.90183,435,0,2003.92,2.66797,520,0,1041.65,22.4809,520,0
13.4477,5010.74,5.79052,620,0,4035.56,19.1801,520,0,3007.24,3.90475,435,0,2003.93,2.67161,520,0,1041.71,22.4977,520,0
13.4577,5010.75,5.79487,620,0,4035.62,19.1945,520,0,3007.25,3.90768,435,0,2003.94,2.67525,520,0,1041.78,22.5146,520,0
13.4678,5010.77,5.79921,620,0,4035.67,19.2088,520,0,3007.26,3.91061,435,0,2003.94,2.67889,520,0,1041.84,22.5315,520,0
13.4779,5010.78,5.80355,620,0,4035.72,19.2232,520,0,3007.27,3.91354,435,0,2003.95,2.68253,520,0,1041.9,22.5483,520,0
13.488,5010.8,5.80789,620,0,4035.78,19.2376,520,0,3007.28,3.91646,435,0,2003.96,2.68617,520,0,1041.96,22.5652,520,0
13.498,5010.82,5.81223,620,0,4035.83,19.252,520,0,3007.29,3.91939,435,0,2003.97,2.68981,520,0,1042.03,22.5821,520,0
13.5081,5010.83,5.81657,620,0,4035.88,19.2664,520,0,3007.31,3.92232,435,0,2003.97,2.69345,520,0,1042.09,22.5989,520,0
13.5182,5010.85,5.82091,620,0,4035.94,19.2807,520,0,3007.32,3.92524,435,0,2003.98,2.69709,520,0,1042.15,22.6158,520,0
13.5283,5010.87,5.82525,620,0,4035.99,19.2951,520,0,3007.33,3.92817,435,0,2003.99,2.70073,520,0,1042.22,22.6326,520,0
13.5383,5010.88,5.82959,620,0,4036.04,19.3095,520,0,3007.34,3.9311,435,0,2004,2.70437,520,0,1042.28,22.6495,520,0
13.5484,5010.9,5.83393,620,0,4036.1,19.3239,520,0,3007.35,3.93403,435,0,2004,2.70801,520,0,1042.34,22.6664,520,0
13.5585,5010.91,5.83827,620,0,4036.15,19.3382,520,0,3007.36,3.93695,435,0,2004.01,2.71165,520,0,1042.41,22.6832,520,0
13.5686,5010.93,5.84261,620,0,4036.21,19.3526,520,0,3007.37,3.93988,435,0,2004.02,2.7153,520,0,1042.47,22.7001,520,0
13.5786,5010.95,5.84695,620,0,4036.26,19.367,520,0,3007.38,3.94281,435,0,2004.03,2.71894,520,0,1042.53,22.717,520,0
13.5889,5010.96,5.85129,620,0,4036.31,19.3814,520,0,3007.39,3.94573,435,0,2004.03,2.72258,520,0,1042.59,22.7338,520,0
13.5989,5010.98,5.85564,620,0,4036.37,19.3958,520,0,3007.4,3.94866,435,0,2004.04,2.72622,520,0,1042.66,22.7507,520,0
13.609,5011,5.85998,620,0,4036.42,19.4101,520,0,3007.41,3.95159,435,0,2004.05,2.72986,520,0,1042.72,22.7676,520,0
13.6191,5011.01,5.86432,620,0,4036.47,19.4245,520,0,3007.43,3.95452,435,0,2004.06,2.7335,520,0,1042.78,22.7844,520,0
13.6291,5011.03,5.86866,620,0,4036.53,19.4389,520,0,3007.44,3.95744,435,0,2004.06,2.73714,520,0,1042.85,22.8013,520,0
13.6392,5011.04,5.873,620,0,4036.58,19.4533,520,0,3007.45,3.96037,435,0,2004.07,2.74078,520,0,1042.91,22.8182,520,0
13.6493,5011.06,5.87734,620,0,4036.64,19.4676,520,0,3007.46,3.9633,435,0,2004.08,2.74442,520,0,1042.97,22.835,520,0
13.6594,5011.08,5.88168,620,0,4036.69,19.482,520,0,3007.47,3.96622,435,0,2004.09,2.74806,520,0,1043.04,22.8519,520,0
13.6695,5011.09,5.88602,620,0,4036.75,19.4964,520,0,3007.48,3.96915,435,0,2004.1,2.7517,520,0,1043.1,22.8688,520,0
13.6795,5011.11,5.89036,620,0,4036.8,19.5108,520,0,3007.49,3.97208,435,0,2004.1,2.75534,520,0,1043.16,22.8856,520,0
13.6896,5011.13,5.8947,620,0,4036.85,19.5252,520,0,3007.5,3.97501,435,0,2004.11,2.75898,520,0,1043.23,22.9025,520,0
13.6997,5011.14,5.89904,620,0,4036.91,19.5395,520,0,3007.51,3.97793,435,0,2004.12,2.76262,520,0,1043.29,22.9193,520,0
13.7097,5011.16,5.90338,620,0,4036.96,19.5539,520,0,3007.52,3.98086,435,0,2004.13,2.76626,520,0,1043.36,22.9362,520,0
13.7198,5011.18,5.90772,620,0,4037.02,19.5683,520,0,3007.54,3.98379,435,0,2004.13,2.7699,520,0,1043.42,22.9531,520,0
13.7299,5011.19,5.91207,620,0,4037.07,19.5827,520,0,3007.55,3.98671,435,0,2004.14,2.77355,520,0,1043.48,22.9699,520,0
13.74,5011.21,5.91641,620,0,4037.13,19.5971,520,0,3007.56,3.98964,435,0,2004.15,2.77719,520,0,1043.55,22.9868,520,0
13.75,5011.22,5.92075,620,0,4037.18,19.6114,520,0,3007.57,3.99257,435,0,2004.16,2.78083,520,0,1043.61,23.0037,520,0
13.7601,5011.24,5.92509,620,0,4037.23,19.6258,520,0,3007.58,3.9955,435,0,2004.16,2.78447,520,0,1043.68,23.0205,520,0
13.7702,5011.26,5.92943,620,0,4037.29,19.6402,520,0,3007.59,3.99842,435,0,2004.17,2.78811,520,0,1043.74,23.0374,520,0
13.7804,5011.27,5.93377,620,0,4037.34,19.6546,520,0,3007.6,4.00135,435,0,2004.18,2.79175,520,0,1043.8,23.0543,520,0
13.7905,5011.29,5.93811,620,0,4037.4,19.6689,520,0,3007.61,4.00428,435,0,2004.19,2.79539,520,0,1043.87,23.0711,520,0
13.8005,5011.31,5.94245,620,0,4037.45,19.6833,520,0,3007.62,4.0072,435,0,2004.2,2.79903,520,0,1043.93,23.088,520,0
13.8106,5011.32,5.94679,620,0,4037.51,19.6977,520,0,3007.64,4.01013,435,0,2004.2,2.80267,520,0,1044,23.1049,520,0
13.8207,5011.34,5.95113,620,0,4037.56,19.7121,520,0,3007.65,4.01306,435,0,2004.21,2.80631,520,0,1044.06,23.1217,520,0
13.8308,5011.36,5.95547,620,0,4037.62,19.7265,520,0,3007.66,4.01598,435,0,2004.22,2.80995,520,0,1044.12,23.1386,520,0
13.8409,5011.37,5.95981,620,0,4037.67,19.7408,520,0,3007.67,4.01891,435,0,2004.23,2.81359,520,0,1044.19,23.1555,520,0
13.8509,5011.39,5.96415,620,0,4037.73,19.7552,520,0,3007.68,4.02184,435,0,2004.23,2.81723,520,0,1044.25,23.1723,520,0
13.8611,5011.41,5.96849,620,0,4037.78,19.7696,520,0,3007.69,4.02477,435,0,2004.24,2.82087,520,0,1044.32,23.1892,520,0
13.8711,5011.42,5.97284,620,0,4037.84,19.784,520,0,3007.7,4.02769,435,0,2004.25,2.82451,520,0,1044.38,23.2061,520,0
13.8812,5011.44,5.97718,620,0,4037.89,19.7983,520,0,3007.71,4.03062,435,0,2004.26,2.82815,520,0,1044.45,23.2229,520,0
13.8913,5011.46,5.98152,620,0,4037.95,19.8127,520,0,3007.73,4.03355,435,0,2004.27,2.83179,520,0,1044.51,23.2398,520,0
13.9014,5011.47,5.98586,620,0,4038,19.8271,520,0,3007.74,4.03647,435,0,2004.27,2.83544,520,0,1044.58,23.2566,520,0
13.9114,5011.49,5.9902,620,0,4038.06,19.8415,520,0,3007.75,4.0394,435,0,2004.28,2.83908,520,0,1044.64,23.2735,520,0
13.9215,5011.51,5.99454,620,0,4038.11,19.8559,520,0,3007.76,4.04233,435,0,2004.29,2.84272,520,0,1044.7,23.2904,520,0
13.9316,5011.52,5.99888,620,0,4038.17,19.8702,520,0,3007.77,4.04526,435,0,2004.3,2.84636,520,0,1044.77,23.3072,520,0
13.9416,5011.54,6.00322,620,0,4038.22,19.8846,520,0,3007.78,4.04818,435,0,2004.31,2.85,520,0,1044.83,23.3241,520,0
13.9517,5011.56,6.00756,620,0,4038.28,19.899,520,0,3007.79,4.05111,435,0,2004.31,2.85364,520,0,1044.9,23.341,520,0
13.9618,5011.57,6.0119,620,0,4038.33,19.9134,520,0,3007.8,4.05404,435,0,2004.32,2.85728,520,0,1044.96,23.3578,520,0
13.9719,5011.59,6.01624,620,0,4038.39,19.9277,520,0,3007.82,4.05696,435,0,2004.33,2.86092,520,0,1045.03,23.3747,520,0
13.982,5011.61,6.02058,620,0,4038.44,19.9421,520,0,3007.83,4.05989,435,0,2004.34,2.86456,520,0,1045.09,23.3916,520,0
13.992,5011.62,6.02492,620,0,4038.5,19.9565,520,0,3007.84,4.06282,435,0,2004.35,2.8682,520,0,1045.16,23.4084,520,0
14.0021,5011.64,6.02926,620,0,4038.55,19.9709,520,0,3007.85,4.06575,435,0,2004.35,2.87184,520,0,1045.22,23.4253,520,0
14.0122,5011.66,6.03361,620,0,4038.61,19.9853,520,0,3007.86,4.06867,435,0,2004.36,2.87548,520,0,1045.29,23.4422,520,0
14.0222,5011.67,6.03795,620,0,4038.67,19.9996,520,0,3007.87,4.0716,435,0,2004.37,2.87912,520,0,1045.35,23.459,520,0
14.0323,5011.69,6.04229,620,0,4038.72,20.014,520,0,3007.88,4.07453,435,0,2004.38,2.88276,520,0,1045.42,23.4759,520,0
14.0424,5011.71,6.04663,620,0,4038.78,20.0284,520,0,3007.89,4.07745,435,0,2004.39,2.8864,520,0,1045.48,23.4928,520,0
14.0524,5011.72,6.05097,620,0,4038.83,20.0428,520,0,3007.91,4.08038,435,0,2004.39,2.89004,520,0,1045.55,23.5096,520,0
14.0625,5011.74,6.05531,620,0,4038.89,20.0571,520,0,3007.92,4.08331,435,0,2004.4,2.89369,520,0,1045.62,23.5265,520,0
14.0726,5011.76,6.05965,620,0,4038.94,20.0715,520,0,3007.93,4.08624,435,0,2004.41,2.89733,520,0,1045.68,23.5433,520,0
14.0826,5011.77,6.06399,620,0,4039,20.0859,520,0,3007.94,4.08916,435,0,2004.42,2.90097,520,0,1045.75,23.5602,520,0
14.0927,5011.79,6.06833,620,0,4039.06,20.1003,520,0,3007.95,4.09209,435,0,2004.43,2.90461,520,0,1045.81,23.5771,520,0
14.1028,5011.81,6.07267,620,0,4039.11,20.1147,520,0,3007.96,4.09502,435,0,2004.43,2.90825,520,0,1045.88,23.5939,520,0
14.1128,5011.82,6.07701,620,0,4039.17,20.129,520,0,3007.97,4.09794,435,0,2004.44,2.91189,520,0,1045.94,23.6108,520,0
14.1229,5011.84,6.08135,620,0,4039.22,20.1434,520,0,3007.99,4.10087,435,0,2004.45,2.91553,520,0,1046.01,23.6277,520,0
14.133,5011.86,6.08569,620,0,4039.28,20.1578,520,0,3008,4.1038,435,0,2004.46,2.91917,520,0,1046.07,23.6445,520,0
14.1431,5011.88,6.09003,620,0,4039.34,20.1722,520,0,3008.01,4.10672,435,0,2004.47,2.92281,520,0,1046.14,23.6614,520,0
14.1531,5011.89,6.09438,620,0,4039.39,20.1865,520,0,3008.02,4.10965,435,0,2004.47,2.92645,520,0,1046.21,23.6783,520,0
14.1632,5011.91,6.09872,620,0,4039.45,20.2009,520,0,3008.03,4.11258,435,0,2004.48,2.93009,520,0,1046.27,23.6951,520,0
14.1733,5011.93,6.10306,620,0,4039.5,20.2153,520,0,3008.04,4.11551,435,0,2004.49,2.93373,520,0,1046.34,23.712,520,0
14.1834,5011.94,6.1074,620,0,4039.56,20.2297,520,0,3008.05,4.11843,435,0,2004.5,2.93737,520,0,1046.4,23.7289,520,0
14.1934,5011.96,6.11174,620,0,4039.62,20.2441,520,0,3008.07,4.12136,435,0,2004.51,2.94101,520,0,1046.47,23.7457,520,0
14.2035,5011.98,6.11608,620,0,4039.67,20.2584,520,0,3008.08,4.12429,435,0,2004.51,2.94465,520,0,1046.54,23.7626,520,0
14.2136,5011.99,6.12042,620,0,4039.73,20.2728,520,0,3008.09,4.12721,435,0,2004.52,2.94829,520,0,1046.6,23.7795,520,0
14.2236,5012.01,6.12476,620,0,4039.79,20.2872,520,0,3008.1,4.13014,435,0,2004.53,2.95193,520,0,1046.67,23.7963,520,0
14.2337,5012.03,6.1291,620,0,4039.84,20.3016,520,0,3008.11,4.13307,435,0,2004.54,2.95558,520,0,1046.73,23.8132,520,0
14.2438,5012.05,6.13344,620,0,4039.9,20.3159,520,0,3008.12,4.136,435,0,2004.55,2.95922,520,0,1046.8,23.8301,520,0
14.2539,5012.06,6.13778,620,0,4039.95,20.3303,520,0,3008.13,4.13892,435,0,2004.56,2.96286,520,0,1046.87,23.8469,520,0
14.2639,5012.08,6.14212,620,0,4040.01,20.3447,520,0,3008.15,4.14185,435,0,2004.56,2.9665,520,0,1046.93,23.8638,520,0
14.274,5012.1,6.14646,620,0,4040.07,20.3591,520,0,3008.16,4.14478,435,0,2004.57,2.97014,520,0,1047,23.8806,520,0
14.2841,5012.11,6.1508,620,0,4040.12,20.3735,520,0,3008.17,4.1477,435,0,2004.58,2.97378,520,0,1047.06,23.8975,520,0
14.2942,5012.13,6.15515,620,0,4040.18,20.3878,520,0,3008.18,4.15063,435,0,2004.59,2.97742,520,0,1047.13,23.9144,520,0
14.3042,5012.15,6.15949,620,0,4040.24,20.4022,520,0,3008.19,4.15356,435,0,2004.6,2.98106,520,0,1047.2,23.9312,520,0
14.3143,5012.16,6.16383,620,0,4040.29,20.4166,520,0,3008.2,4.15649,435,0,2004.61,2.9847,520,0,1047.26,23.9481,520,0
14.3248,5012.18,6.16817,620,0,4040.35,20.431,520,0,3008.21,4.15941,435,0,2004.61,2.98834,520,0,1047.33,23.965,520,0
14.3348,5012.2,6.17251,620,0,4040.41,20.4453,520,0,3008.23,4.16234,435,0,2004.62,2.99198,520,0,1047.4,23.9818,520,0
14.3449,5012.22,6.17685,620,0,4040.46,20.4597,520,0,3008.24,4.16527,435,0,2004.63,2.99562,520,0,1047.46,23.9987,520,0
14.355,5012.23,6.18119,620,0,4040.52,20.4741,520,0,3008.25,4.16819,435,0,2004.64,2.99926,520,0,1047.53,24.0156,520,0
14.3651,5012.25,6.18553,620,0,4040.58,20.4885,520,0,3008.26,4.17112,435,0,2004.65,3.0029,520,0,1047.6,24.0324,520,0
14.3751,5012.27,6.18987,620,0,4040.64,20.5029,520,0,3008.27,4.17405,435,0,2004.66,3.00654,520,0,1047.66,24.0493,520,0
14.3852,5012.29,6.19421,620,0,4040.69,20.5172,520,0,3008.28,4.17698,435,0,2004.66,3.01018,520,0,1047.73,24.0662,520,0
14.3953,5012.3,6.19855,620,0,4040.75,20.5316,520,0,3008.3,4.1799,435,0,2004.67,3.01383,520,0,1047.8,24.083,520,0
14.4053,5012.32,6.20289,620,0,4040.81,20.546,520,0,3008.31,4.18283,435,0,2004.68,3.01747,520,0,1047.87,24.0999,520,0
14.4154,5012.34,6.20723,620,0,4040.86,20.5604,520,0,3008.32,4.18576,435,0,2004.69,3.02111,520,0,1047.93,24.1168,520,0
14.4255,5012.35,6.21157,620,0,4040.92,20.5747,520,0,3008.33,4.18868,435,0,2004.7,3.02475,520,0,1048,24.1336,520,0
14.4356,5012.37,6.21592,620,0,4040.98,20.5891,520,0,3008.34,4.19161,435,0,2004.71,3.02839,520,0,1048.07,24.1505,520,0
14.4456,5012.39,6.22026,620,0,4041.04,20.6035,520,0,3008.35,4.19454,435,0,2004.71,3.03203,520,0,1048.13,24.1673,520,0
14.4557,5012.41,6.2246,620,0,4041.09,20.6179,520,0,3008.37,4.19747,435,0,2004.72,3.03567,520,0,1048.2,24.1842,520,0
14.4658,5012.42,6.22894,620,0,4041.15,20.6323,520,0,3008.38,4.20039,435,0,2004.73,3.03931,520,0,1048.27,24.2011,520,0
14.4761,5012.44,6.23328,620,0,4041.21,20.6466,520,0,3008.39,4.20332,435,0,2004.74,3.04295,520,0,1048.33,24.2179,520,0
14.4861,5012.46,6.23762,620,0,4041.26,20.661,520,0,3008.4,4.20625,435,0,2004.75,3.04659,520,0,1048.4,24.2348,520,0
14.4962,5012.48,6.24196,620,0,4041.32,20.6754,520,0,3008.41,4.20917,435,0,2004.76,3.05023,520,0,1048.47,24.2517,520,0
14.5063,5012.49,6.2463,620,0,4041.38,20.6898,520,0,3008.42,4.2121,435,0,2004.76,3.05387,520,0,1048.54,24.2685,520,0
14.5163,5012.51,6.25064,620,0,4041.44,20.7041,520,0,3008.44,4.21503,435,0,2004.77,3.05751,520,0,1048.6,24.2854,520,0
14.5264,5012.53,6.25498,620,0,4041.49,20.7185,520,0,3008.45,4.21795,435,0,2004.78,3.06115,520,0,1048.67,24.3023,520,0
14.5365,5012.54,6.25932,620,0,4041.55,20.7329,520,0,3008.46,4.22088,435,0,2004.79,3.06479,520,0,1048.74,24.3191,520,0
14.5466,5012.56,6.26366,620,0,4041.61,20.7473,520,0,3008.47,4.22381,435,0,2004.8,3.06843,520,0,1048.81,24.336,520,0
14.5567,5012.58,6.268,620,0,4041.67,20.7617,520,0,3008.48,4.22674,435,0,2004.81,3.07207,520,0,1048.87,24.3529,520,0
14.5667,5012.6,6.27235,620,0,4041.73,20.776,520,0,3008.49,4.22966,435,0,2004.82,3.07572,520,0,1048.94,24.3697,520,0
14.5767,5012.61,6.27669,620,0,4041.78,20.7904,520,0,3008.51,4.23259,435,0,2004.82,3.07936,520,0,1049.01,24.3866,520,0
14.5868,5012.63,6.28103,620,0,4041.84,20.8048,520,0,3008.52,4.23552,435,0,2004.83,3.083,520,0,1049.08,24.4035,520,0
14.5969,5012.65,6.28537,620,0,4041.9,20.8192,520,0,3008.53,4.23844,435,0,2004.84,3.08664,520,0,1049.15,24.4203,520,0
14.607,5012.67,6.28971,620,0,4041.96,20.8335,520,0,3008.54,4.24137,435,0,2004.85,3.09028,520,0,1049.21,24.4372,520,0
14.617,5012.68,6.29405,620,0,4042.01,20.8479,520,0,3008.55,4.2443,435,0,2004.86,3.09392,520,0,1049.28,24.4541,520,0
14.6271,5012.7,6.29839,620,0,4042.07,20.8623,520,0,3008.57,4.24723,435,0,2004.87,3.09756,520,0,1049.35,24.4709,520,0
14.6372,5012.72,6.30273,620,0,4042.13,20.8767,520,0,3008.58,4.25015,435,0,2004.88,3.1012,520,0,1049.42,24.4878,520,0
14.6473,5012.74,6.30707,620,0,4042.19,20.8911,520,0,3008.59,4.25308,435,0,2004.88,3.10484,520,0,1049.49,24.5046,520,0
14.6574,5012.75,6.31141,620,0,4042.25,20.9054,520,0,3008.6,4.25601,435,0,2004.89,3.10848,520,0,1049.55,24.5215,520,0
14.6674,5012.77,6.31575,620,0,4042.3,20.9198,520,0,3008.61,4.25893,435,0,2004.9,3.11212,520,0,1049.62,24.5384,520,0
14.6775,5012.79,6.32009,620,0,4042.36,20.9342,520,0,3008.62,4.26186,435,0,2004.91,3.11576,520,0,1049.69,24.5552,520,0
14.6876,5012.81,6.32443,620,0,4042.42,20.9486,520,0,3008.64,4.26479,435,0,2004.92,3.1194,520,0,1049.76,24.5721,520,0
14.6976,5012.82,6.32877,620,0,4042.48,20.9629,520,0,3008.65,4.26772,435,0,2004.93,3.12304,520,0,1049.83,24.589,520,0
14.7081,5012.84,6.33312,620,0,4042.54,20.9773,520,0,3008.66,4.27064,435,0,2004.94,3.12668,520,0,1049.9,24.6058,520,0
14.7181,5012.86,6.33746,620,0,4042.6,20.9917,520,0,3008.67,4.27357,435,0,2004.95,3.13032,520,0,1049.96,24.6227,520,0
14.7282,5012.88,6.3418,620,0,4042.65,21.0061,520,0,3008.68,4.2765,435,0,2004.95,3.13397,520,0,1050.03,24.6396,520,0
14.7383,5012.89,6.34614,620,0,4042.71,21.0205,520,0,3008.7,4.27942,435,0,2004.96,3.13761,520,0,1050.1,24.6564,520,0
14.7483,5012.91,6.35048,620,0,4042.77,21.0348,520,0,3008.71,4.28235,435,0,2004.97,3.14125,520,0,1050.17,24.6733,520,0
14.7584,5012.93,6.35482,620,0,4042.83,21.0492,520,0,3008.72,4.28528,435,0,2004.98,3.14489,520,0,1050.24,24.6902,520,0
14.7685,5012.95,6.35916,620,0,4042.89,21.0636,520,0,3008.73,4.28821,435,0,2004.99,3.14853,520,0,1050.31,24.707,520,0
14.7785,5012.97,6.3635,620,0,4042.95,21.078,520,0,3008.74,4.29113,435,0,2005,3.15217,520,0,1050.37,24.7239,520,0
14.7887,5012.98,6.36784,620,0,4043,21.0923,520,0,3008.76,4.29406,435,0,2005.01,3.15581,520,0,1050.44,24.7408,520,0
14.7988,5013,6.37218,620,0,4043.06,21.1067,520,0,3008.77,4.29699,435,0,2005.02,3.15945,520,0,1050.51,24.7576,520,0
14.8089,5013.02,6.37652,620,0,4043.12,21.1211,520,0,3008.78,4.29991,435,0,2005.02,3.16309,520,0,1050.58,24.7745,520,0
14.8189,5013.04,6.38086,620,0,4043.18,21.1355,520,0,3008.79,4.30284,435,0,2005.03,3.16673,520,0,1050.65,24.7913,520,0
14.829,5013.05,6.3852,620,0,4043.24,21.1499,520,0,3008.8,4.30577,435,0,2005.04,3.17037,520,0,1050.72,24.8082,520,0
14.8391,5013.07,6.38954,620,0,4043.3,21.1642,520,0,3008.81,4.3087,435,0,2005.05,3.17401,520,0,1050.79,24.8251,520,0
14.8491,5013.09,6.39389,620,0,4043.36,21.1786,520,0,3008.83,4.31162,435,0,2005.06,3.17765,520,0,1050.86,24.8419,520,0
14.8592,5013.11,6.39823,620,0,4043.42,21.193,520,0,3008.84,4.31455,435,0,2005.07,3.18129,520,0,1050.93,24.8588,520,0
14.8693,5013.13,6.40257,620,0,4043.48,21.2074,520,0,3008.85,4.31748,435,0,2005.08,3.18493,520,0,1051,24.8757,520,0
14.8794,5013.14,6.40691,620,0,4043.53,21.2218,520,0,3008.86,4.3204,435,0,2005.09,3.18857,520,0,1051.06,24.8925,520,0
14.8894,5013.16,6.41125,620,0,4043.59,21.2361,520,0,3008.87,4.32333,435,0,2005.09,3.19222,520,0,1051.13,24.9094,520,0
14.8995,5013.18,6.41559,620,0,4043.65,21.2505,520,0,3008.89,4.32626,435,0,2005.1,3.19586,520,0,1051.2,24.9263,520,0
14.9096,5013.2,6.41993,620,0,4043.71,21.2649,520,0,3008.9,4.32918,435,0,2005.11,3.1995,520,0,1051.27,24.9431,520,0
14.9196,5013.21,6.42427,620,0,4043.77,21.2793,520,0,3008.91,4.33211,435,0,2005.12,3.20314,520,0,1051.34,24.96,520,0
14.9297,5013.23,6.42861,620,0,4043.83,21.2936,520,0,3008.92,4.33504,435,0,2005.13,3.20678,520,0,1051.41,24.9769,520,0
14.9398,5013.25,6.43295,620,0,4043.89,21.308,520,0,3008.94,4.33797,435,0,2005.14,3.21042,520,0,1051.48,24.9937,520,0
14.9499,5013.27,6.43729,620,0,4043.95,21.3224,520,0,3008.95,4.34089,435,0,2005.15,3.21406,520,0,1051.55,25.0106,520,0
14.9599,5013.29,6.44163,620,0,4044.01,21.3368,520,0,3008.96,4.34382,435,0,2005.16,3.2177,520,0,1051.62,25.0275,520,0
14.97,5013.3,6.44597,620,0,4044.07,21.3512,520,0,3008.97,4.34675,435,0,2005.17,3.22134,520,0,1051.69,25.0443,520,0
14.9806,5013.32,6.45031,620,0,4044.13,21.3655,520,0,3008.98,4.34967,435,0,2005.17,3.22498,520,0,1051.76,25.0612,520,0
14.9906,5013.34,6.45466,620,0,4044.19,21.3799,520,0,3009,4.3526,435,0,2005.18,3.22862,520,0,1051.83,25.0781,520,0
15.0007,5013.36,6.459,620,0,4044.24,21.3943,520,0,3009.01,4.35553,435,0,2005.19,3.23226,520,0,1051.9,25.0949,520,0
15.0108,5013.38,6.46334,620,0,4044.3,21.4087,520,0,3009.02,4.35846,435,0,2005.2,3.2359,520,0,1051.97,25.1118,520,0
15.021,5013.39,6.46768,620,0,4044.36,21.423,520,0,3009.03,4.36138,435,0,2005.21,3.23954,520,0,1052.04,25.1286,520,0
15.031,5013.41,6.47202,620,0,4044.42,21.4374,520,0,3009.04,4.36431,435,0,2005.22,3.24318,520,0,1052.11,25.1455,520,0
15.0411,5013.43,6.47636,620,0,4044.48,21.4518,520,0,3009.06,4.36724,435,0,2005.23,3.24682,520,0,1052.18,25.1624,520,0
15.0512,5013.45,6.4807,620,0,4044.54,21.4662,520,0,3009.07,4.37016,435,0,2005.24,3.25046,520,0,1052.25,25.1792,520,0
15.0612,5013.47,6.48504,620,0,4044.6,21.4806,520,0,3009.08,4.37309,435,0,2005.25,3.25411,520,0,1052.32,25.1961,520,0
15.0713,5013.48,6.48938,620,0,4044.66,21.4949,520,0,3009.09,4.37602,435,0,2005.26,3.25775,520,0,1052.39,25.213,520,0
15.0814,5013.5,6.49372,620,0,4044.72,21.5093,520,0,3009.1,4.37895,435,0,2005.27,3.26139,520,0,1052.46,25.2298,520,0
15.0915,5013.52,6.49806,620,0,4044.78,21.5237,520,0,3009.12,4.38187,435,0,2005.27,3.26503,520,0,1052.53,25.2467,520,0
15.1016,5013.54,6.5024,620,0,4044.84,21.5381,520,0,3009.13,4.3848,435,0,2005.28,3.26867,520,0,1052.6,25.2636,520,0
15.1116,5013.56,6.50674,620,0,4044.9,21.5524,520,0,3009.14,4.38773,435,0,2005.29,3.27231,520,0,1052.67,25.2804,520,0
15.1217,5013.57,6.51108,620,0,4044.96,21.5668,520,0,3009.15,4.39065,435,0,2005.3,3.27595,520,0,1052.74,25.2973,520,0
15.1318,5013.59,6.51543,620,0,4045.02,21.5812,520,0,3009.17,4.39358,435,0,2005.31,3.27959,520,0,1052.81,25.3142,520,0
15.1418,5013.61,6.51977,620,0,4045.08,21.5956,520,0,3009.18,4.39651,435,0,2005.32,3.28323,520,0,1052.88,25.331,520,0
15.1519,5013.63,6.52411,620,0,4045.14,21.61,520,0,3009.19,4.39944,435,0,2005.33,3.28687,520,0,1052.95,25.3479,520,0
15.162,5013.65,6.52845,620,0,4045.2,21.6243,520,0,3009.2,4.40236,435,0,2005.34,3.29051,520,0,1053.02,25.3648,520,0
15.1721,5013.66,6.53279,620,0,4045.26,21.6387,520,0,3009.21,4.40529,435,0,2005.35,3.29415,520,0,1053.09,25.3816,520,0
15.1821,5013.68,6.53713,620,0,4045.32,21.6531,520,0,3009.23,4.40822,435,0,2005.36,3.29779,520,0,1053.16,25.3985,520,0
15.1922,5013.7,6.54147,620,0,4045.38,21.6675,520,0,3009.24,4.41114,435,0,2005.37,3.30143,520,0,1053.23,25.4153,520,0
15.2023,5013.72,6.54581,620,0,4045.44,21.6818,520,0,3009.25,4.41407,435,0,2005.37,3.30507,520,0,1053.3,25.4322,520,0
15.2124,5013.74,6.55015,620,0,4045.5,21.6962,520,0,3009.26,4.417,435,0,2005.38,3.30871,520,0,1053.37,25.4491,520,0
15.2224,5013.76,6.55449,620,0,4045.56,21.7106,520,0,3009.28,4.41992,435,0,2005.39,3.31236,520,0,1053.44,25.4659,520,0
15.2325,5013.77,6.55883,620,0,4045.62,21.725,520,0,3009.29,4.42285,435,0,2005.4,3.316,520,0,1053.51,25.4828,520,0
15.2426,5013.79,6.56317,620,0,4045.68,21.7394,520,0,3009.3,4.42578,435,0,2005.41,3.31964,520,0,1053.58,25.4997,520,0
15.2526,5013.81,6.56751,620,0,4045.74,21.7537,520,0,3009.31,4.42871,435,0,2005.42,3.32328,520,0,1053.66,25.5165,520,0
15.2627,5013.83,6.57185,620,0,4045.8,21.7681,520,0,3009.32,4.43163,435,0,2005.43,3.32692,520,0,1053.73,25.5334,520,0
15.2728,5013.85,6.5762,620,0,4045.86,21.7825,520,0,3009.34,4.43456,435,0,2005.44,3.33056,520,0,1053.8,25.5503,520,0
15.2828,5013.86,6.58054,620,0,4045.92,21.7969,520,0,3009.35,4.43749,435,0,2005.45,3.3342,520,0,1053.87,25.5671,520,0
15.2929,5013.88,6.58488,620,0,4045.99,21.8112,520,0,3009.36,4.44041,435,0,2005.46,3.33784,520,0,1053.94,25.584,520,0
15.303,5013.9,6.58922,620,0,4046.05,21.8256,520,0,3009.37,4.44334,435,0,2005.47,3.34148,520,0,1054.01,25.6009,520,0
15.3131,5013.92,6.59356,620,0,4046.11,21.84,520,0,3009.39,4.44627,435,0,2005.48,3.34512,520,0,1054.08,25.6177,520,0
15.3232,5013.94,6.5979,620,0,4046.17,21.8544,520,0,3009.4,4.4492,435,0,2005.49,3.34876,520,0,1054.15,25.6346,520,0
15.3332,5013.96,6.60224,620,0,4046.23,21.8688,520,0,3009.41,4.45212,435,0,2005.49,3.3524,520,0,1054.22,25.6515,520,0
15.3433,5013.97,6.60658,620,0,4046.29,21.8831,520,0,3009.42,4.45505,435,0,2005.5,3.35604,520,0,1054.3,25.6683,520,0
15.3534,5013.99,6.61092,620,0,4046.35,21.8975,520,0,3009.44,4.45798,435,0,2005.51,3.35968,520,0,1054.37,25.6852,520,0
15.3635,5014.01,6.61526,620,0,4046.41,21.9119,520,0,3009.45,4.4609,435,0,2005.52,3.36332,520,0,1054.44,25.7021,520,0
15.3735,5014.03,6.6196,620,0,4046.47,21.9263,520,0,3009.46,4.46383,435,0,2005.53,3.36696,520,0,1054.51,25.7189,520,0
15.3836,5014.05,6.62394,620,0,4046.53,21.9406,520,0,3009.47,4.46676,435,0,2005.54,3.3706,520,0,1054.58,25.7358,520,0
15.3937,5014.07,6.62828,620,0,4046.59,21.955,520,0,3009.49,4.46969,435,0,2005.55,3.37425,520,0,1054.65,25.7526,520,0
15.4037,5014.09,6.63263,620,0,4046.65,21.9694,520,0,3009.5,4.47261,435,0,2005.56,3.37789,520,0,1054.72,25.7695,520,0
15.4138,5014.1,6.63697,620,0,4046.72,21.9838,520,0,3009.51,4.47554,435,0,2005.57,3.38153,520,0,1054.8,25.7864,520,0
15.4239,5014.12,6.64131,620,0,4046.78,21.9982,520,0,3009.52,4.47847,435,0,2005.58,3.38517,520,0,1054.87,25.8032,520,0
15.4341,5014.14,6.64565,620,0,4046.84,22.0125,520,0,3009.54,4.48139,435,0,2005.59,3.38881,520,0,1054.94,25.8201,520,0
15.4441,5014.16,6.64999,620,0,4046.9,22.0269,520,0,3009.55,4.48432,435,0,2005.6,3.39245,520,0,1055.01,25.837,520,0
15.4542,5014.18,6.65433,620,0,4046.96,22.0413,520,0,3009.56,4.48725,435,0,2005.61,3.39609,520,0,1055.08,25.8538,520,0
15.4643,5014.2,6.65867,620,0,4047.02,22.0557,520,0,3009.57,4.49018,435,0,2005.62,3.39973,520,0,1055.15,25.8707,520,0
15.4743,5014.21,6.66301,620,0,4047.08,22.07,520,0,3009.59,4.4931,435,0,2005.63,3.40337,520,0,1055.23,25.8876,520,0
15.4844,5014.23,6.66735,620,0,4047.14,22.0844,520,0,3009.6,4.49603,435,0,2005.64,3.40701,520,0,1055.3,25.9044,520,0
15.4945,5014.25,6.67169,620,0,4047.21,22.0988,520,0,3009.61,4.49896,435,0,2005.65,3.41065,520,0,1055.37,25.9213,520,0
15.5046,5014.27,6.67603,620,0,4047.27,22.1132,520,0,3009.62,4.50188,435,0,2005.65,3.41429,520,0,1055.44,25.9382,520,0
15.5146,5014.29,6.68037,620,0,4047.33,22.1276,520,0,3009.64,4.50481,435,0,2005.66,3.41793,520,0,1055.51,25.955,520,0
15.5247,5014.31,6.68471,620,0,4047.39,22.1419,520,0,3009.65,4.50774,435,0,2005.67,3.42157,520,0,1055.59,25.9719,520,0
15.5348,5014.33,6.68905,620,0,4047.45,22.1563,520,0,3009.66,4.51067,435,0,2005.68,3.42521,520,0,1055.66,25.9888,520,0
15.5448,5014.34,6.6934,620,0,4047.51,22.1707,520,0,3009.67,4.51359,435,0,2005.69,3.42885,520,0,1055.73,26.0056,520,0
15.5549,5014.36,6.69774,620,0,4047.57,22.1851,520,0,3009.69,4.51652,435,0,2005.7,3.4325,520,0,1055.8,26.0225,520,0
15.565,5014.38,6.70208,620,0,4047.64,22.1994,520,0,3009.7,4.51945,435,0,2005.71,3.43614,520,0,1055.88,26.0393,520,0
15.575,5014.4,6.70642,620,0,4047.7,22.2138,520,0,3009.71,4.52237,435,0,2005.72,3.43978,520,0,1055.95,26.0562,520,0
15.5851,5014.42,6.71076,620,0,4047.76,22.2282,520,0,3009.72,4.5253,435,0,2005.73,3.44342,520,0,1056.02,26.0731,520,0
15.5952,5014.44,6.7151,620,0,4047.82,22.2426,520,0,3009.74,4.52823,435,0,2005.74,3.44706,520,0,1056.09,26.0899,520,0
15.6052,5014.46,6.71944,620,0,4047.88,22.257,520,0,3009.75,4.53115,435,0,2005.75,3.4507,520,0,1056.17,26.1068,520,0
15.6153,5014.47,6.72378,620,0,4047.95,22.2713,520,0,3009.76,4.53408,435,0,2005.76,3.45434,520,0,1056.24,26.1237,520,0
15.6254,5014.49,6.72812,620,0,4048.01,22.2857,520,0,3009.77,4.53701,435,0,2005.77,3.45798,520,0,1056.31,26.1405,520,0
15.6355,5014.51,6.73246,620,0,4048.07,22.3001,520,0,3009.79,4.53994,435,0,2005.78,3.46162,520,0,1056.38,26.1574,520,0
15.6455,5014.53,6.7368,620,0,4048.13,22.3145,520,0,3009.8,4.54286,435,0,2005.79,3.46526,520,0,1056.46,26.1743,520,0
15.6556,5014.55,6.74114,620,0,4048.19,22.3288,520,0,3009.81,4.54579,435,0,2005.8,3.4689,520,0,1056.53,26.1911,520,0
15.6657,5014.57,6.74548,620,0,4048.26,22.3432,520,0,3009.82,4.54872,435,0,2005.81,3.47254,520,0,1056.6,26.208,520,0
15.6757,5014.59,6.74982,620,0,4048.32,22.3576,520,0,3009.84,4.55164,435,0,2005.82,3.47618,520,0,1056.67,26.2249,520,0
15.6858,5014.61,6.75417,620,0,4048.38,22.372,520,0,3009.85,4.55457,435,0,2005.83,3.47982,520,0,1056.75,26.2417,520,0
15.6959,5014.62,6.75851,620,0,4048.44,22.3864,520,0,3009.86,4.5575,435,0,2005.84,3.48346,520,0,1056.82,26.2586,520,0
15.7059,5014.64,6.76285,620,0,4048.5,22.4007,520,0,3009.87,4.56043,435,0,2005.85,3.4871,520,0,1056.89,26.2755,520,0
15.716,5014.66,6.76719,620,0,4048.57,22.4151,520,0,3009.89,4.56335,435,0,2005.86,3.49074,520,0,1056.97,26.2923,520,0
15.7261,5014.68,6.77153,620,0,4048.63,22.4295,520,0,3009.9,4.56628,435,0,2005.87,3.49439,520,0,1057.04,26.3092,520,0
15.7362,5014.7,6.77587,620,0,4048.69,22.4439,520,0,3009.91,4.56921,435,0,2005.88,3.49803,520,0,1057.11,26.3261,520,0
15.7462,5014.72,6.78021,620,0,4048.75,22.4582,520,0,3009.93,4.57213,435,0,2005.89,3.50167,520,0,1057.19,26.3429,520,0
15.7563,5014.74,6.78455,620,0,4048.82,22.4726,520,0,3009.94,4.57506,435,0,2005.9,3.50531,520,0,1057.26,26.3598,520,0
15.7664,5014.76,6.78889,620,0,4048.88,22.487,520,0,3009.95,4.57799,435,0,2005.9,3.50895,520,0,1057.33,26.3766,520,0
15.7764,5014.78,6.79323,620,0,4048.94,22.5014,520,0,3009.96,4.58092,435,0,2005.91,3.51259,520,0,1057.41,26.3935,520,0
15.7865,5014.79,6.79757,620,0,4049,22.5158,520,0,3009.98,4.58384,435,0,2005.92,3.51623,520,0,1057.48,26.4104,520,0
15.7966,5014.81,6.80191,620,0,4049.07,22.5301,520,0,3009.99,4.58677,435,0,2005.93,3.51987,520,0,1057.55,26.4272,520,0
15.8066,5014.83,6.80625,620,0,4049.13,22.5445,520,0,3010,4.5897,435,0,2005.94,3.52351,520,0,1057.63,26.4441,520,0
15.8167,5014.85,6.81059,620,0,4049.19,22.5589,520,0,3010.01,4.59262,435,0,2005.95,3.52715,520,0,1057.7,26.461,520,0
15.8268,5014.87,6.81494,620,0,4049.25,22.5733,520,0,3010.03,4.59555,435,0,2005.96,3.53079,520,0,1057.77,26.4778,520,0
15.8369,5014.89,6.81928,620,0,4049.32,22.5876,520,0,3010.04,4.59848,435,0,2005.97,3.53443,520,0,1057.85,26.4947,520,0
15.8469,5014.91,6.82362,620,0,4049.38,22.602,520,0,3010.05,4.60141,435,0,2005.98,3.53807,520,0,1057.92,26.5116,520,0
15.857,5014.93,6.82796,620,0,4049.44,22.6164,520,0,3010.07,4.60433,435,0,2005.99,3.54171,520,0,1057.99,26.5284,520,0
15.8671,5014.95,6.8323,620,0,4049.5,22.6308,520,0,3010.08,4.60726,435,0,2006,3.54535,520,0,1058.07,26.5453,520,0
15.8771,5014.96,6.83664,620,0,4049.57,22.6452,520,0,3010.09,4.61019,435,0,2006.01,3.54899,520,0,1058.14,26.5622,520,0
15.8872,5014.98,6.84098,620,0,4049.63,22.6595,520,0,3010.1,4.61311,435,0,2006.02,3.55264,520,0,1058.22,26.579,520,0
15.8972,5015,6.84532,620,0,4049.69,22.6739,520,0,3010.12,4.61604,435,0,2006.03,3.55628,520,0,1058.29,26.5959,520,0
15.9073,5015.02,6.84966,620,0,4049.76,22.6883,520,0,3010.13,4.61897,435,0,2006.04,3.55992,520,0,1058.36,26.6128,520,0
15.9174,5015.04,6.854,620,0,4049.82,22.7027,520,0,3010.14,4.6219,435,0,2006.05,3.56356,520,0,1058.44,26.6296,520,0
15.9274,5015.06,6.85834,620,0,4049.88,22.7171,520,0,3010.16,4.62482,435,0,2006.06,3.5672,520,0,1058.51,26.6465,520,0
15.9375,5015.08,6.86268,620,0,4049.95,22.7314,520,0,3010.17,4.62775,435,0,2006.07,3.57084,520,0,1058.59,26.6633,520,0
15.9481,5015.1,6.86702,620,0,4050.01,22.7458,520,0,3010.18,4.63068,435,0,2006.08,3.57448,520,0,1058.66,26.6802,520,0
15.9581,5015.12,6.87136,620,0,4050.07,22.7602,520,0,3010.19,4.6336,435,0,2006.09,3.57812,520,0,1058.73,26.6971,520,0
15.9682,5015.14,6.87571,620,0,4050.14,22.7746,520,0,3010.21,4.63653,435,0,2006.1,3.58176,520,0,1058.81,26.7139,520,0
15.9783,5015.16,6.88005,620,0,4050.2,22.7889,520,0,3010.22,4.63946,435,0,2006.11,3.5854,520,0,1058.88,26.7308,520,0
15.9884,5015.17,6.88439,620,0,4050.26,22.8033,520,0,3010.23,4.64238,435,0,2006.12,3.58904,520,0,1058.96,26.7477,520,0
15.9984,5015.19,6.88873,620,0,4050.33,22.8177,520,0,3010.25,4.64531,435,0,2006.13,3.59268,520,0,1059.03,26.7645,520,0
16.0085,5015.21,6.89307,620,0,4050.39,22.8321,520,0,3010.26,4.64824,435,0,2006.14,3.59632,520,0,1059.11,26.7814,520,0
16.0186,5015.23,6.89741,620,0,4050.45,22.8465,520,0,3010.27,4.65117,435,0,2006.15,3.59996,520,0,1059.18,26.7983,520,0
16.0286,5015.25,6.90175,620,0,4050.52,22.8608,520,0,3010.28,4.65409,435,0,2006.16,3.6036,520,0,1059.25,26.8151,520,0
16.0387,5015.27,6.90609,620,0,4050.58,22.8752,520,0,3010.3,4.65702,435,0,2006.17,3.60724,520,0,1059.33,26.832,520,0
16.0488,5015.29,6.91043,620,0,4050.64,22.8896,520,0,3010.31,4.65995,435,0,2006.18,3.61088,520,0,1059.4,26.8489,520,0
16.0588,5015.31,6.91477,620,0,4050.71,22.904,520,0,3010.32,4.66287,435,0,2006.19,3.61453,520,0,1059.48,26.8657,520,0
16.0689,5015.33,6.91911,620,0,4050.77,22.9183,520,0,3010.34,4.6658,435,0,2006.2,3.61817,520,0,1059.55,26.8826,520,0
16.079,5015.35,6.92345,620,0,4050.83,22.9327,520,0,3010.35,4.66873,435,0,2006.21,3.62181,520,0,1059.63,26.8995,520,0
16.0891,5015.37,6.92779,620,0,4050.9,22.9471,520,0,3010.36,4.67166,435,0,2006.22,3.62545,520,0,1059.7,26.9163,520,0
16.0991,5015.39,6.93214,620,0,4050.96,22.9615,520,0,3010.37,4.67458,435,0,2006.23,3.62909,520,0,1059.78,26.9332,520,0
16.1092,5015.4,6.93648,620,0,4051.03,22.9759,520,0,3010.39,4.67751,435,0,2006.24,3.63273,520,0,1059.85,26.9501,520,0
16.1193,5015.42,6.94082,620,0,4051.09,22.9902,520,0,3010.4,4.68044,435,0,2006.25,3.63637,520,0,1059.93,26.9669,520,0
16.1293,5015.44,6.94516,620,0,4051.15,23.0046,520,0,3010.41,4.68336,435,0,2006.26,3.64001,520,0,1060,26.9838,520,0
16.1394,5015.46,6.9495,620,0,4051.22,23.019,520,0,3010.43,4.68629,435,0,2006.27,3.64365,520,0,1060.08,27.0006,520,0
16.1494,5015.48,6.95384,620,0,4051.28,23.0334,520,0,3010.44,4.68922,435,0,2006.28,3.64729,520,0,1060.15,27.0175,520,0
16.1601,5015.5,6.95818,620,0,4051.35,23.0477,520,0,3010.45,4.69215,435,0,2006.29,3.65093,520,0,1060.23,27.0344,520,0
16.1701,5015.52,6.96252,620,0,4051.41,23.0621,520,0,3010.47,4.69507,435,0,2006.3,3.65457,520,0,1060.3,27.0512,520,0
16.1802,5015.54,6.96686,620,0,4051.47,23.0765,520,0,3010.48,4.698,435,0,2006.31,3.65821,520,0,1060.38,27.0681,520,0
16.1903,5015.56,6.9712,620,0,4051.54,23.0909,520,0,3010.49,4.70093,435,0,2006.32,3.66185,520,0,1060.45,27.085,520,0
16.2004,5015.58,6.97554,620,0,4051.6,23.1053,520,0,3010.51,4.70385,435,0,2006.33,3.66549,520,0,1060.53,27.1018,520,0
16.2104,5015.6,6.97988,620,0,4051.67,23.1196,520,0,3010.52,4.70678,435,0,2006.34,3.66913,520,0,1060.6,27.1187,520,0
16.2205,5015.62,6.98422,620,0,4051.73,23.134,520,0,3010.53,4.70971,435,0,2006.35,3.67278,520,0,1060.68,27.1356,520,0
16.2306,5015.64,6.98856,620,0,4051.79,23.1484,520,0,3010.54,4.71264,435,0,2006.36,3.67642,520,0,1060.75,27.1524,520,0
16.2406,5015.66,6.99291,620,0,4051.86,23.1628,520,0,3010.56,4.71556,435,0,2006.37,3.68006,520,0,1060.83,27.1693,520,0
16.2507,5015.68,6.99725,620,0,4051.92,23.1771,520,0,3010.57,4.71849,435,0,2006.38,3.6837,520,0,1060.9,27.1862,520,0
16.2608,5015.7,7.00159,620,0,4051.99,23.1915,520,0,3010.58,4.72142,435,0,2006.39,3.68734,520,0,1060.98,27.203,520,0
16.2708,5015.71,7.00593,620,0,4052.05,23.2059,520,0,3010.6,4.72434,435,0,2006.41,3.69098,520,0,1061.06,27.2199,520,0
16.2809,5015.73,7.01027,620,0,4052.12,23.2203,520,0,3010.61,4.72727,435,0,2006.42,3.69462,520,0,1061.13,27.2368,520,0
16.291,5015.75,7.01461,620,0,4052.18,23.2347,520,0,3010.62,4.7302,435,0,2006.43,3.69826,520,0,1061.21,27.2536,520,0
16.3011,5015.77,7.01895,620,0,4052.25,23.249,520,0,3010.64,4.73312,435,0,2006.44,3.7019,520,0,1061.28,27.2705,520,0
16.3112,5015.79,7.02329,620,0,4052.31,23.2634,520,0,3010.65,4.73605,435,0,2006.45,3.70554,520,0,1061.36,27.2873,520,0
16.3213,5015.81,7.02763,620,0,4052.38,23.2778,520,0,3010.66,4.73898,435,0,2006.46,3.70918,520,0,1061.43,27.3042,520,0
16.3313,5015.83,7.03197,620,0,4052.44,23.2922,520,0,3010.68,4.74191,435,0,2006.47,3.71282,520,0,1061.51,27.3211,520,0
16.3414,5015.85,7.03631,620,0,4052.5,23.3065,520,0,3010.69,4.74483,435,0,2006.48,3.71646,520,0,1061.59,27.3379,520,0
16.3515,5015.87,7.04065,620,0,4052.57,23.3209,520,0,3010.7,4.74776,435,0,2006.49,3.7201,520,0,1061.66,27.3548,520,0
16.3616,5015.89,7.04499,620,0,4052.63,23.3353,520,0,3010.72,4.75069,435,0,2006.5,3.72374,520,0,1061.74,27.3717,520,0
16.3717,5015.91,7.04933,620,0,4052.7,23.3497,520,0,3010.73,4.75361,435,0,2006.51,3.72738,520,0,1061.81,27.3885,520,0
16.3818,5015.93,7.05368,620,0,4052.76,23.3641,520,0,3010.74,4.75654,435,0,2006.52,3.73102,520,0,1061.89,27.4054,520,0
16.3919,5015.95,7.05802,620,0,4052.83,23.3784,520,0,3010.76,4.75947,435,0,2006.53,3.73467,520,0,1061.97,27.4223,520,0
16.402,5015.97,7.06236,620,0,4052.89,23.3928,520,0,3010.77,4.7624,435,0,2006.54,3.73831,520,0,1062.04,27.4391,520,0
16.4121,5015.99,7.0667,620,0,4052.96,23.4072,520,0,3010.78,4.76532,435,0,2006.55,3.74195,520,0,1062.12,27.456,520,0
16.4221,5016.01,7.07104,620,0,4053.02,23.4216,520,0,3010.79,4.76825,435,0,2006.56,3.74559,520,0,1062.2,27.4729,520,0
16.4322,5016.03,7.07538,620,0,4053.09,23.4359,520,0,3010.81,4.77118,435,0,2006.57,3.74923,520,0,1062.27,27.4897,520,0
16.4423,5016.05,7.07972,620,0,4053.15,23.4503,520,0,3010.82,4.7741,435,0,2006.58,3.75287,520,0,1062.35,27.5066,520,0
16.4524,5016.07,7.08406,620,0,4053.22,23.4647,520,0,3010.83,4.77703,435,0,2006.59,3.75651,520,0,1062.42,27.5235,520,0
16.4625,5016.09,7.0884,620,0,4053.28,23.4791,520,0,3010.85,4.77996,435,0,2006.6,3.76015,520,0,1062.5,27.5403,520,0
16.4725,5016.11,7.09274,620,0,4053.35,23.4935,520,0,3010.86,4.78289,435,0,2006.61,3.76379,520,0,1062.58,27.5572,520,0
16.4826,5016.13,7.09708,620,0,4053.42,23.5078,520,0,3010.87,4.78581,435,0,2006.62,3.76743,520,0,1062.65,27.5741,520,0
16.4927,5016.15,7.10142,620,0,4053.48,23.5222,520,0,3010.89,4.78874,435,0,2006.63,3.77107,520,0,1062.73,27.5909,520,0
16.5028,5016.17,7.10576,620,0,4053.55,23.5366,520,0,3010.9,4.79167,435,0,2006.64,3.77471,520,0,1062.81,27.6078,520,0
16.5129,5016.19,7.1101,620,0,4053.61,23.551,520,0,3010.91,4.79459,435,0,2006.65,3.77835,520,0,1062.88,27.6246,520,0
16.5229,5016.21,7.11445,620,0,4053.68,23.5653,520,0,3010.93,4.79752,435,0,2006.66,3.78199,520,0,1062.96,27.6415,520,0
16.533,5016.22,7.11879,620,0,4053.74,23.5797,520,0,3010.94,4.80045,435,0,2006.68,3.78563,520,0,1063.04,27.6584,520,0
16.5431,5016.24,7.12313,620,0,4053.81,23.5941,520,0,3010.95,4.80338,435,0,2006.69,3.78927,520,0,1063.11,27.6752,520,0
16.5532,5016.26,7.12747,620,0,4053.87,23.6085,520,0,3010.97,4.8063,435,0,2006.7,3.79292,520,0,1063.19,27.6921,520,0
16.5632,5016.28,7.13181,620,0,4053.94,23.6229,520,0,3010.98,4.80923,435,0,2006.71,3.79656,520,0,1063.27,27.709,520,0
16.5733,5016.3,7.13615,620,0,4054,23.6372,520,0,3010.99,4.81216,435,0,2006.72,3.8002,520,0,1063.35,27.7258,520,0
16.5834,5016.32,7.14049,620,0,4054.07,23.6516,520,0,3011.01,4.81508,435,0,2006.73,3.80384,520,0,1063.42,27.7427,520,0
16.5934,5016.34,7.14483,620,0,4054.14,23.666,520,0,3011.02,4.81801,435,0,2006.74,3.80748,520,0,1063.5,27.7596,520,0
16.6035,5016.36,7.14917,620,0,4054.2,23.6804,520,0,3011.03,4.82094,435,0,2006.75,3.81112,520,0,1063.58,27.7764,520,0
16.6136,5016.38,7.15351,620,0,4054.27,23.6947,520,0,3011.05,4.82387,435,0,2006.76,3.81476,520,0,1063.65,27.7933,520,0
16.6236,5016.4,7.15785,620,0,4054.33,23.7091,520,0,3011.06,4.82679,435,0,2006.77,3.8184,520,0,1063.73,27.8102,520,0
16.6337,5016.42,7.16219,620,0,4054.4,23.7235,520,0,3011.07,4.82972,435,0,2006.78,3.82204,520,0,1063.81,27.827,520,0
16.6438,5016.44,7.16653,620,0,4054.47,23.7379,520,0,3011.09,4.83265,435,0,2006.79,3.82568,520,0,1063.89,27.8439,520,0
16.6539,5016.46,7.17087,620,0,4054.53,23.7523,520,0,3011.1,4.83557,435,0,2006.8,3.82932,520,0,1063.96,27.8608,520,0
16.6639,5016.48,7.17522,620,0,4054.6,23.7666,520,0,3011.12,4.8385,435,0,2006.81,3.83296,520,0,1064.04,27.8776,520,0
16.674,5016.5,7.17956,620,0,4054.66,23.781,520,0,3011.13,4.84143,435,0,2006.82,3.8366,520,0,1064.12,27.8945,520,0
16.6841,5016.52,7.1839,620,0,4054.73,23.7954,520,0,3011.14,4.84435,435,0,2006.83,3.84024,520,0,1064.2,27.9113,520,0
16.6941,5016.54,7.18824,620,0,4054.8,23.8098,520,0,3011.16,4.84728,435,0,2006.84,3.84388,520,0,1064.27,27.9282,520,0
16.7042,5016.56,7.19258,620,0,4054.86,23.8241,520,0,3011.17,4.85021,435,0,2006.86,3.84752,520,0,1064.35,27.9451,520,0
16.7143,5016.58,7.19692,620,0,4054.93,23.8385,520,0,3011.18,4.85314,435,0,2006.87,3.85116,520,0,1064.43,27.9619,520,0
16.7243,5016.6,7.20126,620,0,4054.99,23.8529,520,0,3011.2,4.85606,435,0,2006.88,3.85481,520,0,1064.51,27.9788,520,0
16.7344,5016.62,7.2056,620,0,4055.06,23.8673,520,0,3011.21,4.85899,435,0,2006.89,3.85845,520,0,1064.58,27.9957,520,0
16.7445,5016.64,7.20994,620,0,4055.13,23.8817,520,0,3011.22,4.86192,435,0,2006.9,3.86209,520,0,1064.66,28.0125,520,0
16.7546,5016.66,7.21428,620,0,4055.19,23.896,520,0,3011.24,4.86484,435,0,2006.91,3.86573,520,0,1064.74,28.0294,520,0
16.7646,5016.68,7.21862,620,0,4055.26,23.9104,520,0,3011.25,4.86777,435,0,2006.92,3.86937,520,0,1064.82,28.0463,520,0
16.7747,5016.7,7.22296,620,0,4055.33,23.9248,520,0,3011.26,4.8707,435,0,2006.93,3.87301,520,0,1064.9,28.0631,520,0
16.7848,5016.72,7.2273,620,0,4055.39,23.9392,520,0,3011.28,4.87363,435,0,2006.94,3.87665,520,0,1064.97,28.08,520,0
16.7948,5016.74,7.23164,620,0,4055.46,23.9535,520,0,3011.29,4.87655,435,0,2006.95,3.88029,520,0,1065.05,28.0969,520,0
16.8052,5016.76,7.23599,620,0,4055.53,23.9679,520,0,3011.3,4.87948,435,0,2006.96,3.88393,520,0,1065.13,28.1137,520,0
16.8153,5016.78,7.24033,620,0,4055.59,23.9823,520,0,3011.32,4.88241,435,0,2006.97,3.88757,520,0,1065.21,28.1306,520,0
16.8253,5016.8,7.24467,620,0,4055.66,23.9967,520,0,3011.33,4.88533,435,0,2006.98,3.89121,520,0,1065.29,28.1475,520,0
16.8354,5016.82,7.24901,620,0,4055.73,24.0111,520,0,3011.34,4.88826,435,0,2007,3.89485,520,0,1065.36,28.1643,520,0
16.8455,5016.84,7.25335,620,0,4055.79,24.0254,520,0,3011.36,4.89119,435,0,2007.01,3.89849,520,0,1065.44,28.1812,520,0
16.8555,5016.86,7.25769,620,0,4055.86,24.0398,520,0,3011.37,4.89412,435,0,2007.02,3.90213,520,0,1065.52,28.1981,520,0
16.8667,5016.88,7.26203,620,0,4055.93,24.0542,520,0,3011.39,4.89704,435,0,2007.03,3.90577,520,0,1065.6,28.2149,520,0
16.8768,5016.9,7.26637,620,0,4055.99,24.0686,520,0,3011.4,4.89997,435,0,2007.04,3.90941,520,0,1065.68,28.2318,520,0
16.8868,5016.92,7.27071,620,0,4056.06,24.0829,520,0,3011.41,4.9029,435,0,2007.05,3.91306,520,0,1065.76,28.2486,520,0
16.8969,5016.94,7.27505,620,0,4056.13,24.0973,520,0,3011.43,4.90582,435,0,2007.06,3.9167,520,0,1065.84,28.2655,520,0
16.907,5016.97,7.27939,620,0,4056.19,24.1117,520,0,3011.44,4.90875,435,0,2007.07,3.92034,520,0,1065.91,28.2824,520,0
16.917,5016.99,7.28373,620,0,4056.26,24.1261,520,0,3011.45,4.91168,435,0,2007.08,3.92398,520,0,1065.99,28.2992,520,0
16.9271,5017.01,7.28807,620,0,4056.33,24.1405,520,0,3011.47,4.91461,435,0,2007.09,3.92762,520,0,1066.07,28.3161,520,0
16.9372,5017.03,7.29242,620,0,4056.39,24.1548,520,0,3011.48,4.91753,435,0,2007.1,3.93126,520,0,1066.15,28.333,520,0
16.9472,5017.05,7.29676,620,0,4056.46,24.1692,520,0,3011.49,4.92046,435,0,2007.12,3.9349,520,0,1066.23,28.3498,520,0
16.9573,5017.07,7.3011,620,0,4056.53,24.1836,520,0,3011.51,4.92339,435,0,2007.13,3.93854,520,0,1066.31,28.3667,520,0
16.9674,5017.09,7.30544,620,0,4056.6,24.198,520,0,3011.52,4.92631,435,0,2007.14,3.94218,520,0,1066.39,28.3836,520,0
16.9774,5017.11,7.30978,620,0,4056.66,24.2123,520,0,3011.54,4.92924,435,0,2007.15,3.94582,520,0,1066.46,28.4004,520,0
16.9875,5017.13,7.31412,620,0,4056.73,24.2267,520,0,3011.55,4.93217,435,0,2007.16,3.94946,520,0,1066.54,28.4173,520,0
16.9976,5017.15,7.31846,620,0,4056.8,24.2411,520,0,3011.56,4.93509,435,0,2007.17,3.9531,520,0,1066.62,28.4342,520,0
17.0077,5017.17,7.3228,620,0,4056.87,24.2555,520,0,3011.58,4.93802,435,0,2007.18,3.95674,520,0,1066.7,28.451,520,0
17.0178,5017.19,7.32714,620,0,4056.93,24.2699,520,0,3011.59,4.94095,435,0,2007.19,3.96038,520,0,1066.78,28.4679,520,0
17.0278,5017.21,7.33148,620,0,4057,24.2842,520,0,3011.6,4.94388,435,0,2007.2,3.96402,520,0,1066.86,28.4848,520,0
17.0379,5017.23,7.33582,620,0,4057.07,24.2986,520,0,3011.62,4.9468,435,0,2007.21,3.96766,520,0,1066.94,28.5016,520,0
17.048,5017.25,7.34016,620,0,4057.14,24.313,520,0,3011.63,4.94973,435,0,2007.22,3.9713,520,0,1067.02,28.5185,520,0
17.058,5017.27,7.3445,620,0,4057.2,24.3274,520,0,3011.65,4.95266,435,0,2007.24,3.97495,520,0,1067.1,28.5353,520,0
17.0681,5017.29,7.34884,620,0,4057.27,24.3418,520,0,3011.66,4.95558,435,0,2007.25,3.97859,520,0,1067.18,28.5522,520,0
17.0782,5017.31,7.35319,620,0,4057.34,24.3561,520,0,3011.67,4.95851,435,0,2007.26,3.98223,520,0,1067.26,28.5691,520,0
17.0883,5017.33,7.35753,620,0,4057.41,24.3705,520,0,3011.69,4.96144,435,0,2007.27,3.98587,520,0,1067.34,28.5859,520,0
17.0983,5017.35,7.36187,620,0,4057.47,24.3849,520,0,3011.7,4.96437,435,0,2007.28,3.98951,520,0,1067.42,28.6028,520,0
17.1084,5017.37,7.36621,620,0,4057.54,24.3993,520,0,3011.71,4.96729,435,0,2007.29,3.99315,520,0,1067.49,28.6197,520,0
17.1185,5017.39,7.37055,620,0,4057.61,24.4136,520,0,3011.73,4.97022,435,0,2007.3,3.99679,520,0,1067.57,28.6365,520,0
17.1285,5017.41,7.37489,620,0,4057.68,24.428,520,0,3011.74,4.97315,435,0,2007.31,4.00043,520,0,1067.65,28.6534,520,0
17.1386,5017.43,7.37923,620,0,4057.75,24.4424,520,0,3011.76,4.97607,435,0,2007.32,4.00407,520,0,1067.73,28.6703,520,0
17.1487,5017.45,7.38357,620,0,4057.81,24.4568,520,0,3011.77,4.979,435,0,2007.34,4.00771,520,0,1067.81,28.6871,520,0
17.1588,5017.47,7.38791,620,0,4057.88,24.4712,520,0,3011.78,4.98193,435,0,2007.35,4.01135,520,0,1067.89,28.704,520,0
17.1688,5017.49,7.39225,620,0,4057.95,24.4855,520,0,3011.8,4.98486,435,0,2007.36,4.01499,520,0,1067.97,28.7209,520,0
17.1789,5017.52,7.39659,620,0,4058.02,24.4999,520,0,3011.81,4.98778,435,0,2007.37,4.01863,520,0,1068.05,28.7377,520,0
17.189,5017.54,7.40093,620,0,4058.09,24.5143,520,0,3011.83,4.99071,435,0,2007.38,4.02227,520,0,1068.13,28.7546,520,0
17.1991,5017.56,7.40527,620,0,4058.15,24.5287,520,0,3011.84,4.99364,435,0,2007.39,4.02591,520,0,1068.21,28.7715,520,0
17.2091,5017.58,7.40961,620,0,4058.22,24.543,520,0,3011.85,4.99656,435,0,2007.4,4.02955,520,0,1068.29,28.7883,520,0
17.2192,5017.6,7.41396,620,0,4058.29,24.5574,520,0,3011.87,4.99949,435,0,2007.41,4.0332,520,0,1068.37,28.8052,520,0
17.2293,5017.62,7.4183,620,0,4058.36,24.5718,520,0,3011.88,5.00242,435,0,2007.43,4.03684,520,0,1068.45,28.8221,520,0
17.2407,5017.64,7.42264,620,0,4058.43,24.5862,520,0,3011.89,5.00535,435,0,2007.44,4.04048,520,0,1068.53,28.8389,520,0
17.2508,5017.66,7.42698,620,0,4058.49,24.6006,520,0,3011.91,5.00827,435,0,2007.45,4.04412,520,0,1068.61,28.8558,520,0
17.2609,5017.68,7.43132,620,0,4058.56,24.6149,520,0,3011.92,5.0112,435,0,2007.46,4.04776,520,0,1068.69,28.8726,520,0
17.271,5017.7,7.43566,620,0,4058.63,24.6293,520,0,3011.94,5.01413,435,0,2007.47,4.0514,520,0,1068.77,28.8895,520,0
17.281,5017.72,7.44,620,0,4058.7,24.6437,520,0,3011.95,5.01705,435,0,2007.48,4.05504,520,0,1068.85,28.9064,520,0
17.2911,5017.74,7.44434,620,0,4058.77,24.6581,520,0,3011.96,5.01998,435,0,2007.49,4.05868,520,0,1068.93,28.9232,520,0
17.3012,5017.76,7.44868,620,0,4058.84,24.6724,520,0,3011.98,5.02291,435,0,2007.5,4.06232,520,0,1069.01,28.9401,520,0
17.3113,5017.78,7.45302,620,0,4058.91,24.6868,520,0,3011.99,5.02584,435,0,2007.52,4.06596,520,0,1069.09,28.957,520,0
17.3213,5017.8,7.45736,620,0,4058.97,24.7012,520,0,3012.01,5.02876,435,0,2007.53,4.0696,520,0,1069.18,28.9738,520,0
17.3314,5017.83,7.4617,620,0,4059.04,24.7156,520,0,3012.02,5.03169,435,0,2007.54,4.07324,520,0,1069.26,28.9907,520,0
17.3415,5017.85,7.46604,620,0,4059.11,24.73,520,0,3012.03,5.03462,435,0,2007.55,4.07688,520,0,1069.34,29.0076,520,0
17.3515,5017.87,7.47038,620,0,4059.18,24.7443,520,0,3012.05,5.03754,435,0,2007.56,4.08052,520,0,1069.42,29.0244,520,0
17.3616,5017.89,7.47473,620,0,4059.25,24.7587,520,0,3012.06,5.04047,435,0,2007.57,4.08416,520,0,1069.5,29.0413,520,0
17.3717,5017.91,7.47907,620,0,4059.32,24.7731,520,0,3012.08,5.0434,435,0,2007.58,4.0878,520,0,1069.58,29.0582,520,0
17.3817,5017.93,7.48341,620,0,4059.39,24.7875,520,0,3012.09,5.04632,435,0,2007.59,4.09144,520,0,1069.66,29.075,520,0
17.3918,5017.95,7.48775,620,0,4059.46,24.8018,520,0,3012.1,5.04925,435,0,2007.61,4.09509,520,0,1069.74,29.0919,520,0
17.4019,5017.97,7.49209,620,0,4059.52,24.8162,520,0,3012.12,5.05218,435,0,2007.62,4.09873,520,0,1069.82,29.1088,520,0
17.4119,5017.99,7.49643,620,0,4059.59,24.8306,520,0,3012.13,5.05511,435,0,2007.63,4.10237,520,0,1069.9,29.1256,520,0
17.422,5018.01,7.50077,620,0,4059.66,24.845,520,0,3012.15,5.05803,435,0,2007.64,4.10601,520,0,1069.98,29.1425,520,0
17.4321,5018.03,7.50511,620,0,4059.73,24.8594,520,0,3012.16,5.06096,435,0,2007.65,4.10965,520,0,1070.06,29.1593,520,0
17.4421,5018.05,7.50945,620,0,4059.8,24.8737,520,0,3012.17,5.06389,435,0,2007.66,4.11329,520,0,1070.14,29.1762,520,0
17.4522,5018.07,7.51379,620,0,4059.87,24.8881,520,0,3012.19,5.06681,435,0,2007.67,4.11693,520,0,1070.23,29.1931,520,0
17.4623,5018.1,7.51813,620,0,4059.94,24.9025,520,0,3012.2,5.06974,435,0,2007.69,4.12057,520,0,1070.31,29.2099,520,0
17.4724,5018.12,7.52247,620,0,4060.01,24.9169,520,0,3012.22,5.07267,435,0,2007.7,4.12421,520,0,1070.39,29.2268,520,0
17.4824,5018.14,7.52681,620,0,4060.08,24.9312,520,0,3012.23,5.0756,435,0,2007.71,4.12785,520,0,1070.47,29.2437,520,0
17.4925,5018.16,7.53115,620,0,4060.15,24.9456,520,0,3012.24,5.07852,435,0,2007.72,4.13149,520,0,1070.55,29.2605,520,0
17.5025,5018.18,7.5355,620,0,4060.22,24.96,520,0,3012.26,5.08145,435,0,2007.73,4.13513,520,0,1070.63,29.2774,520,0
17.5126,5018.2,7.53984,620,0,4060.29,24.9744,520,0,3012.27,5.08438,435,0,2007.74,4.13877,520,0,1070.71,29.2943,520,0
17.5227,5018.22,7.54418,620,0,4060.35,24.9888,520,0,3012.29,5.0873,435,0,2007.75,4.14241,520,0,1070.79,29.3111,520,0
17.5328,5018.24,7.54852,620,0,4060.42,25.0031,520,0,3012.3,5.09023,435,0,2007.77,4.14605,520,0,1070.88,29.328,520,0
17.5428,5018.26,7.55286,620,0,4060.49,25.0175,520,0,3012.32,5.09316,435,0,2007.78,4.14969,520,0,1070.96,29.3449,520,0
17.5529,5018.28,7.5572,620,0,4060.56,25.0319,520,0,3012.33,5.09609,435,0,2007.79,4.15334,520,0,1071.04,29.3617,520,0
17.563,5018.31,7.56154,620,0,4060.63,25.0463,520,0,3012.34,5.09901,435,0,2007.8,4.15698,520,0,1071.12,29.3786,520,0
17.573,5018.33,7.56588,620,0,4060.7,25.0606,520,0,3012.36,5.10194,435,0,2007.81,4.16062,520,0,1071.2,29.3955,520,0
17.5831,5018.35,7.57022,620,0,4060.77,25.075,520,0,3012.37,5.10487,435,0,2007.82,4.16426,520,0,1071.28,29.4123,520,0
17.5932,5018.37,7.57456,620,0,4060.84,25.0894,520,0,3012.39,5.10779,435,0,2007.84,4.1679,520,0,1071.37,29.4292,520,0
17.6032,5018.39,7.5789,620,0,4060.91,25.1038,520,0,3012.4,5.11072,435,0,2007.85,4.17154,520,0,1071.45,29.4461,520,0
17.6133,5018.41,7.58324,620,0,4060.98,25.1182,520,0,3012.41,5.11365,435,0,2007.86,4.17518,520,0,1071.53,29.4629,520,0
17.6234,5018.43,7.58758,620,0,4061.05,25.1325,520,0,3012.43,5.11658,435,0,2007.87,4.17882,520,0,1071.61,29.4798,520,0
17.6334,5018.45,7.59192,620,0,4061.12,25.1469,520,0,3012.44,5.1195,435,0,2007.88,4.18246,520,0,1071.69,29.4966,520,0
17.6435,5018.47,7.59627,620,0,4061.19,25.1613,520,0,3012.46,5.12243,435,0,2007.89,4.1861,520,0,1071.78,29.5135,520,0
17.6536,5018.49,7.60061,620,0,4061.26,25.1757,520,0,3012.47,5.12536,435,0,2007.91,4.18974,520,0,1071.86,29.5304,520,0
17.6637,5018.52,7.60495,620,0,4061.33,25.19,520,0,3012.49,5.12828,435,0,2007.92,4.19338,520,0,1071.94,29.5472,520,0
17.6737,5018.54,7.60929,620,0,4061.4,25.2044,520,0,3012.5,5.13121,435,0,2007.93,4.19702,520,0,1072.02,29.5641,520,0
17.6838,5018.56,7.61363,620,0,4061.47,25.2188,520,0,3012.51,5.13414,435,0,2007.94,4.20066,520,0,1072.1,29.581,520,0
17.6941,5018.58,7.61797,620,0,4061.54,25.2332,520,0,3012.53,5.13707,435,0,2007.95,4.2043,520,0,1072.19,29.5978,520,0
17.7041,5018.6,7.62231,620,0,4061.61,25.2476,520,0,3012.54,5.13999,435,0,2007.96,4.20794,520,0,1072.27,29.6147,520,0
17.7142,5018.62,7.62665,620,0,4061.68,25.2619,520,0,3012.56,5.14292,435,0,2007.98,4.21158,520,0,1072.35,29.6316,520,0
17.7243,5018.64,7.63099,620,0,4061.75,25.2763,520,0,3012.57,5.14585,435,0,2007.99,4.21523,520,0,1072.43,29.6484,520,0
17.7343,5018.66,7.63533,620,0,4061.82,25.2907,520,0,3012.59,5.14877,435,0,2008,4.21887,520,0,1072.52,29.6653,520,0
17.7444,5018.69,7.63967,620,0,4061.89,25.3051,520,0,3012.6,5.1517,435,0,2008.01,4.22251,520,0,1072.6,29.6822,520,0
17.7545,5018.71,7.64401,620,0,4061.96,25.3194,520,0,3012.61,5.15463,435,0,2008.02,4.22615,520,0,1072.68,29.699,520,0
17.7646,5018.73,7.64835,620,0,4062.03,25.3338,520,0,3012.63,5.15755,435,0,2008.03,4.22979,520,0,1072.76,29.7159,520,0
17.7746,5018.75,7.6527,620,0,4062.1,25.3482,520,0,3012.64,5.16048,435,0,2008.05,4.23343,520,0,1072.85,29.7328,520,0
17.7847,5018.77,7.65704,620,0,4062.17,25.3626,520,0,3012.66,5.16341,435,0,2008.06,4.23707,520,0,1072.93,29.7496,520,0
17.7948,5018.79,7.66138,620,0,4062.24,25.377,520,0,3012.67,5.16634,435,0,2008.07,4.24071,520,0,1073.01,29.7665,520,0
17.8049,5018.81,7.66572,620,0,4062.31,25.3913,520,0,3012.69,5.16926,435,0,2008.08,4.24435,520,0,1073.09,29.7833,520,0
17.8149,5018.83,7.67006,620,0,4062.39,25.4057,520,0,3012.7,5.17219,435,0,2008.09,4.24799,520,0,1073.18,29.8002,520,0
17.825,5018.86,7.6744,620,0,4062.46,25.4201,520,0,3012.71,5.17512,435,0,2008.1,4.25163,520,0,1073.26,29.8171,520,0
17.8351,5018.88,7.67874,620,0,4062.53,25.4345,520,0,3012.73,5.17804,435,0,2008.12,4.25527,520,0,1073.34,29.8339,520,0
17.8455,5018.9,7.68308,620,0,4062.6,25.4488,520,0,3012.74,5.18097,435,0,2008.13,4.25891,520,0,1073.42,29.8508,520,0
17.8555,5018.92,7.68742,620,0,4062.67,25.4632,520,0,3012.76,5.1839,435,0,2008.14,4.26255,520,0,1073.51,29.8677,520,0
17.8656,5018.94,7.69176,620,0,4062.74,25.4776,520,0,3012.77,5.18683,435,0,2008.15,4.26619,520,0,1073.59,29.8845,520,0
17.8757,5018.96,7.6961,620,0,4062.81,25.492,520,0,3012.79,5.18975,435,0,2008.16,4.26983,520,0,1073.67,29.9014,520,0
17.8858,5018.98,7.70044,620,0,4062.88,25.5064,520,0,3012.8,5.19268,435,0,2008.18,4.27348,520,0,1073.76,29.9183,520,0
17.8958,5019.01,7.70478,620,0,4062.95,25.5207,520,0,3012.82,5.19561,435,0,2008.19,4.27712,520,0,1073.84,29.9351,520,0
17.9059,5019.03,7.70912,620,0,4063.02,25.5351,520,0,3012.83,5.19853,435,0,2008.2,4.28076,520,0,1073.92,29.952,520,0
17.916,5019.05,7.71347,620,0,4063.09,25.5495,520,0,3012.84,5.20146,435,0,2008.21,4.2844,520,0,1074.01,29.9689,520,0
17.926,5019.07,7.71781,620,0,4063.16,25.5639,520,0,3012.86,5.20439,435,0,2008.22,4.28804,520,0,1074.09,29.9857,520,0
17.9361,5019.09,7.72215,620,0,4063.24,25.5782,520,0,3012.87,5.20732,435,0,2008.24,4.29168,520,0,1074.17,30.0026,520,0
17.9462,5019.11,7.72649,620,0,4063.31,25.5926,520,0,3012.89,5.21024,435,0,2008.25,4.29532,520,0,1074.26,30.0195,520,0
17.9563,5019.13,7.73083,620,0,4063.38,25.607,520,0,3012.9,5.21317,435,0,2008.26,4.29896,520,0,1074.34,30.0363,520,0
17.9664,5019.16,7.73517,620,0,4063.45,25.6214,520,0,3012.92,5.2161,435,0,2008.27,4.3026,520,0,1074.42,30.0532,520,0
17.9765,5019.18,7.73951,620,0,4063.52,25.6358,520,0,3012.93,5.21902,435,0,2008.28,4.30624,520,0,1074.51,30.0701,520,0
17.9866,5019.2,7.74385,620,0,4063.59,25.6501,520,0,3012.95,5.22195,435,0,2008.3,4.30988,520,0,1074.59,30.0869,520,0
17.9966,5019.22,7.74819,620,0,4063.66,25.6645,520,0,3012.96,5.22488,435,0,2008.31,4.31352,520,0,1074.67,30.1038,520,0
18.0067,5019.24,7.75253,620,0,4063.73,25.6789,520,0,3012.98,5.22781,435,0,2008.32,4.31716,520,0,1074.76,30.1206,520,0
18.0168,5019.26,7.75687,620,0,4063.8,25.6933,520,0,3012.99,5.23073,435,0,2008.33,4.3208,520,0,1074.84,30.1375,520,0
18.0269,5019.28,7.76121,620,0,4063.88,25.7076,520,0,3013,5.23366,435,0,2008.34,4.32444,520,0,1074.93,30.1544,520,0
18.0369,5019.31,7.76555,620,0,4063.95,25.722,520,0,3013.02,5.23659,435,0,2008.36,4.32808,520,0,1075.01,30.1712,520,0
18.047,5019.33,7.76989,620,0,4064.02,25.7364,520,0,3013.03,5.23951,435,0,2008.37,4.33172,520,0,1075.09,30.1881,520,0
18.0571,5019.35,7.77424,620,0,4064.09,25.7508,520,0,3013.05,5.24244,435,0,2008.38,4.33537,520,0,1075.18,30.205,520,0
18.0672,5019.37,7.77858,620,0,4064.16,25.7652,520,0,3013.06,5.24537,435,0,2008.39,4.33901,520,0,1075.26,30.2218,520,0
18.0773,5019.39,7.78292,620,0,4064.23,25.7795,520,0,3013.08,5.24829,435,0,2008.4,4.34265,520,0,1075.34,30.2387,520,0
18.0873,5019.41,7.78726,620,0,4064.31,25.7939,520,0,3013.09,5.25122,435,0,2008.42,4.34629,520,0,1075.43,30.2556,520,0
18.0974,5019.44,7.7916,620,0,4064.38,25.8083,520,0,3013.11,5.25415,435,0,2008.43,4.34993,520,0,1075.51,30.2724,520,0
18.1075,5019.46,7.79594,620,0,4064.45,25.8227,520,0,3013.12,5.25708,435,0,2008.44,4.35357,520,0,1075.6,30.2893,520,0
18.1175,5019.48,7.80028,620,0,4064.52,25.8371,520,0,3013.14,5.26,435,0,2008.45,4.35721,520,0,1075.68,30.3062,520,0
18.1276,5019.5,7.80462,620,0,4064.59,25.8514,520,0,3013.15,5.26293,435,0,2008.46,4.36085,520,0,1075.77,30.323,520,0
18.1377,5019.52,7.80896,620,0,4064.66,25.8658,520,0,3013.16,5.26586,435,0,2008.48,4.36449,520,0,1075.85,30.3399,520,0
18.1477,5019.54,7.8133,620,0,4064.74,25.8802,520,0,3013.18,5.26878,435,0,2008.49,4.36813,520,0,1075.93,30.3568,520,0
18.1578,5019.57,7.81764,620,0,4064.81,25.8946,520,0,3013.19,5.27171,435,0,2008.5,4.37177,520,0,1076.02,30.3736,520,0
18.1679,5019.59,7.82198,620,0,4064.88,25.9089,520,0,3013.21,5.27464,435,0,2008.51,4.37541,520,0,1076.1,30.3905,520,0
18.178,5019.61,7.82632,620,0,4064.95,25.9233,520,0,3013.22,5.27757,435,0,2008.52,4.37905,520,0,1076.19,30.4073,520,0
18.1881,5019.63,7.83066,620,0,4065.02,25.9377,520,0,3013.24,5.28049,435,0,2008.54,4.38269,520,0,1076.27,30.4242,520,0
18.1982,5019.65,7.83501,620,0,4065.1,25.9521,520,0,3013.25,5.28342,435,0,2008.55,4.38633,520,0,1076.36,30.4411,520,0
18.2082,5019.67,7.83935,620,0,4065.17,25.9665,520,0,3013.27,5.28635,435,0,2008.56,4.38997,520,0,1076.44,30.4579,520,0
18.2183,5019.7,7.84369,620,0,4065.24,25.9808,520,0,3013.28,5.28927,435,0,2008.57,4.39362,520,0,1076.53,30.4748,520,0
18.2284,5019.72,7.84803,620,0,4065.31,25.9952,520,0,3013.3,5.2922,435,0,2008.59,4.39726,520,0,1076.61,30.4917,520,0
18.2384,5019.74,7.85237,620,0,4065.39,26.0096,520,0,3013.31,5.29513,435,0,2008.6,4.4009,520,0,1076.7,30.5085,520,0
18.2486,5019.76,7.85671,620,0,4065.46,26.024,520,0,3013.33,5.29806,435,0,2008.61,4.40454,520,0,1076.78,30.5254,520,0
18.2586,5019.78,7.86105,620,0,4065.53,26.0383,520,0,3013.34,5.30098,435,0,2008.62,4.40818,520,0,1076.86,30.5423,520,0
18.2687,5019.81,7.86539,620,0,4065.6,26.0527,520,0,3013.36,5.30391,435,0,2008.63,4.41182,520,0,1076.95,30.5591,520,0
18.2788,5019.83,7.86973,620,0,4065.67,26.0671,520,0,3013.37,5.30684,435,0,2008.65,4.41546,520,0,1077.03,30.576,520,0
18.2888,5019.85,7.87407,620,0,4065.75,26.0815,520,0,3013.39,5.30976,435,0,2008.66,4.4191,520,0,1077.12,30.5929,520,0
18.2989,5019.87,7.87841,620,0,4065.82,26.0959,520,0,3013.4,5.31269,435,0,2008.67,4.42274,520,0,1077.2,30.6097,520,0
18.309,5019.89,7.88275,620,0,4065.89,26.1102,520,0,3013.41,5.31562,435,0,2008.68,4.42638,520,0,1077.29,30.6266,520,0
18.3191,5019.91,7.88709,620,0,4065.96,26.1246,520,0,3013.43,5.31855,435,0,2008.7,4.43002,520,0,1077.37,30.6435,520,0
18.3292,5019.94,7.89143,620,0,4066.04,26.139,520,0,3013.44,5.32147,435,0,2008.71,4.43366,520,0,1077.46,30.6603,520,0
18.3392,5019.96,7.89578,620,0,4066.11,26.1534,520,0,3013.46,5.3244,435,0,2008.72,4.4373,520,0,1077.55,30.6772,520,0
18.3493,5019.98,7.90012,620,0,4066.18,26.1677,520,0,3013.47,5.32733,435,0,2008.73,4.44094,520,0,1077.63,30.6941,520,0
18.3594,5020,7.90446,620,0,4066.26,26.1821,520,0,3013.49,5.33025,435,0,2008.75,4.44458,520,0,1077.72,30.7109,520,0
18.3694,5020.02,7.9088,620,0,4066.33,26.1965,520,0,3013.5,5.33318,435,0,2008.76,4.44822,520,0,1077.8,30.7278,520,0
18.3795,5020.05,7.91314,620,0,4066.4,26.2109,520,0,3013.52,5.33611,435,0,2008.77,4.45186,520,0,1077.89,30.7446,520,0
18.3896,5020.07,7.91748,620,0,4066.47,26.2253,520,0,3013.53,5.33904,435,0,2008.78,4.45551,520,0,1077.97,30.7615,520,0
18.3997,5020.09,7.92182,620,0,4066.55,26.2396,520,0,3013.55,5.34196,435,0,2008.79,4.45915,520,0,1078.06,30.7784,520,0
18.4097,5020.11,7.92616,620,0,4066.62,26.254,520,0,3013.56,5.34489,435,0,2008.81,4.46279,520,0,1078.14,30.7952,520,0
18.4198,5020.13,7.9305,620,0,4066.69,26.2684,520,0,3013.58,5.34782,435,0,2008.82,4.46643,520,0,1078.23,30.8121,520,0
18.4299,5020.16,7.93484,620,0,4066.77,26.2828,520,0,3013.59,5.35074,435,0,2008.83,4.47007,520,0,1078.31,30.829,520,0
18.4399,5020.18,7.93918,620,0,4066.84,26.2971,520,0,3013.61,5.35367,435,0,2008.84,4.47371,520,0,1078.4,30.8458,520,0
18.45,5020.2,7.94352,620,0,4066.91,26.3115,520,0,3013.62,5.3566,435,0,2008.86,4.47735,520,0,1078.49,30.8627,520,0
18.4601,5020.22,7.94786,620,0,4066.98,26.3259,520,0,3013.64,5.35952,435,0,2008.87,4.48099,520,0,1078.57,30.8796,520,0
18.4701,5020.24,7.9522,620,0,4067.06,26.3403,520,0,3013.65,5.36245,435,0,2008.88,4.48463,520,0,1078.66,30.8964,520,0
18.4802,5020.27,7.95655,620,0,4067.13,26.3547,520,0,3013.67,5.36538,435,0,2008.89,4.48827,520,0,1078.74,30.9133,520,0
18.4903,5020.29,7.96089,620,0,4067.2,26.369,520,0,3013.68,5.36831,435,0,2008.91,4.49191,520,0,1078.83,30.9302,520,0
18.5003,5020.31,7.96523,620,0,4067.28,26.3834,520,0,3013.7,5.37123,435,0,2008.92,4.49555,520,0,1078.91,30.947,520,0
18.5104,5020.33,7.96957,620,0,4067.35,26.3978,520,0,3013.71,5.37416,435,0,2008.93,4.49919,520,0,1079,30.9639,520,0
18.5205,5020.36,7.97391,620,0,4067.42,26.4122,520,0,3013.73,5.37709,435,0,2008.94,4.50283,520,0,1079.09,30.9808,520,0
18.5305,5020.38,7.97825,620,0,4067.5,26.4265,520,0,3013.74,5.38001,435,0,2008.96,4.50647,520,0,1079.17,30.9976,520,0
18.5406,5020.4,7.98259,620,0,4067.57,26.4409,520,0,3013.76,5.38294,435,0,2008.97,4.51011,520,0,1079.26,31.0145,520,0
18.5507,5020.42,7.98693,620,0,4067.64,26.4553,520,0,3013.77,5.38587,435,0,2008.98,4.51376,520,0,1079.35,31.0313,520,0
18.5608,5020.44,7.99127,620,0,4067.72,26.4697,520,0,3013.79,5.3888,435,0,2008.99,4.5174,520,0,1079.43,31.0482,520,0
18.5708,5020.47,7.99561,620,0,4067.79,26.4841,520,0,3013.8,5.39172,435,0,2009.01,4.52104,520,0,1079.52,31.0651,520,0
18.5811,5020.49,7.99995,620,0,4067.87,26.4984,520,0,3013.82,5.39465,435,0,2009.02,4.52468,520,0,1079.6,31.0819,520,0
18.5911,5020.51,8.00429,620,0,4067.94,26.5128,520,0,3013.83,5.39758,435,0,2009.03,4.52832,520,0,1079.69,31.0988,520,0
18.6012,5020.53,8.00863,620,0,4068.01,26.5272,520,0,3013.85,5.4005,435,0,2009.04,4.53196,520,0,1079.78,31.1157,520,0
18.6113,5020.56,8.01298,620,0,4068.09,26.5416,520,0,3013.86,5.40343,435,0,2009.06,4.5356,520,0,1079.86,31.1325,520,0
18.6214,5020.58,8.01732,620,0,4068.16,26.5559,520,0,3013.88,5.40636,435,0,2009.07,4.53924,520,0,1079.95,31.1494,520,0
18.6314,5020.6,8.02166,620,0,4068.23,26.5703,520,0,3013.89,5.40929,435,0,2009.08,4.54288,520,0,1080.04,31.1663,520,0
18.6415,5020.62,8.026,620,0,4068.31,26.5847,520,0,3013.91,5.41221,435,0,2009.09,4.54652,520,0,1080.12,31.1831,520,0
18.6516,5020.64,8.03034,620,0,4068.38,26.5991,520,0,3013.92,5.41514,435,0,2009.11,4.55016,520,0,1080.21,31.2,520,0
18.6616,5020.67,8.03468,620,0,4068.46,26.6135,520,0,3013.94,5.41807,435,0,2009.12,4.5538,520,0,1080.3,31.2169,520,0
18.6717,5020.69,8.03902,620,0,4068.53,26.6278,520,0,3013.95,5.42099,435,0,2009.13,4.55744,520,0,1080.38,31.2337,520,0
18.6818,5020.71,8.04336,620,0,4068.6,26.6422,520,0,3013.97,5.42392,435,0,2009.15,4.56108,520,0,1080.47,31.2506,520,0
18.6919,5020.73,8.0477,620,0,4068.68,26.6566,520,0,3013.98,5.42685,435,0,2009.16,4.56472,520,0,1080.56,31.2675,520,0
18.7019,5020.76,8.05204,620,0,4068.75,26.671,520,0,3014,5.42978,435,0,2009.17,4.56836,520,0,1080.64,31.2843,520,0
18.712,5020.78,8.05638,620,0,4068.83,26.6853,520,0,3014.01,5.4327,435,0,2009.18,4.572,520,0,1080.73,31.3012,520,0
18.7221,5020.8,8.06072,620,0,4068.9,26.6997,520,0,3014.03,5.43563,435,0,2009.2,4.57565,520,0,1080.82,31.3181,520,0
18.7322,5020.82,8.06506,620,0,4068.97,26.7141,520,0,3014.04,5.43856,435,0,2009.21,4.57929,520,0,1080.91,31.3349,520,0
18.7422,5020.85,8.0694,620,0,4069.05,26.7285,520,0,3014.06,5.44148,435,0,2009.22,4.58293,520,0,1080.99,31.3518,520,0
18.7523,5020.87,8.07375,620,0,4069.12,26.7429,520,0,3014.07,5.44441,435,0,2009.23,4.58657,520,0,1081.08,31.3686,520,0
18.7626,5020.89,8.07809,620,0,4069.2,26.7572,520,0,3014.09,5.44734,435,0,2009.25,4.59021,520,0,1081.17,31.3855,520,0
18.7727,5020.91,8.08243,620,0,4069.27,26.7716,520,0,3014.1,5.45027,435,0,2009.26,4.59385,520,0,1081.25,31.4024,520,0
18.7828,5020.94,8.08677,620,0,4069.35,26.786,520,0,3014.12,5.45319,435,0,2009.27,4.59749,520,0,1081.34,31.4192,520,0
18.7928,5020.96,8.09111,620,0,4069.42,26.8004,520,0,3014.13,5.45612,435,0,2009.29,4.60113,520,0,1081.43,31.4361,520,0
18.8029,5020.98,8.09545,620,0,4069.49,26.8147,520,0,3014.15,5.45905,435,0,2009.3,4.60477,520,0,1081.52,31.453,520,0
18.8129,5021,8.09979,620,0,4069.57,26.8291,520,0,3014.16,5.46197,435,0,2009.31,4.60841,520,0,1081.6,31.4698,520,0
18.823,5021.03,8.10413,620,0,4069.64,26.8435,520,0,3014.18,5.4649,435,0,2009.32,4.61205,520,0,1081.69,31.4867,520,0
18.8331,5021.05,8.10847,620,0,4069.72,26.8579,520,0,3014.19,5.46783,435,0,2009.34,4.61569,520,0,1081.78,31.5036,520,0
18.8431,5021.07,8.11281,620,0,4069.79,26.8723,520,0,3014.21,5.47075,435,0,2009.35,4.61933,520,0,1081.87,31.5204,520,0
18.8532,5021.09,8.11715,620,0,4069.87,26.8866,520,0,3014.22,5.47368,435,0,2009.36,4.62297,520,0,1081.95,31.5373,520,0
18.8633,5021.12,8.12149,620,0,4069.94,26.901,520,0,3014.24,5.47661,435,0,2009.38,4.62661,520,0,1082.04,31.5542,520,0
18.8733,5021.14,8.12583,620,0,4070.02,26.9154,520,0,3014.25,5.47954,435,0,2009.39,4.63025,520,0,1082.13,31.571,520,0
18.8834,5021.16,8.13017,620,0,4070.09,26.9298,520,0,3014.27,5.48246,435,0,2009.4,4.6339,520,0,1082.22,31.5879,520,0
18.8934,5021.18,8.13452,620,0,4070.17,26.9441,520,0,3014.28,5.48539,435,0,2009.41,4.63754,520,0,1082.3,31.6048,520,0
18.9035,5021.21,8.13886,620,0,4070.24,26.9585,520,0,3014.3,5.48832,435,0,2009.43,4.64118,520,0,1082.39,31.6216,520,0
18.9136,5021.23,8.1432,620,0,4070.32,26.9729,520,0,3014.32,5.49124,435,0,2009.44,4.64482,520,0,1082.48,31.6385,520,0
18.9236,5021.25,8.14754,620,0,4070.39,26.9873,520,0,3014.33,5.49417,435,0,2009.45,4.64846,520,0,1082.57,31.6553,520,0
18.9337,5021.27,8.15188,620,0,4070.47,27.0017,520,0,3014.35,5.4971,435,0,2009.47,4.6521,520,0,1082.66,31.6722,520,0
18.9438,5021.3,8.15622,620,0,4070.54,27.016,520,0,3014.36,5.50003,435,0,2009.48,4.65574,520,0,1082.74,31.6891,520,0
18.9539,5021.32,8.16056,620,0,4070.62,27.0304,520,0,3014.38,5.50295,435,0,2009.49,4.65938,520,0,1082.83,31.7059,520,0
18.9639,5021.34,8.1649,620,0,4070.69,27.0448,520,0,3014.39,5.50588,435,0,2009.5,4.66302,520,0,1082.92,31.7228,520,0
18.974,5021.36,8.16924,620,0,4070.77,27.0592,520,0,3014.41,5.50881,435,0,2009.52,4.66666,520,0,1083.01,31.7397,520,0
18.9841,5021.39,8.17358,620,0,4070.84,27.0735,520,0,3014.42,5.51173,435,0,2009.53,4.6703,520,0,1083.1,31.7565,520,0
18.9941,5021.41,8.17792,620,0,4070.92,27.0879,520,0,3014.44,5.51466,435,0,2009.54,4.67394,520,0,1083.18,31.7734,520,0
19.0042,5021.43,8.18226,620,0,4070.99,27.1023,520,0,3014.45,5.51759,435,0,2009.56,4.67758,520,0,1083.27,31.7903,520,0
19.0143,5021.46,8.1866,620,0,4071.07,27.1167,520,0,3014.47,5.52052,435,0,2009.57,4.68122,520,0,1083.36,31.8071,520,0
19.0244,5021.48,8.19094,620,0,4071.14,27.1311,520,0,3014.48,5.52344,435,0,2009.58,4.68486,520,0,1083.45,31.824,520,0
19.0344,5021.5,8.19529,620,0,4071.22,27.1454,520,0,3014.5,5.52637,435,0,2009.6,4.6885,520,0,1083.54,31.8409,520,0
19.0445,5021.52,8.19963,620,0,4071.29,27.1598,520,0,3014.51,5.5293,435,0,2009.61,4.69214,520,0,1083.63,31.8577,520,0
19.0546,5021.55,8.20397,620,0,4071.37,27.1742,520,0,3014.53,5.53222,435,0,2009.62,4.69579,520,0,1083.72,31.8746,520,0
19.0646,5021.57,8.20831,620,0,4071.45,27.1886,520,0,3014.55,5.53515,435,0,2009.63,4.69943,520,0,1083.8,31.8915,520,0
19.0747,5021.59,8.21265,620,0,4071.52,27.2029,520,0,3014.56,5.53808,435,0,2009.65,4.70307,520,0,1083.89,31.9083,520,0
19.0848,5021.62,8.21699,620,0,4071.6,27.2173,520,0,3014.58,5.54101,435,0,2009.66,4.70671,520,0,1083.98,31.9252,520,0
19.0949,5021.64,8.22133,620,0,4071.67,27.2317,520,0,3014.59,5.54393,435,0,2009.67,4.71035,520,0,1084.07,31.9421,520,0
19.1049,5021.66,8.22567,620,0,4071.75,27.2461,520,0,3014.61,5.54686,435,0,2009.69,4.71399,520,0,1084.16,31.9589,520,0
19.115,5021.68,8.23001,620,0,4071.82,27.2605,520,0,3014.62,5.54979,435,0,2009.7,4.71763,520,0,1084.25,31.9758,520,0
19.1251,5021.71,8.23435,620,0,4071.9,27.2748,520,0,3014.64,5.55271,435,0,2009.71,4.72127,520,0,1084.34,31.9926,520,0
19.1352,5021.73,8.23869,620,0,4071.98,27.2892,520,0,3014.65,5.55564,435,0,2009.73,4.72491,520,0,1084.43,32.0095,520,0
19.1452,5021.75,8.24303,620,0,4072.05,27.3036,520,0,3014.67,5.55857,435,0,2009.74,4.72855,520,0,1084.51,32.0264,520,0
19.1553,5021.78,8.24737,620,0,4072.13,27.318,520,0,3014.68,5.56149,435,0,2009.75,4.73219,520,0,1084.6,32.0432,520,0
19.1654,5021.8,8.25171,620,0,4072.2,27.3323,520,0,3014.7,5.56442,435,0,2009.77,4.73583,520,0,1084.69,32.0601,520,0
19.1754,5021.82,8.25606,620,0,4072.28,27.3467,520,0,3014.71,5.56735,435,0,2009.78,4.73947,520,0,1084.78,32.077,520,0
19.1855,5021.84,8.2604,620,0,4072.35,27.3611,520,0,3014.73,5.57028,435,0,2009.79,4.74311,520,0,1084.87,32.0938,520,0
19.1956,5021.87,8.26474,620,0,4072.43,27.3755,520,0,3014.75,5.5732,435,0,2009.81,4.74675,520,0,1084.96,32.1107,520,0
19.2056,5021.89,8.26908,620,0,4072.51,27.3899,520,0,3014.76,5.57613,435,0,2009.82,4.75039,520,0,1085.05,32.1276,520,0
19.2157,5021.91,8.27342,620,0,4072.58,27.4042,520,0,3014.78,5.57906,435,0,2009.83,4.75404,520,0,1085.14,32.1444,520,0
19.2258,5021.94,8.27776,620,0,4072.66,27.4186,520,0,3014.79,5.58198,435,0,2009.84,4.75768,520,0,1085.23,32.1613,520,0
19.2359,5021.96,8.2821,620,0,4072.74,27.433,520,0,3014.81,5.58491,435,0,2009.86,4.76132,520,0,1085.32,32.1782,520,0
19.246,5021.98,8.28644,620,0,4072.81,27.4474,520,0,3014.82,5.58784,435,0,2009.87,4.76496,520,0,1085.41,32.195,520,0
19.256,5022.01,8.29078,620,0,4072.89,27.4618,520,0,3014.84,5.59077,435,0,2009.88,4.7686,520,0,1085.5,32.2119,520,0
19.2661,5022.03,8.29512,620,0,4072.96,27.4761,520,0,3014.85,5.59369,435,0,2009.9,4.77224,520,0,1085.59,32.2288,520,0
19.2762,5022.05,8.29946,620,0,4073.04,27.4905,520,0,3014.87,5.59662,435,0,2009.91,4.77588,520,0,1085.67,32.2456,520,0
19.2863,5022.07,8.3038,620,0,4073.12,27.5049,520,0,3014.89,5.59955,435,0,2009.92,4.77952,520,0,1085.76,32.2625,520,0
19.2964,5022.1,8.30814,620,0,4073.19,27.5193,520,0,3014.9,5.60247,435,0,2009.94,4.78316,520,0,1085.85,32.2793,520,0
19.3064,5022.12,8.31249,620,0,4073.27,27.5336,520,0,3014.92,5.6054,435,0,2009.95,4.7868,520,0,1085.94,32.2962,520,0
19.3165,5022.14,8.31683,620,0,4073.35,27.548,520,0,3014.93,5.60833,435,0,2009.96,4.79044,520,0,1086.03,32.3131,520,0
19.3266,5022.17,8.32117,620,0,4073.42,27.5624,520,0,3014.95,5.61126,435,0,2009.98,4.79408,520,0,1086.12,32.3299,520,0
19.3367,5022.19,8.32551,620,0,4073.5,27.5768,520,0,3014.96,5.61418,435,0,2009.99,4.79772,520,0,1086.21,32.3468,520,0
19.3467,5022.21,8.32985,620,0,4073.58,27.5912,520,0,3014.98,5.61711,435,0,2010,4.80136,520,0,1086.3,32.3637,520,0
19.3568,5022.24,8.33419,620,0,4073.65,27.6055,520,0,3014.99,5.62004,435,0,2010.02,4.805,520,0,1086.39,32.3805,520,0
19.3669,5022.26,8.33853,620,0,4073.73,27.6199,520,0,3015.01,5.62296,435,0,2010.03,4.80864,520,0,1086.48,32.3974,520,0
19.3769,5022.28,8.34287,620,0,4073.81,27.6343,520,0,3015.03,5.62589,435,0,2010.04,4.81228,520,0,1086.57,32.4143,520,0
19.387,5022.31,8.34721,620,0,4073.88,27.6487,520,0,3015.04,5.62882,435,0,2010.06,4.81593,520,0,1086.66,32.4311,520,0
19.3971,5022.33,8.35155,620,0,4073.96,27.663,520,0,3015.06,5.63175,435,0,2010.07,4.81957,520,0,1086.75,32.448,520,0
19.4071,5022.35,8.35589,620,0,4074.04,27.6774,520,0,3015.07,5.63467,435,0,2010.08,4.82321,520,0,1086.84,32.4649,520,0
19.4172,5022.38,8.36023,620,0,4074.11,27.6918,520,0,3015.09,5.6376,435,0,2010.1,4.82685,520,0,1086.93,32.4817,520,0
19.4273,5022.4,8.36457,620,0,4074.19,27.7062,520,0,3015.1,5.64053,435,0,2010.11,4.83049,520,0,1087.02,32.4986,520,0
19.4373,5022.42,8.36891,620,0,4074.27,27.7206,520,0,3015.12,5.64345,435,0,2010.12,4.83413,520,0,1087.11,32.5155,520,0
19.4474,5022.44,8.37326,620,0,4074.35,27.7349,520,0,3015.14,5.64638,435,0,2010.14,4.83777,520,0,1087.2,32.5323,520,0
19.4575,5022.47,8.3776,620,0,4074.42,27.7493,520,0,3015.15,5.64931,435,0,2010.15,4.84141,520,0,1087.3,32.5492,520,0
19.4675,5022.49,8.38194,620,0,4074.5,27.7637,520,0,3015.17,5.65224,435,0,2010.16,4.84505,520,0,1087.39,32.5661,520,0
19.4776,5022.51,8.38628,620,0,4074.58,27.7781,520,0,3015.18,5.65516,435,0,2010.18,4.84869,520,0,1087.48,32.5829,520,0
19.4877,5022.54,8.39062,620,0,4074.65,27.7924,520,0,3015.2,5.65809,435,0,2010.19,4.85233,520,0,1087.57,32.5998,520,0
19.4978,5022.56,8.39496,620,0,4074.73,27.8068,520,0,3015.21,5.66102,435,0,2010.21,4.85597,520,0,1087.66,32.6166,520,0
19.5078,5022.58,8.3993,620,0,4074.81,27.8212,520,0,3015.23,5.66394,435,0,2010.22,4.85961,520,0,1087.75,32.6335,520,0
19.5179,5022.61,8.40364,620,0,4074.89,27.8356,520,0,3015.25,5.66687,435,0,2010.23,4.86325,520,0,1087.84,32.6504,520,0
19.528,5022.63,8.40798,620,0,4074.96,27.85,520,0,3015.26,5.6698,435,0,2010.25,4.86689,520,0,1087.93,32.6672,520,0
19.538,5022.65,8.41232,620,0,4075.04,27.8643,520,0,3015.28,5.67272,435,0,2010.26,4.87053,520,0,1088.02,32.6841,520,0
19.5489,5022.68,8.41666,620,0,4075.12,27.8787,520,0,3015.29,5.67565,435,0,2010.27,4.87418,520,0,1088.11,32.701,520,0
19.559,5022.7,8.421,620,0,4075.2,27.8931,520,0,3015.31,5.67858,435,0,2010.29,4.87782,520,0,1088.2,32.7178,520,0
19.5691,5022.73,8.42534,620,0,4075.27,27.9075,520,0,3015.32,5.68151,435,0,2010.3,4.88146,520,0,1088.29,32.7347,520,0
19.5792,5022.75,8.42968,620,0,4075.35,27.9218,520,0,3015.34,5.68443,435,0,2010.31,4.8851,520,0,1088.38,32.7516,520,0
19.5892,5022.77,8.43403,620,0,4075.43,27.9362,520,0,3015.36,5.68736,435,0,2010.33,4.88874,520,0,1088.47,32.7684,520,0
19.5993,5022.8,8.43837,620,0,4075.51,27.9506,520,0,3015.37,5.69029,435,0,2010.34,4.89238,520,0,1088.57,32.7853,520,0
19.6099,5022.82,8.44271,620,0,4075.58,27.965,520,0,3015.39,5.69321,435,0,2010.35,4.89602,520,0,1088.66,32.8022,520,0
19.62,5022.84,8.44705,620,0,4075.66,27.9794,520,0,3015.4,5.69614,435,0,2010.37,4.89966,520,0,1088.75,32.819,520,0
19.6301,5022.87,8.45139,620,0,4075.74,27.9937,520,0,3015.42,5.69907,435,0,2010.38,4.9033,520,0,1088.84,32.8359,520,0
19.6401,5022.89,8.45573,620,0,4075.82,28.0081,520,0,3015.43,5.702,435,0,2010.4,4.90694,520,0,1088.93,32.8528,520,0
19.6502,5022.91,8.46007,620,0,4075.89,28.0225,520,0,3015.45,5.70492,435,0,2010.41,4.91058,520,0,1089.02,32.8696,520,0
19.6603,5022.94,8.46441,620,0,4075.97,28.0369,520,0,3015.47,5.70785,435,0,2010.42,4.91422,520,0,1089.11,32.8865,520,0
19.6703,5022.96,8.46875,620,0,4076.05,28.0512,520,0,3015.48,5.71078,435,0,2010.44,4.91786,520,0,1089.2,32.9033,520,0
19.6804,5022.98,8.47309,620,0,4076.13,28.0656,520,0,3015.5,5.7137,435,0,2010.45,4.9215,520,0,1089.3,32.9202,520,0
19.6905,5023.01,8.47743,620,0,4076.21,28.08,520,0,3015.51,5.71663,435,0,2010.46,4.92514,520,0,1089.39,32.9371,520,0
19.7005,5023.03,8.48177,620,0,4076.28,28.0944,520,0,3015.53,5.71956,435,0,2010.48,4.92878,520,0,1089.48,32.9539,520,0
19.7106,5023.05,8.48611,620,0,4076.36,28.1088,520,0,3015.55,5.72249,435,0,2010.49,4.93242,520,0,1089.57,32.9708,520,0
19.7207,5023.08,8.49045,620,0,4076.44,28.1231,520,0,3015.56,5.72541,435,0,2010.5,4.93607,520,0,1089.66,32.9877,520,0
19.7308,5023.1,8.4948,620,0,4076.52,28.1375,520,0,3015.58,5.72834,435,0,2010.52,4.93971,520,0,1089.75,33.0045,520,0
19.7408,5023.12,8.49914,620,0,4076.6,28.1519,520,0,3015.59,5.73127,435,0,2010.53,4.94335,520,0,1089.85,33.0214,520,0
19.7509,5023.15,8.50348,620,0,4076.67,28.1663,520,0,3015.61,5.73419,435,0,2010.55,4.94699,520,0,1089.94,33.0383,520,0
19.761,5023.17,8.50782,620,0,4076.75,28.1806,520,0,3015.63,5.73712,435,0,2010.56,4.95063,520,0,1090.03,33.0551,520,0
19.7711,5023.2,8.51216,620,0,4076.83,28.195,520,0,3015.64,5.74005,435,0,2010.57,4.95427,520,0,1090.12,33.072,520,0
19.7812,5023.22,8.5165,620,0,4076.91,28.2094,520,0,3015.66,5.74298,435,0,2010.59,4.95791,520,0,1090.21,33.0889,520,0
19.7912,5023.24,8.52084,620,0,4076.99,28.2238,520,0,3015.67,5.7459,435,0,2010.6,4.96155,520,0,1090.31,33.1057,520,0
19.8013,5023.27,8.52518,620,0,4077.07,28.2382,520,0,3015.69,5.74883,435,0,2010.61,4.96519,520,0,1090.4,33.1226,520,0
19.8114,5023.29,8.52952,620,0,4077.15,28.2525,520,0,3015.71,5.75176,435,0,2010.63,4.96883,520,0,1090.49,33.1395,520,0
19.8214,5023.31,8.53386,620,0,4077.22,28.2669,520,0,3015.72,5.75468,435,0,2010.64,4.97247,520,0,1090.58,33.1563,520,0
19.8315,5023.34,8.5382,620,0,4077.3,28.2813,520,0,3015.74,5.75761,435,0,2010.66,4.97611,520,0,1090.67,33.1732,520,0
19.8416,5023.36,8.54254,620,0,4077.38,28.2957,520,0,3015.75,5.76054,435,0,2010.67,4.97975,520,0,1090.77,33.1901,520,0
19.8516,5023.39,8.54688,620,0,4077.46,28.31,520,0,3015.77,5.76347,435,0,2010.68,4.98339,520,0,1090.86,33.2069,520,0
19.8617,5023.41,8.55122,620,0,4077.54,28.3244,520,0,3015.79,5.76639,435,0,2010.7,4.98703,520,0,1090.95,33.2238,520,0
19.8718,5023.43,8.55557,620,0,4077.62,28.3388,520,0,3015.8,5.76932,435,0,2010.71,4.99067,520,0,1091.04,33.2406,520,0
19.8819,5023.46,8.55991,620,0,4077.7,28.3532,520,0,3015.82,5.77225,435,0,2010.73,4.99432,520,0,1091.13,33.2575,520,0
19.8919,5023.48,8.56425,620,0,4077.77,28.3676,520,0,3015.83,5.77517,435,0,2010.74,4.99796,520,0,1091.23,33.2744,520,0
19.902,5023.5,8.56859,620,0,4077.85,28.3819,520,0,3015.85,5.7781,435,0,2010.75,5.0016,520,0,1091.32,33.2912,520,0
19.9121,5023.53,8.57293,620,0,4077.93,28.3963,520,0,3015.87,5.78103,435,0,2010.77,5.00524,520,0,1091.41,33.3081,520,0
19.9221,5023.55,8.57727,620,0,4078.01,28.4107,520,0,3015.88,5.78395,435,0,2010.78,5.00888,520,0,1091.5,33.325,520,0
19.9322,5023.58,8.58161,620,0,4078.09,28.4251,520,0,3015.9,5.78688,435,0,2010.79,5.01252,520,0,1091.6,33.3418,520,0
19.9423,5023.6,8.58595,620,0,4078.17,28.4394,520,0,3015.91,5.78981,435,0,2010.81,5.01616,520,0,1091.69,33.3587,520,0
19.9523,5023.62,8.59029,620,0,4078.25,28.4538,520,0,3015.93,5.79274,435,0,2010.82,5.0198,520,0,1091.78,33.3756,520,0
19.9631,5023.65,8.59463,620,0,4078.33,28.4682,520,0,3015.95,5.79566,435,0,2010.84,5.02344,520,0,1091.88,33.3924,520,0
19.9731,5023.67,8.59897,620,0,4078.41,28.4826,520,0,3015.96,5.79859,435,0,2010.85,5.02708,520,0,1091.97,33.4093,520,0
19.9832,5023.69,8.60331,620,0,4078.49,28.497,520,0,3015.98,5.80152,435,0,2010.86,5.03072,520,0,1092.06,33.4262,520,0
19.9933,5023.72,8.60765,620,0,4078.56,28.5113,520,0,3015.99,5.80444,435,0,2010.88,5.03436,520,0,1092.15,33.443,520,0
20.0033,5023.74,8.61199,620,0,4078.64,28.5257,520,0,3016.01,5.80737,435,0,2010.89,5.038,520,0,1092.25,33.4599,520,0
20.0134,5023.77,8.61634,620,0,4078.72,28.5401,520,0,3016.03,5.8103,435,0,2010.91,5.04164,520,0,1092.34,33.4768,520,0
20.0235,5023.79,8.62068,620,0,4078.8,28.5545,520,0,3016.04,5.81323,435,0,2010.92,5.04528,520,0,1092.43,33.4936,520,0
20.0335,5023.81,8.62502,620,0,4078.88,28.5688,520,0,3016.06,5.81615,435,0,2010.93,5.04892,520,0,1092.53,33.5105,520,0
20.0436,5023.84,8.62936,620,0,4078.96,28.5832,520,0,3016.08,5.81908,435,0,2010.95,5.05257,520,0,1092.62,33.5273,520,0
20.0537,5023.86,8.6337,620,0,4079.04,28.5976,520,0,3016.09,5.82201,435,0,2010.96,5.05621,520,0,1092.71,33.5442,520,0
20.0638,5023.89,8.63804,620,0,4079.12,28.612,520,0,3016.11,5.82493,435,0,2010.98,5.05985,520,0,1092.81,33.5611,520,0
20.0738,5023.91,8.64238,620,0,4079.2,28.6264,520,0,3016.12,5.82786,435,0,2010.99,5.06349,520,0,1092.9,33.5779,520,0
20.0839,5023.93,8.64672,620,0,4079.28,28.6407,520,0,3016.14,5.83079,435,0,2011.01,5.06713,520,0,1092.99,33.5948,520,0
20.094,5023.96,8.65106,620,0,4079.36,28.6551,520,0,3016.16,5.83372,435,0,2011.02,5.07077,520,0,1093.09,33.6117,520,0
20.1051,5023.98,8.6554,620,0,4079.44,28.6695,520,0,3016.17,5.83664,435,0,2011.03,5.07441,520,0,1093.18,33.6285,520,0
20.1151,5024.01,8.65974,620,0,4079.52,28.6839,520,0,3016.19,5.83957,435,0,2011.05,5.07805,520,0,1093.27,33.6454,520,0
20.1252,5024.03,8.66408,620,0,4079.6,28.6982,520,0,3016.2,5.8425,435,0,2011.06,5.08169,520,0,1093.37,33.6623,520,0
20.1353,5024.05,8.66842,620,0,4079.68,28.7126,520,0,3016.22,5.84542,435,0,2011.08,5.08533,520,0,1093.46,33.6791,520,0
20.1453,5024.08,8.67277,620,0,4079.76,28.727,520,0,3016.24,5.84835,435,0,2011.09,5.08897,520,0,1093.55,33.696,520,0
20.1554,5024.1,8.67711,620,0,4079.84,28.7414,520,0,3016.25,5.85128,435,0,2011.1,5.09261,520,0,1093.65,33.7129,520,0
20.1655,5024.13,8.68145,620,0,4079.92,28.7558,520,0,3016.27,5.85421,435,0,2011.12,5.09625,520,0,1093.74,33.7297,520,0
20.1756,5024.15,8.68579,620,0,4080,28.7701,518.835,0,3016.29,5.85713,435,0,2011.13,5.09989,520,0,1093.83,33.7466,520,0
20.1856,5024.18,8.69013,620,0,4080.08,28.7844,517.164,0,3016.3,5.86006,435,0,2011.15,5.10353,520,0,1093.93,33.7635,520,0
20.1957,5024.2,8.69447,620,0,4080.16,28.7987,515.497,0,3016.32,5.86299,435,0,2011.16,5.10717,520,0,1094.02,33.7803,520,0
20.2058,5024.22,8.69881,620,0,4080.24,28.8129,513.832,0,3016.33,5.86591,435,0,2011.17,5.11081,520,0,1094.12,33.7972,520,0
20.2158,5024.25,8.70315,620,0,4080.32,28.827,512.172,0,3016.35,5.86884,435,0,2011.19,5.11446,520,0,1094.21,33.8141,520,0
20.2259,5024.27,8.70749,620,0,4080.4,28.8411,510.514,0,3016.37,5.87177,435,0,2011.2,5.1181,520,0,1094.3,33.8309,520,0
20.236,5024.3,8.71183,620,0,4080.48,28.8552,508.859,0,3016.38,5.87469,435,0,2011.22,5.12174,520,0,1094.4,33.8478,520,0
20.246,5024.32,8.71617,620,0,4080.56,28.8692,507.207,0,3016.4,5.87762,435,0,2011.23,5.12538,520,0,1094.49,33.8646,520,0
20.2561,5024.34,8.72051,620,0,4080.64,28.8832,505.559,0,3016.42,5.88055,435,0,2011.25,5.12902,520,0,1094.59,33.8815,520,0
20.2662,5024.37,8.72485,620,0,4080.72,28.8971,503.914,0,3016.43,5.88348,435,0,2011.26,5.13266,520,0,1094.68,33.8984,520,0
20.2771,5024.39,8.72919,620,0,4080.8,28.911,502.272,0,3016.45,5.8864,435,0,2011.27,5.1363,520,0,1094.77,33.9152,520,0
20.2871,5024.42,8.73354,620,0,4080.88,28.9249,500.633,0,3016.47,5.88933,435,0,2011.29,5.13994,520,0,1094.87,33.9321,520,0
20.2972,5024.44,8.73788,620,0,4080.96,28.9387,498.997,0,3016.48,5.89226,435,0,2011.3,5.14358,520,0,1094.96,33.949,520,0
20.3073,5024.47,8.74222,620,0,4081.04,28.9524,497.364,0,3016.5,5.89518,435,0,2011.32,5.14722,520,0,1095.06,33.9658,520,0
20.3173,5024.49,8.74656,620,0,4081.12,28.9661,495.73,0,3016.51,5.89811,435,0,2011.33,5.15086,520,0,1095.15,33.9827,520,0
20.3274,5024.51,8.7509,620,0,4081.2,28.9798,494.095,0,3016.53,5.90104,435,0,2011.35,5.1545,520,0,1095.25,33.9996,520,0
20.3374,5024.54,8.75524,620,0,4081.28,28.9934,492.463,0,3016.55,5.90397,435,0,2011.36,5.15814,520,0,1095.34,34.0164,520,0
20.3475,5024.56,8.75958,620,0,4081.36,29.007,490.835,0,3016.56,5.90689,435,0,2011.37,5.16178,520,0,1095.44,34.0333,520,0
20.3576,5024.59,8.76392,620,0,4081.44,29.0205,489.212,0,3016.58,5.90982,435,0,2011.39,5.16542,520,0,1095.53,34.0502,520,0
20.3676,5024.61,8.76826,620,0,4081.52,29.034,487.592,0,3016.6,5.91275,435,0,2011.4,5.16906,520,0,1095.62,34.067,520,0
20.3777,5024.64,8.7726,620,0,4081.6,29.0474,485.975,0,3016.61,5.91567,435,0,2011.42,5.17271,520,0,1095.72,34.0839,520,0
20.3878,5024.66,8.77694,620,0,4081.68,29.0608,484.361,0,3016.63,5.9186,435,0,2011.43,5.17635,520,0,1095.81,34.1008,520,0
20.3979,5024.69,8.78128,620,0,4081.76,29.0742,482.751,0,3016.65,5.92153,435,0,2011.45,5.17999,520,0,1095.91,34.1176,520,0
20.4079,5024.71,8.78562,620,0,4081.85,29.0875,481.143,0,3016.66,5.92446,435,0,2011.46,5.18363,520,0,1096,34.1345,520,0
20.418,5024.73,8.78996,620,0,4081.93,29.1007,479.539,0,3016.68,5.92738,435,0,2011.48,5.18727,520,0,1096.1,34.1513,520,0
20.4281,5024.76,8.79431,620,0,4082.01,29.1139,477.938,0,3016.7,5.93031,435,0,2011.49,5.19091,520,0,1096.19,34.1682,520,0
20.4381,5024.78,8.79865,620,0,4082.09,29.1271,476.34,0,3016.71,5.93324,435,0,2011.5,5.19455,520,0,1096.29,34.1851,520,0
20.4482,5024.81,8.80299,620,0,4082.17,29.1402,474.745,0,3016.73,5.93616,435,0,2011.52,5.19819,520,0,1096.38,34.2019,520,0
20.4583,5024.83,8.80733,620,0,4082.25,29.1533,473.153,0,3016.74,5.93909,435,0,2011.53,5.20183,520,0,1096.48,34.2188,520,0
20.4684,5024.86,8.81167,620,0,4082.33,29.1664,471.564,0,3016.76,5.94202,435,0,2011.55,5.20547,520,0,1096.57,34.2357,520,0
20.4784,5024.88,8.81601,620,0,4082.41,29.1794,469.978,0,3016.78,5.94495,435,0,2011.56,5.20911,520,0,1096.67,34.2525,520,0
20.4885,5024.91,8.82035,620,0,4082.49,29.1923,468.396,0,3016.79,5.94787,435,0,2011.58,5.21275,520,0,1096.76,34.2694,520,0
20.4986,5024.93,8.82469,620,0,4082.57,29.2052,466.816,0,3016.81,5.9508,435,0,2011.59,5.21639,520,0,1096.86,34.2863,520,0
20.5091,5024.95,8.82903,620,0,4082.66,29.2181,465.24,0,3016.83,5.95373,435,0,2011.61,5.22003,520,0,1096.95,34.3031,520,0
20.5197,5024.98,8.83337,620,0,4082.74,29.2309,463.666,0,3016.84,5.95665,435,0,2011.62,5.22367,520,0,1097.05,34.32,520,0
20.5297,5025,8.83771,620,0,4082.82,29.2437,462.096,0,3016.86,5.95958,435,0,2011.63,5.22731,520,0,1097.14,34.3369,520,0
20.5398,5025.03,8.84205,620,0,4082.9,29.2564,460.528,0,3016.88,5.96251,435,0,2011.65,5.23095,520,0,1097.24,34.3537,520,0
20.5499,5025.05,8.84639,620,0,4082.98,29.2691,458.955,0,3016.89,5.96544,435,0,2011.66,5.2346,520,0,1097.34,34.3706,520,0
20.5599,5025.08,8.85073,620,0,4083.06,29.2818,457.386,0,3016.91,5.96836,435,0,2011.68,5.23824,520,0,1097.43,34.3875,520,0
20.57,5025.1,8.85508,620,0,4083.14,29.2944,455.822,0,3016.93,5.97129,435,0,2011.69,5.24188,520,0,1097.53,34.4043,520,0
20.5801,5025.13,8.85942,620,0,4083.22,29.3069,454.261,0,3016.94,5.97422,435,0,2011.71,5.24552,520,0,1097.62,34.4212,520,0
20.5902,5025.15,8.86376,620,0,4083.31,29.3194,452.703,0,3016.96,5.97714,435,0,2011.72,5.24916,520,0,1097.72,34.4381,520,0
20.6002,5025.18,8.8681,620,0,4083.39,29.3319,451.15,0,3016.98,5.98007,435,0,2011.74,5.2528,520,0,1097.81,34.4549,520,0
20.6103,5025.2,8.87244,620,0,4083.47,29.3443,449.597,0,3016.99,5.983,435,0,2011.75,5.25644,520,0,1097.91,34.4718,520,0
20.6204,5025.22,8.87678,620,0,4083.55,29.3567,448.049,0,3017.01,5.98592,435,0,2011.77,5.26008,520,0,1098.01,34.4886,520,0
20.6304,5025.25,8.88112,620,0,4083.63,29.3691,446.504,0,3017.03,5.98885,435,0,2011.78,5.26372,520,0,1098.1,34.5055,520,0
20.6405,5025.27,8.88546,620,0,4083.71,29.3814,444.961,0,3017.04,5.99178,435,0,2011.79,5.26736,520,0,1098.2,34.5224,520,0
20.6506,5025.3,8.8898,620,0,4083.8,29.3936,443.422,0,3017.06,5.99471,435,0,2011.81,5.271,520,0,1098.29,34.5392,520,0
20.6607,5025.32,8.89414,620,0,4083.88,29.4059,441.885,0,3017.08,5.99763,435,0,2011.82,5.27464,520,0,1098.39,34.5561,520,0
20.6711,5025.35,8.89848,620,0,4083.96,29.418,440.353,0,3017.09,6.00056,435,0,2011.84,5.27828,520,0,1098.48,34.573,520,0
20.6811,5025.37,8.90282,620,0,4084.04,29.4302,438.822,0,3017.11,6.00349,435,0,2011.85,5.28192,520,0,1098.58,34.5898,520,0
20.6912,5025.4,8.90716,620,0,4084.12,29.4423,437.295,0,3017.13,6.00641,435,0,2011.87,5.28556,520,0,1098.68,34.6067,520,0
20.7013,5025.42,8.9115,620,0,4084.2,29.4543,435.77,0,3017.14,6.00934,435,0,2011.88,5.2892,520,0,1098.77,34.6236,520,0
20.7113,5025.45,8.91585,620,0,4084.29,29.4663,434.249,0,3017.16,6.01227,435,0,2011.9,5.29285,520,0,1098.87,34.6404,520,0
20.7214,5025.47,8.92019,620,0,4084.37,29.4783,432.731,0,3017.18,6.0152,435,0,2011.91,5.29649,520,0,1098.97,34.6573,520,0
20.7315,5025.5,8.92453,620,0,4084.45,29.4902,431.215,0,3017.19,6.01812,435,0,2011.93,5.30013,520,0,1099.06,34.6742,520,0
20.7416,5025.52,8.92887,620,0,4084.53,29.5021,429.703,0,3017.21,6.02105,435,0,2011.94,5.30377,520,0,1099.16,34.691,520,0
20.7516,5025.55,8.93321,620,0,4084.61,29.5139,428.194,0,3017.23,6.02398,435,0,2011.96,5.30741,520,0,1099.25,34.7079,520,0
20.7622,5025.57,8.93755,620,0,4084.7,29.5257,426.688,0,3017.24,6.0269,435,0,2011.97,5.31105,520,0,1099.35,34.7248,520,0
20.7723,5025.6,8.94189,620,0,4084.78,29.5375,425.184,0,3017.26,6.02983,435,0,2011.99,5.31469,520,0,1099.45,34.7416,520,0
20.7824,5025.62,8.94623,620,0,4084.86,29.5492,423.686,0,3017.28,6.03276,435,0,2012,5.31833,520,0,1099.54,34.7585,520,0
20.7925,5025.65,8.95057,620,0,4084.94,29.5609,422.184,0,3017.29,6.03569,435,0,2012.02,5.32197,520,0,1099.64,34.7753,520,0
20.8025,5025.67,8.95491,620,0,4085.02,29.5725,420.684,0,3017.31,6.03861,435,0,2012.03,5.32561,520,0,1099.74,34.7922,520,0
20.8126,5025.7,8.95925,620,0,4085.11,29.5841,419.188,0,3017.33,6.04154,435,0,2012.05,5.32925,520,0,1099.83,34.8091,520,0
20.8227,5025.72,8.96359,620,0,4085.19,29.5956,417.694,0,3017.34,6.04447,435,0,2012.06,5.33289,520,0,1099.93,34.8259,520,0
20.8329,5025.75,8.96793,620,0,4085.27,29.6071,416.204,0,3017.36,6.04739,435,0,2012.07,5.33653,520,0,1100.03,34.8428,520,0
20.8429,5025.77,8.97227,620,0,4085.35,29.6186,414.716,0,3017.38,6.05032,435,0,2012.09,5.34017,520,0,1100.12,34.8597,520,0
20.853,5025.8,8.97662,620,0,4085.44,29.63,413.231,0,3017.39,6.05325,435,0,2012.1,5.34381,520,0,1100.22,34.8765,520,0
20.8631,5025.82,8.98096,620,0,4085.52,29.6414,411.75,0,3017.41,6.05618,435,0,2012.12,5.34745,520,0,1100.32,34.8934,520,0
20.8732,5025.85,8.9853,620,0,4085.6,29.6528,410.271,0,3017.43,6.0591,435,0,2012.13,5.35109,520,0,1100.42,34.9103,520,0
20.8832,5025.87,8.98964,620,0,4085.68,29.6641,408.796,0,3017.45,6.06203,435,0,2012.15,5.35474,520,0,1100.51,34.9271,520,0
20.8933,5025.9,8.99398,620,0,4085.77,29.6753,407.322,0,3017.46,6.06496,435,0,2012.16,5.35838,520,0,1100.61,34.944,520,0
20.9034,5025.92,8.99832,620,0,4085.85,29.6865,405.853,0,3017.48,6.06788,435,0,2012.18,5.36202,520,0,1100.71,34.9609,520,0
20.9134,5025.95,9.00266,620,0,4085.93,29.6977,404.385,0,3017.5,6.07081,435,0,2012.19,5.36566,520,0,1100.8,34.9777,520,0
20.9235,5025.97,9.007,620,0,4086.01,29.7089,402.922,0,3017.51,6.07374,435,0,2012.21,5.3693,520,0,1100.9,34.9946,520,0
20.9336,5026,9.01134,620,0,4086.1,29.72,401.46,0,3017.53,6.07667,435,0,2012.22,5.37294,520,0,1101,35.0115,520,0
20.9436,5026.02,9.01568,620,0,4086.18,29.731,400.002,0,3017.55,6.07959,435,0,2012.24,5.37658,520,0,1101.1,35.0283,520,0
20.9537,5026.05,9.02002,620,0,4086.26,29.742,398.547,0,3017.56,6.08252,435,0,2012.25,5.38022,520,0,1101.19,35.0452,520,0
20.9638,5026.07,9.02436,620,0,4086.34,29.753,397.095,0,3017.58,6.08545,435,0,2012.27,5.38386,520,0,1101.29,35.0621,520,0
20.9738,5026.1,9.0287,620,0,4086.43,29.764,395.645,0,3017.6,6.08837,435,0,2012.28,5.3875,520,0,1101.39,35.0789,520,0
20.9839,5026.12,9.03305,620,0,4086.51,29.7749,394.199,0,3017.61,6.0913,435,0,2012.3,5.39114,520,0,1101.49,35.0958,520,0
20.994,5026.15,9.03739,620,0,4086.59,29.7857,392.756,0,3017.63,6.09423,435,0,2012.31,5.39478,520,0,1101.58,35.1126,520,0
21.004,5026.17,9.04173,620,0,4086.67,29.7965,391.317,0,3017.65,6.09715,435,0,2012.33,5.39842,520,0,1101.68,35.1295,520,0
21.0141,5026.2,9.04607,620,0,4086.76,29.8073,389.881,0,3017.66,6.10008,435,0,2012.34,5.40206,520,0,1101.78,35.1464,520,0
21.0242,5026.22,9.05041,620,0,4086.84,29.8181,388.449,0,3017.68,6.10301,435,0,2012.36,5.4057,520,0,1101.88,35.1632,520,0
21.0342,5026.25,9.05475,620,0,4086.92,29.8288,387.019,0,3017.7,6.10594,435,0,2012.37,5.40934,520,0,1101.97,35.1801,520,0
21.0443,5026.27,9.05909,620,0,4087.01,29.8394,385.591,0,3017.72,6.10886,435,0,2012.39,5.41299,520,0,1102.07,35.197,520,0
21.0544,5026.3,9.06343,620,0,4087.09,29.8501,384.165,0,3017.73,6.11179,435,0,2012.4,5.41663,520,0,1102.17,35.2138,520,0
21.0645,5026.32,9.06777,620,0,4087.17,29.8606,382.736,0,3017.75,6.11472,435,0,2012.42,5.42027,520,0,1102.27,35.2307,520,0
21.0745,5026.35,9.07211,620,0,4087.25,29.8712,381.312,0,3017.77,6.11764,435,0,2012.43,5.42391,520,0,1102.36,35.2476,520,0
21.0846,5026.37,9.07645,620,0,4087.34,29.8817,379.889,0,3017.78,6.12057,435,0,2012.45,5.42755,520,0,1102.46,35.2644,520,0
21.0947,5026.4,9.08079,620,0,4087.42,29.8921,378.47,0,3017.8,6.1235,435,0,2012.46,5.43119,520,0,1102.56,35.2813,520,0
21.1047,5026.42,9.08513,620,0,4087.5,29.9026,377.053,0,3017.82,6.12643,435,0,2012.48,5.43483,520,0,1102.66,35.2982,520,0
21.1148,5026.45,9.08947,620,0,4087.59,29.913,375.64,0,3017.83,6.12935,435,0,2012.49,5.43847,520,0,1102.76,35.315,520,0
21.1261,5026.47,9.09382,620,0,4087.67,29.9233,374.23,0,3017.85,6.13228,435,0,2012.51,5.44211,520,0,1102.86,35.3319,520,0
21.1361,5026.5,9.09816,620,0,4087.75,29.9336,372.821,0,3017.87,6.13521,435,0,2012.52,5.44575,520,0,1102.95,35.3488,520,0
21.1462,5026.52,9.1025,620,0,4087.84,29.9439,371.417,0,3017.89,6.13813,435,0,2012.54,5.44939,520,0,1103.05,35.3656,520,0
21.1563,5026.55,9.10684,620,0,4087.92,29.9541,370.014,0,3017.9,6.14106,435,0,2012.55,5.45303,520,0,1103.15,35.3825,520,0
21.1663,5026.57,9.11118,620,0,4088,29.9643,368.615,0,3017.92,6.14399,435,0,2012.57,5.45667,520,0,1103.25,35.3993,520,0
21.1764,5026.6,9.11552,620,0,4088.09,29.9745,367.219,0,3017.94,6.14692,435,0,2012.58,5.46031,520,0,1103.35,35.4162,520,0
21.1864,5026.62,9.11986,620,0,4088.17,29.9846,365.825,0,3017.95,6.14984,435,0,2012.6,5.46395,520,0,1103.44,35.4331,520,0
21.1965,5026.65,9.1242,620,0,4088.25,29.9947,364.434,0,3017.97,6.15277,435,0,2012.62,5.46759,520,0,1103.54,35.4499,520,0
21.2066,5026.68,9.12854,620,0,4088.34,30.0047,363.045,0,3017.99,6.1557,435,0,2012.63,5.47123,520,0,1103.64,35.4668,520,0
21.2167,5026.7,9.13288,620,0,4088.42,30.0147,361.663,0,3018.01,6.15862,435,0,2012.65,5.47488,520,0,1103.74,35.4837,520,0
21.2267,5026.73,9.13722,620,0,4088.5,30.0247,360.283,0,3018.02,6.16155,435,0,2012.66,5.47852,520,0,1103.84,35.5005,520,0
21.2368,5026.75,9.14156,620,0,4088.59,30.0346,358.905,0,3018.04,6.16448,435,0,2012.68,5.48216,520,0,1103.94,35.5174,520,0
21.2469,5026.78,9.1459,620,0,4088.67,30.0445,357.531,0,3018.06,6.16741,435,0,2012.69,5.4858,520,0,1104.04,35.5343,520,0
21.257,5026.8,9.15024,620,0,4088.75,30.0543,356.159,0,3018.07,6.17033,435,0,2012.71,5.48944,520,0,1104.14,35.5511,520,0
21.2671,5026.83,9.15459,620,0,4088.84,30.0641,354.79,0,3018.09,6.17326,435,0,2012.72,5.49308,520,0,1104.23,35.568,520,0
21.2772,5026.85,9.15893,620,0,4088.92,30.0739,353.424,0,3018.11,6.17619,435,0,2012.74,5.49672,520,0,1104.33,35.5849,520,0
21.2872,5026.88,9.16327,620,0,4089,30.0836,352.06,0,3018.13,6.17911,435,0,2012.75,5.50036,520,0,1104.43,35.6017,520,0
21.2973,5026.9,9.16761,620,0,4089.09,30.0933,350.699,0,3018.14,6.18204,435,0,2012.77,5.504,520,0,1104.53,35.6186,520,0
21.3074,5026.93,9.17195,620,0,4089.17,30.103,349.342,0,3018.16,6.18497,435,0,2012.78,5.50764,520,0,1104.63,35.6355,520,0
21.3174,5026.96,9.17629,620,0,4089.25,30.1126,347.986,0,3018.18,6.18789,435,0,2012.8,5.51128,520,0,1104.73,35.6523,520,0
21.3276,5026.98,9.18063,620,0,4089.34,30.1222,346.634,0,3018.19,6.19082,435,0,2012.81,5.51492,520,0,1104.83,35.6692,520,0
21.3376,5027.01,9.18497,620,0,4089.42,30.1317,345.285,0,3018.21,6.19375,435,0,2012.83,5.51856,520,0,1104.93,35.6861,520,0
21.3477,5027.03,9.18931,620,0,4089.51,30.1412,343.937,0,3018.23,6.19668,435,0,2012.84,5.5222,520,0,1105.03,35.7029,520,0
21.3578,5027.06,9.19365,620,0,4089.59,30.1507,342.587,0,3018.25,6.1996,435,0,2012.86,5.52584,520,0,1105.13,35.7198,520,0
21.3678,5027.08,9.19799,620,0,4089.67,30.1602,341.241,0,3018.26,6.20253,435,0,2012.87,5.52948,520,0,1105.22,35.7366,520,0
21.3779,5027.11,9.20233,620,0,4089.76,30.1695,339.895,0,3018.28,6.20546,435,0,2012.89,5.53313,520,0,1105.32,35.7535,520,0
21.388,5027.13,9.20667,620,0,4089.84,30.1789,338.554,0,3018.3,6.20838,435,0,2012.91,5.53677,520,0,1105.42,35.7704,520,0
21.3981,5027.16,9.21101,620,0,4089.92,30.1882,337.215,0,3018.31,6.21131,435,0,2012.92,5.54041,520,0,1105.52,35.7872,520,0
21.4081,5027.19,9.21536,620,0,4090.01,30.1975,335.878,0,3018.33,6.21424,435,0,2012.94,5.54405,520,0,1105.62,35.8041,520,0
21.4182,5027.21,9.2197,620,0,4090.09,30.2068,334.544,0,3018.35,6.21717,435,0,2012.95,5.54769,520,0,1105.72,35.821,520,0
21.4283,5027.24,9.22404,620,0,4090.18,30.216,333.216,0,3018.37,6.22009,435,0,2012.97,5.55133,520,0,1105.82,35.8378,520,0
21.4383,5027.26,9.22838,620,0,4090.26,30.2252,331.89,0,3018.38,6.22302,435,0,2012.98,5.55497,520,0,1105.92,35.8547,520,0
21.4484,5027.29,9.23272,620,0,4090.34,30.2343,330.567,0,3018.4,6.22595,435,0,2013,5.55861,520,0,1106.02,35.8716,520,0
21.4585,5027.31,9.23706,620,0,4090.43,30.2434,329.246,0,3018.42,6.22887,435,0,2013.01,5.56225,520,0,1106.12,35.8884,520,0
21.4686,5027.34,9.2414,620,0,4090.51,30.2525,327.929,0,3018.44,6.2318,435,0,2013.03,5.56589,520,0,1106.22,35.9053,520,0
21.4786,5027.36,9.24574,620,0,4090.6,30.2615,326.614,0,3018.45,6.23473,435,0,2013.04,5.56953,520,0,1106.32,35.9222,520,0
21.4887,5027.39,9.25008,620,0,4090.68,30.2705,325.301,0,3018.47,6.23766,435,0,2013.06,5.57317,520,0,1106.42,35.939,520,0
21.4988,5027.42,9.25442,620,0,4090.76,30.2795,323.992,0,3018.49,6.24058,435,0,2013.08,5.57681,520,0,1106.52,35.9559,520,0
21.5088,5027.44,9.25876,620,0,4090.85,30.2884,322.685,0,3018.51,6.24351,435,0,2013.09,5.58045,520,0,1106.62,35.9728,520,0
21.5189,5027.47,9.2631,620,0,4090.93,30.2973,321.381,0,3018.52,6.24644,435,0,2013.11,5.58409,520,0,1106.72,35.9896,520,0
21.529,5027.49,9.26744,620,0,4091.02,30.3061,320.08,0,3018.54,6.24936,435,0,2013.12,5.58773,520,0,1106.82,36.0065,520,0
21.5391,5027.52,9.27178,620,0,4091.1,30.3149,318.781,0,3018.56,6.25229,435,0,2013.14,5.59137,520,0,1106.92,36.0233,520,0
21.5491,5027.54,9.27613,620,0,4091.19,30.3237,317.485,0,3018.57,6.25522,435,0,2013.15,5.59502,520,0,1107.02,36.0402,520,0
21.5592,5027.57,9.28047,620,0,4091.27,30.3324,316.191,0,3018.59,6.25815,435,0,2013.17,5.59866,520,0,1107.12,36.0571,520,0
21.5693,5027.6,9.28481,620,0,4091.35,30.3412,314.9,0,3018.61,6.26107,435,0,2013.18,5.6023,520,0,1107.22,36.0739,520,0
21.5794,5027.62,9.28915,620,0,4091.44,30.3498,313.612,0,3018.63,6.264,435,0,2013.2,5.60594,520,0,1107.32,36.0908,520,0
21.5895,5027.65,9.29349,620,0,4091.52,30.3585,312.327,0,3018.64,6.26693,435,0,2013.22,5.60958,520,0,1107.42,36.1077,520,0
21.5996,5027.67,9.29783,620,0,4091.61,30.3671,311.045,0,3018.66,6.26985,435,0,2013.23,5.61322,520,0,1107.52,36.1245,520,0
21.6096,5027.7,9.30217,620,0,4091.69,30.3756,309.764,0,3018.68,6.27278,435,0,2013.25,5.61686,520,0,1107.62,36.1414,520,0
21.6197,5027.73,9.30651,620,0,4091.78,30.3842,308.487,0,3018.7,6.27571,435,0,2013.26,5.6205,520,0,1107.72,36.1583,520,0
21.6298,5027.75,9.31085,620,0,4091.86,30.3927,307.212,0,3018.71,6.27864,435,0,2013.28,5.62414,520,0,1107.82,36.1751,520,0
21.6398,5027.78,9.31519,620,0,4091.94,30.4011,305.941,0,3018.73,6.28156,435,0,2013.29,5.62778,520,0,1107.92,36.192,520,0
21.6499,5027.8,9.31953,620,0,4092.03,30.4095,304.674,0,3018.75,6.28449,435,0,2013.31,5.63142,520,0,1108.02,36.2089,520,0
21.66,5027.83,9.32387,620,0,4092.11,30.4179,303.409,0,3018.77,6.28742,435,0,2013.32,5.63506,520,0,1108.12,36.2257,520,0
21.6701,5027.86,9.32821,620,0,4092.2,30.4263,302.147,0,3018.78,6.29034,435,0,2013.34,5.6387,520,0,1108.22,36.2426,520,0
21.6801,5027.88,9.33255,620,0,4092.28,30.4346,300.887,0,3018.8,6.29327,435,0,2013.36,5.64234,520,0,1108.33,36.2595,520,0
21.6902,5027.91,9.3369,620,0,4092.37,30.4429,299.626,0,3018.82,6.2962,435,0,2013.37,5.64598,520,0,1108.43,36.2763,520,0
21.7003,5027.93,9.34124,620,0,4092.45,30.4511,298.367,0,3018.84,6.29912,435,0,2013.39,5.64962,520,0,1108.53,36.2932,520,0
21.7111,5027.96,9.34558,620,0,4092.54,30.4593,297.11,0,3018.85,6.30205,435,0,2013.4,5.65327,520,0,1108.63,36.3101,520,0
21.7211,5027.98,9.34992,620,0,4092.62,30.4675,295.855,0,3018.87,6.30498,435,0,2013.42,5.65691,520,0,1108.73,36.3269,520,0
21.7312,5028.01,9.35426,620,0,4092.71,30.4757,294.604,0,3018.89,6.30791,435,0,2013.43,5.66055,520,0,1108.83,36.3438,520,0
21.7413,5028.04,9.3586,620,0,4092.79,30.4838,293.355,0,3018.91,6.31083,435,0,2013.45,5.66419,520,0,1108.93,36.3606,520,0
21.7527,5028.06,9.36294,620,0,4092.87,30.4919,292.108,0,3018.92,6.31376,435,0,2013.47,5.66783,520,0,1109.03,36.3775,520,0
21.7627,5028.09,9.36728,620,0,4092.96,30.4999,290.865,0,3018.94,6.31669,435,0,2013.48,5.67147,520,0,1109.13,36.3944,520,0
21.7728,5028.11,9.37162,620,0,4093.04,30.5079,289.624,0,3018.96,6.31961,435,0,2013.5,5.67511,520,0,1109.23,36.4112,520,0
21.7829,5028.14,9.37596,620,0,4093.13,30.5159,288.386,0,3018.98,6.32254,435,0,2013.51,5.67875,520,0,1109.33,36.4281,520,0
21.793,5028.17,9.3803,620,0,4093.21,30.5238,287.15,0,3018.99,6.32547,435,0,2013.53,5.68239,520,0,1109.44,36.445,520,0
21.803,5028.19,9.38464,620,0,4093.3,30.5317,285.917,0,3019.01,6.3284,435,0,2013.54,5.68603,520,0,1109.54,36.4618,520,0
21.8131,5028.22,9.38898,620,0,4093.38,30.5396,284.685,0,3019.03,6.33132,435,0,2013.56,5.68967,520,0,1109.64,36.4787,520,0
21.8232,5028.25,9.39333,620,0,4093.47,30.5474,283.458,0,3019.05,6.33425,435,0,2013.58,5.69331,520,0,1109.74,36.4956,520,0
21.8332,5028.27,9.39767,620,0,4093.55,30.5552,282.232,0,3019.06,6.33718,435,0,2013.59,5.69695,520,0,1109.84,36.5124,520,0
21.8433,5028.3,9.40201,620,0,4093.64,30.563,281.009,0,3019.08,6.3401,435,0,2013.61,5.70059,520,0,1109.94,36.5293,520,0
21.8537,5028.32,9.40635,620,0,4093.72,30.5707,279.79,0,3019.1,6.34303,435,0,2013.62,5.70423,520,0,1110.04,36.5462,520,0
21.8638,5028.35,9.41069,620,0,4093.81,30.5785,278.574,0,3019.12,6.34596,435,0,2013.64,5.70787,520,0,1110.15,36.563,520,0
21.8739,5028.38,9.41503,620,0,4093.89,30.5861,277.361,0,3019.13,6.34889,435,0,2013.66,5.71151,520,0,1110.25,36.5799,520,0
21.8839,5028.4,9.41937,620,0,4093.98,30.5938,276.15,0,3019.15,6.35181,435,0,2013.67,5.71516,520,0,1110.35,36.5968,520,0
21.894,5028.43,9.42371,620,0,4094.06,30.6014,274.943,0,3019.17,6.35474,435,0,2013.69,5.7188,520,0,1110.45,36.6136,520,0
21.9041,5028.45,9.42805,620,0,4094.15,30.6089,273.737,0,3019.19,6.35767,435,0,2013.7,5.72244,520,0,1110.55,36.6305,520,0
21.9141,5028.48,9.43239,620,0,4094.23,30.6165,272.534,0,3019.21,6.36059,435,0,2013.72,5.72608,520,0,1110.65,36.6473,520,0
21.9242,5028.51,9.43673,620,0,4094.32,30.624,271.334,0,3019.22,6.36352,435,0,2013.74,5.72972,520,0,1110.76,36.6642,520,0
21.9343,5028.53,9.44107,620,0,4094.4,30.6314,270.136,0,3019.24,6.36645,435,0,2013.75,5.73336,520,0,1110.86,36.6811,520,0
21.9449,5028.56,9.44541,620,0,4094.49,30.6389,268.941,0,3019.26,6.36938,435,0,2013.77,5.737,520,0,1110.96,36.6979,520,0
21.955,5028.59,9.44975,620,0,4094.57,30.6463,267.748,0,3019.28,6.3723,435,0,2013.78,5.74064,520,0,1111.06,36.7148,520,0
21.9651,5028.61,9.4541,620,0,4094.66,30.6536,266.558,0,3019.29,6.37523,435,0,2013.8,5.74428,520,0,1111.16,36.7317,520,0
21.9752,5028.64,9.45844,620,0,4094.74,30.661,265.37,0,3019.31,6.37816,435,0,2013.81,5.74792,520,0,1111.27,36.7485,520,0
21.9852,5028.66,9.46278,620,0,4094.83,30.6683,264.185,0,3019.33,6.38108,435,0,2013.83,5.75156,520,0,1111.37,36.7654,520,0
21.9953,5028.69,9.46712,620,0,4094.91,30.6756,263.002,0,3019.35,6.38401,435,0,2013.85,5.7552,520,0,1111.47,36.7823,520,0
22.0054,5028.72,9.47146,620,0,4095,30.6828,261.822,0,3019.36,6.38694,435,0,2013.86,5.75884,520,0,1111.57,36.7991,520,0
22.0154,5028.74,9.4758,620,0,4095.08,30.69,260.644,0,3019.38,6.38986,435,0,2013.88,5.76248,520,0,1111.68,36.816,520,0
22.0255,5028.77,9.48014,620,0,4095.17,30.6972,259.468,0,3019.4,6.39279,435,0,2013.89,5.76612,520,0,1111.78,36.8329,520,0
22.0356,5028.8,9.48448,620,0,4095.26,30.7043,258.296,0,3019.42,6.39572,435,0,2013.91,5.76976,520,0,1111.88,36.8497,520,0
22.0458,5028.82,9.48882,620,0,4095.34,30.7114,257.125,0,3019.44,6.39865,435,0,2013.93,5.77341,520,0,1111.98,36.8666,520,0
22.0558,5028.85,9.49316,620,0,4095.43,30.7185,255.958,0,3019.45,6.40157,435,0,2013.94,5.77705,520,0,1112.08,36.8835,520,0
22.0659,5028.88,9.4975,620,0,4095.51,30.7256,254.793,0,3019.47,6.4045,435,0,2013.96,5.78069,520,0,1112.19,36.9003,520,0
22.076,5028.9,9.50184,620,0,4095.6,30.7326,253.63,0,3019.49,6.40743,435,0,2013.98,5.78433,520,0,1112.29,36.9172,520,0
22.0861,5028.93,9.50618,620,0,4095.68,30.7395,252.467,0,3019.51,6.41035,435,0,2013.99,5.78797,520,0,1112.39,36.9341,520,0
22.0961,5028.95,9.51052,620,0,4095.77,30.7465,251.307,0,3019.52,6.41328,435,0,2014.01,5.79161,520,0,1112.5,36.9509,520,0
22.1062,5028.98,9.51487,620,0,4095.85,30.7534,250.149,0,3019.54,6.41621,435,0,2014.02,5.79525,520,0,1112.6,36.9678,520,0
22.1163,5029.01,9.51921,620,0,4095.94,30.7603,248.994,0,3019.56,6.41914,435,0,2014.04,5.79889,520,0,1112.7,36.9846,520,0
22.1263,5029.03,9.52355,620,0,4096.02,30.7671,247.842,0,3019.58,6.42206,435,0,2014.06,5.80253,520,0,1112.8,37.0015,520,0
22.1364,5029.06,9.52789,620,0,4096.11,30.774,246.691,0,3019.6,6.42499,435,0,2014.07,5.80617,520,0,1112.91,37.0184,520,0
22.1465,5029.09,9.53223,620,0,4096.19,30.7808,245.543,0,3019.61,6.42792,435,0,2014.09,5.80981,520,0,1113.01,37.0352,520,0
22.1566,5029.11,9.53657,620,0,4096.28,30.7875,244.398,0,3019.63,6.43084,435,0,2014.1,5.81345,520,0,1113.11,37.0521,520,0
22.1666,5029.14,9.54091,620,0,4096.37,30.7942,243.255,0,3019.65,6.43377,435,0,2014.12,5.81709,520,0,1113.21,37.069,520,0
22.1767,5029.17,9.54525,620,0,4096.45,30.8009,242.115,0,3019.67,6.4367,435,0,2014.14,5.82073,520,0,1113.32,37.0858,518.412,0
22.1868,5029.19,9.54959,620,0,4096.54,30.8076,240.977,0,3019.69,6.43963,435,0,2014.15,5.82437,520,0,1113.42,37.1025,515.776,0
22.1968,5029.22,9.55393,620,0,4096.62,30.8142,239.841,0,3019.7,6.44255,435,0,2014.17,5.82801,520,0,1113.52,37.1192,513.148,0
22.2069,5029.25,9.55827,620,0,4096.71,30.8208,238.708,0,3019.72,6.44548,435,0,2014.18,5.83165,520,0,1113.63,37.1357,510.528,0
22.217,5029.27,9.56261,620,0,4096.79,30.8274,237.577,0,3019.74,6.44841,435,0,2014.2,5.8353,520,0,1113.73,37.1522,507.913,0
22.2271,5029.3,9.56695,620,0,4096.88,30.8339,236.449,0,3019.76,6.45133,435,0,2014.22,5.83894,520,0,1113.83,37.1686,505.308,0
22.2372,5029.33,9.57129,620,0,4096.96,30.8404,235.324,0,3019.78,6.45426,435,0,2014.23,5.84258,520,0,1113.94,37.1849,502.708,0
22.2473,5029.35,9.57564,620,0,4097.05,30.8469,234.2,0,3019.79,6.45719,435,0,2014.25,5.84622,520,0,1114.04,37.2011,500.118,0
22.2573,5029.38,9.57998,620,0,4097.14,30.8534,233.079,0,3019.81,6.46012,435,0,2014.27,5.84986,520,0,1114.14,37.2172,497.535,0
22.2674,5029.41,9.58432,620,0,4097.22,30.8598,231.96,0,3019.83,6.46304,435,0,2014.28,5.8535,520,0,1114.25,37.2333,494.959,0
22.2775,5029.43,9.58866,620,0,4097.31,30.8662,230.844,0,3019.85,6.46597,435,0,2014.3,5.85714,520,0,1114.35,37.2493,492.389,0
22.2876,5029.46,9.593,620,0,4097.39,30.8725,229.732,0,3019.86,6.4689,435,0,2014.31,5.86078,520,0,1114.45,37.2651,489.827,0
22.2976,5029.49,9.59734,620,0,4097.48,30.8788,228.624,0,3019.88,6.47182,435,0,2014.33,5.86442,520,0,1114.56,37.2809,487.272,0
22.3077,5029.51,9.60168,620,0,4097.57,30.8851,227.517,0,3019.9,6.47475,435,0,2014.35,5.86806,520,0,1114.66,37.2967,484.724,0
22.3178,5029.54,9.60602,620,0,4097.65,30.8914,226.412,0,3019.92,6.47768,435,0,2014.36,5.8717,520,0,1114.76,37.3123,482.182,0
22.3279,5029.57,9.61036,620,0,4097.74,30.8976,225.31,0,3019.94,6.48061,435,0,2014.38,5.87534,520,0,1114.87,37.3279,479.648,0
22.338,5029.59,9.6147,620,0,4097.82,30.9038,224.211,0,3019.95,6.48353,435,0,2014.4,5.87898,520,0,1114.97,37.3433,477.114,0
22.3481,5029.62,9.61904,620,0,4097.91,30.91,223.113,0,3019.97,6.48646,435,0,2014.41,5.88262,520,0,1115.08,37.3587,474.584,0
22.3581,5029.65,9.62338,620,0,4097.99,30.9161,222.019,0,3019.99,6.48939,435,0,2014.43,5.88626,520,0,1115.18,37.374,472.061,0
22.3682,5029.67,9.62772,620,0,4098.08,30.9222,220.925,0,3020.01,6.49231,435,0,2014.45,5.8899,520,0,1115.28,37.3893,469.545,0
22.3783,5029.7,9.63206,620,0,4098.17,30.9283,219.835,0,3020.03,6.49524,435,0,2014.46,5.89355,520,0,1115.39,37.4044,467.036,0
22.3883,5029.73,9.63641,620,0,4098.25,30.9344,218.747,0,3020.05,6.49817,435,0,2014.48,5.89719,520,0,1115.49,37.4195,464.534,0
22.3984,5029.75,9.64075,620,0,4098.34,30.9404,217.662,0,3020.06,6.50109,435,0,2014.49,5.90083,520,0,1115.6,37.4345,462.039,0
22.4085,5029.78,9.64509,620,0,4098.42,30.9464,216.579,0,3020.08,6.50402,435,0,2014.51,5.90447,520,0,1115.7,37.4494,459.55,0
22.4185,5029.81,9.64943,620,0,4098.51,30.9523,215.498,0,3020.1,6.50695,435,0,2014.53,5.90811,520,0,1115.8,37.4642,457.068,0
22.4288,5029.83,9.65377,620,0,4098.6,30.9583,214.42,0,3020.12,6.50988,435,0,2014.54,5.91175,520,0,1115.91,37.4789,454.593,0
22.4389,5029.86,9.65811,620,0,4098.68,30.9641,213.343,0,3020.14,6.5128,435,0,2014.56,5.91539,520,0,1116.01,37.4936,452.126,0
22.4489,5029.89,9.66245,620,0,4098.77,30.97,212.269,0,3020.15,6.51573,435,0,2014.58,5.91903,520,0,1116.12,37.5082,449.665,0
22.459,5029.91,9.66679,620,0,4098.85,30.9759,211.198,0,3020.17,6.51866,435,0,2014.59,5.92267,520,0,1116.22,37.5227,447.211,0
22.4691,5029.94,9.67113,620,0,4098.94,30.9817,210.129,0,3020.19,6.52158,435,0,2014.61,5.92631,520,0,1116.32,37.5371,444.764,0
22.4792,5029.97,9.67547,620,0,4099.03,30.9874,209.061,0,3020.21,6.52451,435,0,2014.63,5.92995,520,0,1116.43,37.5515,442.323,0
22.4892,5029.99,9.67981,620,0,4099.11,30.9932,207.997,0,3020.23,6.52744,435,0,2014.64,5.93359,520,0,1116.53,37.5657,439.889,0
22.4993,5030.02,9.68415,620,0,4099.2,30.9989,206.938,0,3020.24,6.53037,435,0,2014.66,5.93723,520,0,1116.64,37.5799,437.462,0
22.5094,5030.05,9.68849,620,0,4099.28,31.0046,205.879,0,3020.26,6.53329,435,0,2014.68,5.94087,520,0,1116.74,37.594,435.043,0
22.5194,5030.07,9.69284,620,0,4099.37,31.0103,204.824,0,3020.28,6.53622,435,0,2014.69,5.94451,520,0,1116.85,37.6081,432.632,0
22.5295,5030.1,9.69718,620,0,4099.46,31.0159,203.771,0,3020.3,6.53915,435,0,2014.71,5.94815,520,0,1116.95,37.622,430.222,0
22.5396,5030.13,9.70152,620,0,4099.54,31.0215,202.72,0,3020.32,6.54207,435,0,2014.73,5.95179,520,0,1117.06,37.6359,427.814,0
22.5497,5030.16,9.70586,620,0,4099.63,31.0271,201.668,0,3020.33,6.545,435,0,2014.74,5.95544,520,0,1117.16,37.6497,425.414,0
22.5597,5030.18,9.7102,620,0,4099.72,31.0326,200.618,0,3020.35,6.54793,435,0,2014.76,5.95908,520,0,1117.26,37.6634,423.019,0
22.5698,5030.21,9.71454,620,0,4099.8,31.0382,199.57,0,3020.37,6.55086,435,0,2014.77,5.96272,520,0,1117.37,37.677,420.632,0
22.5799,5030.24,9.71888,620,0,4099.89,31.0436,198.525,0,3020.39,6.55378,435,0,2014.79,5.96636,520,0,1117.47,37.6906,418.251,0
22.5899,5030.26,9.72322,620,0,4099.97,31.0491,197.482,0,3020.41,6.55671,435,0,2014.81,5.97,520,0,1117.58,37.7041,415.878,0
22.6,5030.29,9.72756,620,0,4100.06,31.0545,196.441,0,3020.43,6.55964,435,0,2014.82,5.97364,520,0,1117.68,37.7175,413.509,0
22.6101,5030.32,9.7319,620,0,4100.15,31.0599,195.403,0,3020.44,6.56256,435,0,2014.84,5.97728,520,0,1117.79,37.7308,411.15,0
22.6202,5030.34,9.73624,620,0,4100.23,31.0653,194.367,0,3020.46,6.56549,435,0,2014.86,5.98092,520,0,1117.89,37.7441,408.796,0
22.6302,5030.37,9.74058,620,0,4100.32,31.0707,193.333,0,3020.48,6.56842,435,0,2014.87,5.98456,520,0,1118,37.7573,406.448,0
22.6403,5030.4,9.74492,620,0,4100.41,31.076,192.301,0,3020.5,6.57135,435,0,2014.89,5.9882,520,0,1118.1,37.7704,404.106,0
22.6504,5030.43,9.74926,620,0,4100.49,31.0813,191.272,0,3020.52,6.57427,435,0,2014.91,5.99184,520,0,1118.21,37.7834,401.773,0
22.6604,5030.45,9.75361,620,0,4100.58,31.0865,190.245,0,3020.54,6.5772,435,0,2014.92,5.99548,520,0,1118.31,37.7964,399.444,0
22.6705,5030.48,9.75795,620,0,4100.66,31.0918,189.22,0,3020.55,6.58013,435,0,2014.94,5.99912,520,0,1118.42,37.8092,397.123,0
22.6806,5030.51,9.76229,620,0,4100.75,31.097,188.198,0,3020.57,6.58305,435,0,2014.96,6.00276,520,0,1118.52,37.8221,394.808,0
22.6906,5030.53,9.76663,620,0,4100.84,31.1021,187.177,0,3020.59,6.58598,435,0,2014.97,6.0064,520,0,1118.63,37.8348,392.5,0
22.7007,5030.56,9.77097,620,0,4100.92,31.1073,186.16,0,3020.61,6.58891,435,0,2014.99,6.01004,520,0,1118.73,37.8474,390.197,0
22.7108,5030.59,9.77531,620,0,4101.01,31.1124,185.146,0,3020.63,6.59184,435,0,2015.01,6.01369,520,0,1118.84,37.86,387.902,0
22.7208,5030.62,9.77965,620,0,4101.1,31.1175,184.134,0,3020.65,6.59476,435,0,2015.02,6.01733,520,0,1118.94,37.8725,385.613,0
22.7309,5030.64,9.78399,620,0,4101.18,31.1226,183.125,0,3020.66,6.59769,435,0,2015.04,6.02097,520,0,1119.05,37.885,383.33,0
22.741,5030.67,9.78833,620,0,4101.27,31.1276,182.118,0,3020.68,6.60062,435,0,2015.06,6.02461,520,0,1119.15,37.8973,381.053,0
22.7511,5030.7,9.79267,620,0,4101.36,31.1326,181.113,0,3020.7,6.60354,435,0,2015.07,6.02825,520,0,1119.26,37.9096,378.775,0
22.7611,5030.72,9.79701,620,0,4101.44,31.1376,180.111,0,3020.72,6.60647,435,0,2015.09,6.03189,520,0,1119.36,37.9218,376.505,0
22.7712,5030.75,9.80135,620,0,4101.53,31.1425,179.111,0,3020.74,6.6094,435,0,2015.11,6.03553,520,0,1119.47,37.9339,374.239,0
22.7813,5030.78,9.80569,620,0,4101.62,31.1475,178.113,0,3020.76,6.61232,435,0,2015.12,6.03917,520,0,1119.58,37.946,371.982,0
22.7914,5030.81,9.81003,620,0,4101.7,31.1524,177.117,0,3020.77,6.61525,435,0,2015.14,6.04281,520,0,1119.68,37.958,369.732,0
22.8015,5030.83,9.81438,620,0,4101.79,31.1572,176.123,0,3020.79,6.61818,435,0,2015.16,6.04645,520,0,1119.79,37.9699,367.488,0
22.8115,5030.86,9.81872,620,0,4101.88,31.1621,175.133,0,3020.81,6.62111,435,0,2015.18,6.05009,520,0,1119.89,37.9818,365.251,0
22.8216,5030.89,9.82306,620,0,4101.96,31.1669,174.143,0,3020.83,6.62403,435,0,2015.19,6.05373,520,0,1120,37.9935,363.019,0
22.8317,5030.92,9.8274,620,0,4102.05,31.1717,173.155,0,3020.85,6.62696,435,0,2015.21,6.05737,520,0,1120.1,38.0052,360.794,0
22.8418,5030.94,9.83174,620,0,4102.13,31.1764,172.171,0,3020.87,6.62989,435,0,2015.23,6.06101,520,0,1120.21,38.0169,358.574,0
22.8518,5030.97,9.83608,620,0,4102.22,31.1812,171.188,0,3020.88,6.63281,435,0,2015.24,6.06465,520,0,1120.31,38.0284,356.362,0
22.8619,5031,9.84042,620,0,4102.31,31.1859,170.208,0,3020.9,6.63574,435,0,2015.26,6.06829,520,0,1120.42,38.0399,354.155,0
22.872,5031.02,9.84476,620,0,4102.39,31.1906,169.229,0,3020.92,6.63867,435,0,2015.28,6.07193,520,0,1120.53,38.0513,351.954,0
22.8821,5031.05,9.8491,620,0,4102.48,31.1952,168.253,0,3020.94,6.6416,435,0,2015.29,6.07558,520,0,1120.63,38.0627,349.761,0
22.8922,5031.08,9.85344,620,0,4102.57,31.1998,167.279,0,3020.96,6.64452,435,0,2015.31,6.07922,520,0,1120.74,38.0739,347.573,0
22.9023,5031.11,9.85778,620,0,4102.65,31.2044,166.307,0,3020.98,6.64745,435,0,2015.33,6.08286,520,0,1120.84,38.0852,345.392,0
22.9123,5031.13,9.86212,620,0,4102.74,31.209,165.339,0,3020.99,6.65038,435,0,2015.34,6.0865,520,0,1120.95,38.0963,343.216,0
22.9224,5031.16,9.86646,620,0,4102.83,31.2135,164.373,0,3021.01,6.6533,435,0,2015.36,6.09014,520,0,1121.05,38.1073,341.047,0
22.9325,5031.19,9.8708,620,0,4102.91,31.2181,163.409,0,3021.03,6.65623,435,0,2015.38,6.09378,520,0,1121.16,38.1183,338.885,0
22.9425,5031.22,9.87515,620,0,4103,31.2226,162.449,0,3021.05,6.65916,435,0,2015.39,6.09742,520,0,1121.27,38.1293,336.727,0
22.9526,5031.24,9.87949,620,0,4103.09,31.227,161.489,0,3021.07,6.66209,435,0,2015.41,6.10106,520,0,1121.37,38.1401,334.577,0
22.9627,5031.27,9.88383,620,0,4103.18,31.2315,160.533,0,3021.09,6.66501,435,0,2015.43,6.1047,520,0,1121.48,38.1509,332.432,0
22.9728,5031.3,9.88817,620,0,4103.26,31.2359,159.578,0,3021.11,6.66794,435,0,2015.45,6.10834,520,0,1121.58,38.1616,330.292,0
22.9828,5031.33,9.89251,620,0,4103.35,31.2403,158.625,0,3021.12,6.67087,435,0,2015.46,6.11198,520,0,1121.69,38.1722,328.161,0
22.9929,5031.35,9.89685,620,0,4103.44,31.2446,157.676,0,3021.14,6.67379,435,0,2015.48,6.11562,520,0,1121.8,38.1828,326.03,0
23.003,5031.38,9.90119,620,0,4103.52,31.2489,156.727,0,3021.16,6.67672,435,0,2015.5,6.11926,520,0,1121.9,38.1933,323.903,0
23.013,5031.41,9.90553,620,0,4103.61,31.2533,155.781,0,3021.18,6.67965,435,0,2015.51,6.1229,520,0,1122.01,38.2038,321.782,0
23.0231,5031.44,9.90987,620,0,4103.7,31.2575,154.837,0,3021.2,6.68258,435,0,2015.53,6.12654,520,0,1122.11,38.2141,319.668,0
23.0332,5031.46,9.91421,620,0,4103.78,31.2618,153.895,0,3021.22,6.6855,435,0,2015.55,6.13018,520,0,1122.22,38.2244,317.558,0
23.0433,5031.49,9.91855,620,0,4103.87,31.266,152.955,0,3021.24,6.68843,435,0,2015.56,6.13383,520,0,1122.33,38.2347,315.455,0
23.0533,5031.52,9.92289,620,0,4103.96,31.2702,152.017,0,3021.25,6.69136,435,0,2015.58,6.13747,520,0,1122.43,38.2448,313.359,0
23.0634,5031.55,9.92723,620,0,4104.04,31.2744,151.081,0,3021.27,6.69428,435,0,2015.6,6.14111,520,0,1122.54,38.2549,311.27,0
23.0735,5031.57,9.93157,620,0,4104.13,31.2786,150.148,0,3021.29,6.69721,435,0,2015.62,6.14475,520,0,1122.65,38.2649,309.187,0
23.0835,5031.6,9.93592,620,0,4104.22,31.2827,149.217,0,3021.31,6.70014,435,0,2015.63,6.14839,520,0,1122.75,38.2749,307.109,0
23.0936,5031.63,9.94026,620,0,4104.3,31.2868,148.287,0,3021.33,6.70306,435,0,2015.65,6.15203,520,0,1122.86,38.2848,305.037,0
23.1037,5031.66,9.9446,620,0,4104.39,31.2909,147.36,0,3021.35,6.70599,435,0,2015.67,6.15567,520,0,1122.97,38.2946,302.972,0
23.1137,5031.68,9.94894,620,0,4104.48,31.2949,146.434,0,3021.37,6.70892,435,0,2015.68,6.15931,520,0,1123.07,38.3044,300.912,0
23.1238,5031.71,9.95328,620,0,4104.56,31.2989,145.512,0,3021.38,6.71185,435,0,2015.7,6.16295,520,0,1123.18,38.3141,298.858,0
23.1339,5031.74,9.95762,620,0,4104.65,31.3029,144.593,0,3021.4,6.71477,435,0,2015.72,6.16659,520,0,1123.28,38.3237,296.81,0
23.144,5031.77,9.96196,620,0,4104.74,31.3069,143.676,0,3021.42,6.7177,435,0,2015.74,6.17023,520,0,1123.39,38.3333,294.768,0
23.1541,5031.8,9.9663,620,0,4104.83,31.3108,142.761,0,3021.44,6.72063,435,0,2015.75,6.17387,520,0,1123.5,38.3428,292.732,0
23.1641,5031.82,9.97064,620,0,4104.91,31.3148,141.848,0,3021.46,6.72355,435,0,2015.77,6.17751,520,0,1123.6,38.3522,290.701,0
23.1742,5031.85,9.97498,620,0,4105,31.3187,140.935,0,3021.48,6.72648,435,0,2015.79,6.18115,520,0,1123.71,38.3615,288.677,0
23.1843,5031.88,9.97932,620,0,4105.09,31.3225,140.024,0,3021.5,6.72941,435,0,2015.8,6.18479,520,0,1123.82,38.3708,286.658,0
23.1945,5031.91,9.98366,620,0,4105.17,31.3264,139.115,0,3021.52,6.73234,435,0,2015.82,6.18843,520,0,1123.92,38.3801,284.645,0
23.2045,5031.93,9.988,620,0,4105.26,31.3302,138.208,0,3021.53,6.73526,435,0,2015.84,6.19207,520,0,1124.03,38.3892,282.638,0
23.2146,5031.96,9.99234,620,0,4105.35,31.334,137.304,0,3021.55,6.73819,435,0,2015.86,6.19572,520,0,1124.14,38.3983,280.636,0
23.2247,5031.99,9.99669,620,0,4105.43,31.3378,136.4,0,3021.57,6.74112,435,0,2015.87,6.19936,520,0,1124.24,38.4074,278.641,0
23.2347,5032.02,10.001,620,0,4105.52,31.3415,135.5,0,3021.59,6.74404,435,0,2015.89,6.203,520,0,1124.35,38.4164,276.65,0
23.2448,5032.04,10.0054,620,0,4105.61,31.3452,134.601,0,3021.61,6.74697,435,0,2015.91,6.20664,520,0,1124.46,38.4253,274.666,0
23.2549,5032.07,10.0097,620,0,4105.7,31.3489,133.704,0,3021.63,6.7499,435,0,2015.92,6.21028,520,0,1124.56,38.4341,272.688,0
23.265,5032.1,10.014,620,0,4105.78,31.3526,132.81,0,3021.65,6.75283,435,0,2015.94,6.21392,520,0,1124.67,38.4429,270.716,0
23.2751,5032.13,10.0184,620,0,4105.87,31.3563,131.917,0,3021.67,6.75575,435,0,2015.96,6.21756,520,0,1124.78,38.4516,268.747,0
23.2851,5032.16,10.0227,620,0,4105.96,31.3599,131.026,0,3021.68,6.75868,435,0,2015.98,6.2212,520,0,1124.88,38.4603,266.785,0
23.2952,5032.18,10.0271,620,0,4106.04,31.3635,130.138,0,3021.7,6.76161,435,0,2015.99,6.22484,520,0,1124.99,38.4688,264.823,0
23.3053,5032.21,10.0314,620,0,4106.13,31.3671,129.252,0,3021.72,6.76453,435,0,2016.01,6.22848,520,0,1125.1,38.4774,262.867,0
23.3171,5032.24,10.0358,620,0,4106.22,31.3706,128.367,0,3021.74,6.76746,435,0,2016.03,6.23212,520,0,1125.2,38.4858,260.918,0
23.3271,5032.27,10.0401,620,0,4106.31,31.3741,127.484,0,3021.76,6.77039,435,0,2016.05,6.23576,520,0,1125.31,38.4942,258.974,0
23.3372,5032.3,10.0444,620,0,4106.39,31.3776,126.605,0,3021.78,6.77332,435,0,2016.06,6.2394,520,0,1125.42,38.5026,257.038,0
23.3473,5032.32,10.0488,620,0,4106.48,31.3811,125.728,0,3021.8,6.77624,435,0,2016.08,6.24304,520,0,1125.53,38.5108,255.106,0
23.3574,5032.35,10.0531,620,0,4106.57,31.3846,124.855,0,3021.82,6.77917,435,0,2016.1,6.24668,520,0,1125.63,38.519,253.18,0
23.3674,5032.38,10.0575,620,0,4106.65,31.388,123.982,0,3021.83,6.7821,435,0,2016.12,6.25032,520,0,1125.74,38.5272,251.259,0
23.3775,5032.41,10.0618,620,0,4106.74,31.3914,123.112,0,3021.85,6.78502,435,0,2016.13,6.25397,520,0,1125.85,38.5353,249.344,0
23.3876,5032.44,10.0661,620,0,4106.83,31.3948,122.244,0,3021.87,6.78795,435,0,2016.15,6.25761,520,0,1125.95,38.5433,247.435,0
23.3977,5032.46,10.0705,620,0,4106.92,31.3981,121.377,0,3021.89,6.79088,435,0,2016.17,6.26125,520,0,1126.06,38.5513,245.53,0
23.4077,5032.49,10.0748,620,0,4107,31.4015,120.513,0,3021.91,6.79381,435,0,2016.18,6.26489,520,0,1126.17,38.5592,243.633,0
23.4178,5032.52,10.0792,620,0,4107.09,31.4048,119.651,0,3021.93,6.79673,435,0,2016.2,6.26853,520,0,1126.28,38.567,241.74,0
23.4279,5032.55,10.0835,620,0,4107.18,31.408,118.791,0,3021.95,6.79966,435,0,2016.22,6.27217,520,0,1126.38,38.5748,239.853,0
23.4379,5032.58,10.0878,620,0,4107.27,31.4113,117.933,0,3021.97,6.80259,435,0,2016.24,6.27581,520,0,1126.49,38.5825,237.97,0
23.448,5032.6,10.0922,620,0,4107.35,31.4145,117.076,0,3021.99,6.80551,435,0,2016.25,6.27945,520,0,1126.6,38.5902,236.094,0
23.4581,5032.63,10.0965,620,0,4107.44,31.4178,116.221,0,3022,6.80844,435,0,2016.27,6.28309,520,0,1126.7,38.5978,234.224,0
23.4682,5032.66,10.1009,620,0,4107.53,31.4209,115.369,0,3022.02,6.81137,435,0,2016.29,6.28673,520,0,1126.81,38.6053,232.359,0
23.4784,5032.69,10.1052,620,0,4107.61,31.4241,114.518,0,3022.04,6.81429,435,0,2016.31,6.29037,520,0,1126.92,38.6128,230.498,0
23.4885,5032.72,10.1095,620,0,4107.7,31.4273,113.67,0,3022.06,6.81722,435,0,2016.32,6.29401,520,0,1127.03,38.6202,228.644,0
23.4986,5032.74,10.1139,620,0,4107.79,31.4304,112.824,0,3022.08,6.82015,435,0,2016.34,6.29765,520,0,1127.13,38.6275,226.795,0
23.5086,5032.77,10.1182,620,0,4107.88,31.4335,111.979,0,3022.1,6.82308,435,0,2016.36,6.30129,520,0,1127.24,38.6348,224.95,0
23.5187,5032.8,10.1226,620,0,4107.96,31.4365,111.136,0,3022.12,6.826,435,0,2016.38,6.30493,520,0,1127.35,38.6421,223.112,0
23.5288,5032.83,10.1269,620,0,4108.05,31.4396,110.295,0,3022.14,6.82893,435,0,2016.39,6.30857,520,0,1127.46,38.6493,221.279,0
23.5388,5032.86,10.1312,620,0,4108.14,31.4426,109.457,0,3022.16,6.83186,435,0,2016.41,6.31221,520,0,1127.56,38.6564,219.45,0
23.5489,5032.88,10.1356,620,0,4108.23,31.4456,108.62,0,3022.18,6.83478,435,0,2016.43,6.31586,520,0,1127.67,38.6634,217.628,0
23.559,5032.91,10.1399,620,0,4108.31,31.4486,107.787,0,3022.19,6.83771,435,0,2016.45,6.3195,520,0,1127.78,38.6704,215.811,0
23.5691,5032.94,10.1443,620,0,4108.4,31.4516,106.957,0,3022.21,6.84064,435,0,2016.46,6.32314,520,0,1127.88,38.6774,214,0
23.5791,5032.97,10.1486,620,0,4108.49,31.4545,106.128,0,3022.23,6.84357,435,0,2016.48,6.32678,520,0,1127.99,38.6843,212.193,0
23.5892,5033,10.153,620,0,4108.57,31.4574,105.301,0,3022.25,6.84649,435,0,2016.5,6.33042,520,0,1128.1,38.6911,210.393,0
23.5993,5033.03,10.1573,620,0,4108.66,31.4603,104.476,0,3022.27,6.84942,435,0,2016.52,6.33406,520,0,1128.21,38.6978,208.598,0
23.6093,5033.05,10.1616,620,0,4108.75,31.4632,103.653,0,3022.29,6.85235,435,0,2016.53,6.3377,520,0,1128.31,38.7045,206.809,0
23.6194,5033.08,10.166,620,0,4108.84,31.466,102.832,0,3022.31,6.85527,435,0,2016.55,6.34134,520,0,1128.42,38.7112,205.024,0
23.6294,5033.11,10.1703,620,0,4108.92,31.4688,102.012,0,3022.33,6.8582,435,0,2016.57,6.34498,520,0,1128.53,38.7178,203.246,0
23.6395,5033.14,10.1747,620,0,4109.01,31.4716,101.195,0,3022.35,6.86113,435,0,2016.59,6.34862,520,0,1128.64,38.7243,201.473,0
23.6496,5033.17,10.179,620,0,4109.1,31.4744,100.38,0,3022.37,6.86406,435,0,2016.61,6.35226,520,0,1128.74,38.7308,199.704,0
23.6611,5033.19,10.1833,620,0,4109.19,31.4772,99.5656,0,3022.38,6.86698,435,0,2016.62,6.3559,520,0,1128.85,38.7372,197.94,0
23.6711,5033.22,10.1877,620,0,4109.27,31.4799,98.7545,0,3022.4,6.86991,435,0,2016.64,6.35954,520,0,1128.96,38.7436,196.18,0
23.6812,5033.25,10.192,620,0,4109.36,31.4826,97.9443,0,3022.42,6.87284,435,0,2016.66,6.36318,520,0,1129.07,38.7499,194.423,0
23.6913,5033.28,10.1964,620,0,4109.45,31.4853,97.136,0,3022.44,6.87576,435,0,2016.68,6.36682,520,0,1129.18,38.7561,192.671,0
23.7014,5033.31,10.2007,620,0,4109.54,31.4879,96.3296,0,3022.46,6.87869,435,0,2016.69,6.37046,520,0,1129.28,38.7623,190.923,0
23.7115,5033.34,10.205,620,0,4109.62,31.4906,95.5255,0,3022.48,6.88162,435,0,2016.71,6.37411,520,0,1129.39,38.7685,189.182,0
23.7215,5033.36,10.2094,620,0,4109.71,31.4932,94.7233,0,3022.5,6.88455,435,0,2016.73,6.37775,520,0,1129.5,38.7745,187.446,0
23.7316,5033.39,10.2137,620,0,4109.8,31.4958,93.9229,0,3022.52,6.88747,435,0,2016.75,6.38139,520,0,1129.61,38.7806,185.715,0
23.7416,5033.42,10.2181,620,0,4109.89,31.4984,93.1244,0,3022.54,6.8904,435,0,2016.76,6.38503,520,0,1129.71,38.7865,183.989,0
23.7517,5033.45,10.2224,620,0,4109.97,31.5009,92.3278,0,3022.56,6.89333,435,0,2016.78,6.38867,520,0,1129.82,38.7924,182.268,0
23.7618,5033.48,10.2267,620,0,4110.06,31.5035,91.533,0,3022.58,6.89625,435,0,2016.8,6.39231,520,0,1129.93,38.7983,180.551,0
23.7719,5033.51,10.2311,620,0,4110.15,31.506,90.7423,0,3022.59,6.89918,435,0,2016.82,6.39595,520,0,1130.04,38.8041,178.841,0
23.7819,5033.54,10.2354,620,0,4110.24,31.5085,89.9536,0,3022.61,6.90211,435,0,2016.84,6.39959,520,0,1130.15,38.8098,177.134,0
23.792,5033.56,10.2398,620,0,4110.32,31.5109,89.1658,0,3022.63,6.90504,435,0,2016.85,6.40323,520,0,1130.25,38.8155,175.433,0
23.8021,5033.59,10.2441,620,0,4110.41,31.5134,88.3807,0,3022.65,6.90796,435,0,2016.87,6.40687,520,0,1130.36,38.8212,173.737,0
23.8121,5033.62,10.2484,620,0,4110.5,31.5158,87.597,0,3022.67,6.91089,435,0,2016.89,6.41051,520,0,1130.47,38.8268,172.047,0
23.8222,5033.65,10.2528,620,0,4110.59,31.5182,86.8152,0,3022.69,6.91382,435,0,2016.91,6.41415,520,0,1130.58,38.8323,170.361,0
23.8323,5033.68,10.2571,620,0,4110.67,31.5206,86.0358,0,3022.71,6.91674,435,0,2016.92,6.41779,520,0,1130.68,38.8377,168.68,0
23.8424,5033.71,10.2615,620,0,4110.76,31.5229,85.2577,0,3022.73,6.91967,435,0,2016.94,6.42143,520,0,1130.79,38.8432,167.005,0
23.8524,5033.73,10.2658,620,0,4110.85,31.5253,84.4815,0,3022.75,6.9226,435,0,2016.96,6.42507,520,0,1130.9,38.8485,165.334,0
23.8625,5033.76,10.2702,620,0,4110.94,31.5276,83.708,0,3022.77,6.92552,435,0,2016.98,6.42871,520,0,1131.01,38.8538,163.668,0
23.8726,5033.79,10.2745,620,0,4111.02,31.5299,82.935,0,3022.79,6.92845,435,0,2017,6.43235,520,0,1131.12,38.8591,162.011,0
23.8826,5033.82,10.2788,620,0,4111.11,31.5321,82.1638,0,3022.81,6.93138,435,0,2017.01,6.436,520,0,1131.22,38.8643,160.355,0
23.8927,5033.85,10.2832,620,0,4111.2,31.5344,81.395,0,3022.83,6.93431,435,0,2017.03,6.43964,520,0,1131.33,38.8694,158.705,0
23.9028,5033.88,10.2875,620,0,4111.29,31.5366,80.628,0,3022.84,6.93723,435,0,2017.05,6.44328,520,0,1131.44,38.8745,157.061,0
23.9128,5033.91,10.2919,620,0,4111.38,31.5388,79.8633,0,3022.86,6.94016,435,0,2017.07,6.44692,520,0,1131.55,38.8796,155.421,0
23.9229,5033.93,10.2962,620,0,4111.46,31.541,79.0986,0,3022.88,6.94309,435,0,2017.09,6.45056,520,0,1131.66,38.8846,153.786,0
23.9331,5033.96,10.3005,620,0,4111.55,31.5432,78.3371,0,3022.9,6.94601,435,0,2017.1,6.4542,520,0,1131.76,38.8895,152.157,0
23.9432,5033.99,10.3049,620,0,4111.64,31.5453,77.578,0,3022.92,6.94894,435,0,2017.12,6.45784,520,0,1131.87,38.8944,150.531,0
23.9532,5034.02,10.3092,620,0,4111.73,31.5474,76.8197,0,3022.94,6.95187,435,0,2017.14,6.46148,520,0,1131.98,38.8992,148.911,0
23.9633,5034.05,10.3136,620,0,4111.81,31.5496,76.0629,0,3022.96,6.9548,435,0,2017.16,6.46512,520,0,1132.09,38.904,147.296,0
23.9733,5034.08,10.3179,620,0,4111.9,31.5516,75.3097,0,3022.98,6.95772,435,0,2017.18,6.46876,520,0,1132.2,38.9087,145.684,0
23.9834,5034.11,10.3222,620,0,4111.99,31.5537,74.5593,0,3023,6.96065,435,0,2017.19,6.4724,520,0,1132.3,38.9134,144.079,0
23.9935,5034.14,10.3266,620,0,4112.08,31.5557,73.8097,0,3023.02,6.96358,435,0,2017.21,6.47604,520,0,1132.41,38.918,142.477,0
24.0036,5034.16,10.3309,620,0,4112.16,31.5578,73.0629,0,3023.04,6.9665,435,0,2017.23,6.47968,520,0,1132.52,38.9226,140.88,0
24.0136,5034.19,10.3353,620,0,4112.25,31.5598,72.3175,0,3023.06,6.96943,435,0,2017.25,6.48332,520,0,1132.63,38.9271,139.289,0
24.0241,5034.22,10.3396,620,0,4112.34,31.5617,71.574,0,3023.08,6.97236,435,0,2017.27,6.48696,520,0,1132.74,38.9316,137.701,0
24.0341,5034.25,10.3439,620,0,4112.43,31.5637,70.8327,0,3023.1,6.97529,435,0,2017.28,6.4906,520,0,1132.84,38.936,136.12,0
24.0442,5034.28,10.3483,620,0,4112.51,31.5656,70.0928,0,3023.12,6.97821,435,0,2017.3,6.49425,520,0,1132.95,38.9403,134.542,0
24.0545,5034.31,10.3526,620,0,4112.6,31.5675,69.3542,0,3023.13,6.98114,435,0,2017.32,6.49789,520,0,1133.06,38.9446,132.968,0
24.0646,5034.34,10.357,620,0,4112.69,31.5694,68.618,0,3023.15,6.98407,435,0,2017.34,6.50153,520,0,1133.17,38.9489,131.401,0
24.0747,5034.36,10.3613,620,0,4112.78,31.5713,67.8831,0,3023.17,6.98699,435,0,2017.36,6.50517,520,0,1133.28,38.9531,129.838,0
24.0847,5034.39,10.3656,620,0,4112.87,31.5732,67.1509,0,3023.19,6.98992,435,0,2017.37,6.50881,520,0,1133.39,38.9573,128.279,0
24.095,5034.42,10.37,620,0,4112.95,31.575,66.4193,0,3023.21,6.99285,435,0,2017.39,6.51245,520,0,1133.49,38.9614,126.723,0
24.1051,5034.45,10.3743,620,0,4113.04,31.5768,65.6898,0,3023.23,6.99578,435,0,2017.41,6.51609,520,0,1133.6,38.9654,125.176,0
24.1152,5034.48,10.3787,620,0,4113.13,31.5786,64.9618,0,3023.25,6.9987,435,0,2017.43,6.51973,520,0,1133.71,38.9695,123.63,0
24.1253,5034.51,10.383,620,0,4113.22,31.5804,64.2361,0,3023.27,7.00163,435,0,2017.45,6.52337,520,0,1133.82,38.9734,122.09,0
24.1353,5034.54,10.3874,620,0,4113.3,31.5822,63.5112,0,3023.29,7.00456,435,0,2017.46,6.52701,520,0,1133.93,38.9773,120.557,0
24.1454,5034.57,10.3917,620,0,4113.39,31.5839,62.7886,0,3023.31,7.00748,435,0,2017.48,6.53065,520,0,1134.04,38.9812,119.027,0
24.1555,5034.6,10.396,620,0,4113.48,31.5856,62.0678,0,3023.33,7.01041,435,0,2017.5,6.53429,520,0,1134.14,38.985,117.503,0
24.1655,5034.62,10.4004,620,0,4113.57,31.5873,61.3484,0,3023.35,7.01334,435,0,2017.52,6.53793,520,0,1134.25,38.9888,115.982,0
24.1756,5034.65,10.4047,620,0,4113.65,31.589,60.6312,0,3023.37,7.01626,435,0,2017.54,6.54157,520,0,1134.36,38.9925,114.466,0
24.1857,5034.68,10.4091,620,0,4113.74,31.5906,59.9173,0,3023.39,7.01919,435,0,2017.56,6.54521,520,0,1134.47,38.9961,112.956,0
24.1957,5034.71,10.4134,620,0,4113.83,31.5923,59.2061,0,3023.41,7.02212,435,0,2017.57,6.54885,520,0,1134.58,38.9997,111.448,0
24.2058,5034.74,10.4177,620,0,4113.92,31.5939,58.4957,0,3023.43,7.02505,435,0,2017.59,6.55249,520,0,1134.69,39.0033,109.946,0
24.2159,5034.77,10.4221,620,0,4114.01,31.5955,57.7867,0,3023.45,7.02797,435,0,2017.61,6.55614,520,0,1134.79,39.0068,108.45,0
24.2259,5034.8,10.4264,620,0,4114.09,31.5971,57.0805,0,3023.47,7.0309,435,0,2017.63,6.55978,520,0,1134.9,39.0103,106.955,0
24.236,5034.83,10.4308,620,0,4114.18,31.5986,56.3751,0,3023.49,7.03383,435,0,2017.65,6.56342,520,0,1135.01,39.0137,105.467,0
24.2461,5034.86,10.4351,620,0,4114.27,31.6002,55.672,0,3023.5,7.03675,435,0,2017.66,6.56706,520,0,1135.12,39.0171,103.984,0
24.2561,5034.89,10.4394,620,0,4114.36,31.6017,54.9707,0,3023.52,7.03968,435,0,2017.68,6.5707,520,0,1135.23,39.0204,102.501,0
24.2662,5034.91,10.4438,620,0,4114.44,31.6032,54.2712,0,3023.54,7.04261,435,0,2017.7,6.57434,520,0,1135.34,39.0237,101.023,0
24.2763,5034.94,10.4481,620,0,4114.53,31.6047,53.5726,0,3023.56,7.04554,435,0,2017.72,6.57798,520,0,1135.44,39.0269,99.5506,0
24.2863,5034.97,10.4525,620,0,4114.62,31.6061,52.8749,0,3023.58,7.04846,435,0,2017.74,6.58162,520,0,1135.55,39.0301,98.0821,0
24.2964,5035,10.4568,620,0,4114.71,31.6076,52.179,0,3023.6,7.05139,435,0,2017.76,6.58526,520,0,1135.66,39.0332,96.6179,0
24.3065,5035.03,10.4611,620,0,4114.8,31.609,51.4853,0,3023.62,7.05432,435,0,2017.77,6.5889,520,0,1135.77,39.0363,95.1584,0
24.3171,5035.06,10.4655,620,0,4114.88,31.6104,50.7925,0,3023.64,7.05724,435,0,2017.79,6.59254,520,0,1135.88,39.0394,93.7035,0
24.3271,5035.09,10.4698,620,0,4114.97,31.6118,50.1016,0,3023.66,7.06017,435,0,2017.81,6.59618,520,0,1135.99,39.0424,92.2521,0
24.3372,5035.12,10.4742,620,0,4115.06,31.6132,49.412,0,3023.68,7.0631,435,0,2017.83,6.59982,520,0,1136.09,39.0453,90.8053,0
24.3473,5035.15,10.4785,620,0,4115.15,31.6145,48.725,0,3023.7,7.06603,435,0,2017.85,6.60346,520,0,1136.2,39.0482,89.3642,0
24.3573,5035.18,10.4828,620,0,4115.24,31.6158,48.0399,0,3023.72,7.06895,435,0,2017.87,6.6071,520,0,1136.31,39.0511,87.9268,0
24.3674,5035.2,10.4872,620,0,4115.32,31.6171,47.3556,0,3023.74,7.07188,435,0,2017.88,6.61074,520,0,1136.42,39.0539,86.4928,0
24.3775,5035.23,10.4915,620,0,4115.41,31.6184,46.6737,0,3023.76,7.07481,435,0,2017.9,6.61439,520,0,1136.53,39.0566,85.0643,0
24.3875,5035.26,10.4959,620,0,4115.5,31.6197,45.9921,0,3023.78,7.07773,435,0,2017.92,6.61803,520,0,1136.64,39.0593,83.6392,0
24.3976,5035.29,10.5002,620,0,4115.59,31.621,45.316,0,3023.8,7.08066,435,0,2017.94,6.62167,520,0,1136.75,39.062,82.2197,0
24.4077,5035.32,10.5046,620,0,4115.67,31.6222,44.6403,0,3023.82,7.08359,435,0,2017.96,6.62531,520,0,1136.85,39.0646,80.8059,0
24.4177,5035.35,10.5089,620,0,4115.76,31.6234,43.9663,0,3023.84,7.08652,435,0,2017.98,6.62895,520,0,1136.96,39.0672,79.3961,0
24.4278,5035.38,10.5132,620,0,4115.85,31.6246,43.2942,0,3023.86,7.08944,435,0,2017.99,6.63259,520,0,1137.07,39.0697,77.9912,0
24.4379,5035.41,10.5176,620,0,4115.94,31.6258,42.6243,0,3023.88,7.09237,435,0,2018.01,6.63623,520,0,1137.18,39.0722,76.5885,0
24.448,5035.44,10.5219,620,0,4116.03,31.6269,41.9553,0,3023.9,7.0953,435,0,2018.03,6.63987,520,0,1137.29,39.0746,75.1924,0
24.4581,5035.47,10.5263,620,0,4116.11,31.6281,41.289,0,3023.92,7.09822,435,0,2018.05,6.64351,520,0,1137.4,39.077,73.8,0
24.4681,5035.5,10.5306,620,0,4116.2,31.6292,40.6235,0,3023.94,7.10115,435,0,2018.07,6.64715,520,0,1137.51,39.0794,72.411,0
24.4782,5035.53,10.5349,620,0,4116.29,31.6303,39.9594,0,3023.96,7.10408,435,0,2018.09,6.65079,520,0,1137.61,39.0817,71.0261,0
24.4883,5035.56,10.5393,620,0,4116.38,31.6314,39.298,0,3023.98,7.10701,435,0,2018.11,6.65443,520,0,1137.72,39.0839,69.6464,0
24.4983,5035.58,10.5436,620,0,4116.46,31.6325,38.6369,0,3024,7.10993,435,0,2018.12,6.65807,520,0,1137.83,39.0862,68.2709,0
24.5084,5035.61,10.548,620,0,4116.55,31.6335,37.9782,0,3024.02,7.11286,435,0,2018.14,6.66171,520,0,1137.94,39.0883,66.8986,0
24.5185,5035.64,10.5523,620,0,4116.64,31.6345,37.3212,0,3024.04,7.11579,435,0,2018.16,6.66535,520,0,1138.05,39.0905,65.5319,0
24.5286,5035.67,10.5566,620,0,4116.73,31.6356,36.6655,0,3024.06,7.11871,435,0,2018.18,6.66899,520,0,1138.16,39.0925,64.1689,0
24.5387,5035.7,10.561,620,0,4116.82,31.6366,36.0115,0,3024.08,7.12164,435,0,2018.2,6.67263,520,0,1138.27,39.0946,62.8092,0
24.5488,5035.73,10.5653,620,0,4116.9,31.6375,35.359,0,3024.09,7.12457,435,0,2018.22,6.67628,520,0,1138.37,39.0966,61.4542,0
24.5588,5035.76,10.5697,620,0,4116.99,31.6385,34.7086,0,3024.11,7.12749,435,0,2018.23,6.67992,520,0,1138.48,39.0985,60.1033,0
24.5689,5035.79,10.574,620,0,4117.08,31.6394,34.0591,0,3024.13,7.13042,435,0,2018.25,6.68356,520,0,1138.59,39.1004,58.7575,0
24.579,5035.82,10.5783,620,0,4117.17,31.6404,33.4114,0,3024.15,7.13335,435,0,2018.27,6.6872,520,0,1138.7,39.1023,57.4141,0
24.5891,5035.85,10.5827,620,0,4117.26,31.6413,32.7658,0,3024.17,7.13628,435,0,2018.29,6.69084,520,0,1138.81,39.1041,56.0758,0
24.5992,5035.88,10.587,620,0,4117.34,31.6422,32.1212,0,3024.19,7.1392,435,0,2018.31,6.69448,520,0,1138.92,39.1059,54.7411,0
24.6093,5035.91,10.5914,620,0,4117.43,31.643,31.4811,0,3024.21,7.14213,435,0,2018.33,6.69812,520,0,1139.03,39.1076,53.4111,0
24.6193,5035.94,10.5957,620,0,4117.52,31.6439,30.8418,0,3024.23,7.14506,435,0,2018.35,6.70176,520,0,1139.13,39.1093,52.0852,0
24.6294,5035.97,10.6,620,0,4117.61,31.6447,30.2043,0,3024.25,7.14798,435,0,2018.37,6.7054,520,0,1139.24,39.1109,50.7626,0
24.6395,5036,10.6044,620,0,4117.7,31.6455,29.5685,0,3024.27,7.15091,435,0,2018.38,6.70904,520,0,1139.35,39.1125,49.4451,0
24.6495,5036.03,10.6087,620,0,4117.78,31.6463,28.9345,0,3024.29,7.15384,435,0,2018.4,6.71268,520,0,1139.46,39.1141,48.1303,0
24.6596,5036.05,10.6131,620,0,4117.87,31.6471,28.3018,0,3024.31,7.15677,435,0,2018.42,6.71632,520,0,1139.57,39.1156,46.8202,0
24.6697,5036.08,10.6174,620,0,4117.96,31.6479,27.6705,0,3024.33,7.15969,435,0,2018.44,6.71996,520,0,1139.68,39.1171,45.5174,0
24.6798,5036.11,10.6217,620,0,4118.05,31.6486,27.0413,0,3024.35,7.16262,435,0,2018.46,6.7236,520,0,1139.79,39.1185,44.2165,0
24.6898,5036.14,10.6261,620,0,4118.13,31.6494,26.4135,0,3024.37,7.16555,435,0,2018.48,6.72724,520,0,1139.89,39.1199,42.9206,0
24.6999,5036.17,10.6304,620,0,4118.22,31.6501,25.7869,0,3024.39,7.16847,435,0,2018.5,6.73088,520,0,1140,39.1213,41.6279,0
24.71,5036.2,10.6348,620,0,4118.31,31.6508,25.1621,0,3024.41,7.1714,435,0,2018.51,6.73453,520,0,1140.11,39.1226,40.3404,0
24.72,5036.23,10.6391,620,0,4118.4,31.6514,24.5386,0,3024.43,7.17433,435,0,2018.53,6.73817,520,0,1140.22,39.1239,39.0574,0
24.7301,5036.26,10.6435,620,0,4118.49,31.6521,23.9168,0,3024.45,7.17726,435,0,2018.55,6.74181,520,0,1140.33,39.1251,37.7762,0
24.7411,5036.29,10.6478,620,0,4118.57,31.6527,23.2968,0,3024.47,7.18018,435,0,2018.57,6.74545,520,0,1140.44,39.1263,36.4996,0
24.7511,5036.32,10.6521,620,0,4118.66,31.6534,22.6782,0,3024.49,7.18311,435,0,2018.59,6.74909,520,0,1140.55,39.1274,35.2271,0
24.7612,5036.35,10.6565,620,0,4118.75,31.654,22.0621,0,3024.51,7.18604,435,0,2018.61,6.75273,520,0,1140.66,39.1285,33.9588,0
24.7713,5036.38,10.6608,620,0,4118.84,31.6546,21.4461,0,3024.53,7.18896,435,0,2018.63,6.75637,520,0,1140.76,39.1296,32.6956,0
24.7813,5036.41,10.6652,620,0,4118.93,31.6552,20.8313,0,3024.55,7.19189,435,0,2018.65,6.76001,520,0,1140.87,39.1306,31.434,0
24.7914,5036.44,10.6695,620,0,4119.01,31.6557,20.2191,0,3024.57,7.19482,435,0,2018.66,6.76365,520,0,1140.98,39.1316,30.1771,0
24.8015,5036.47,10.6738,620,0,4119.1,31.6563,19.6083,0,3024.59,7.19775,435,0,2018.68,6.76729,520,0,1141.09,39.1325,28.9248,0
24.8116,5036.5,10.6782,620,0,4119.19,31.6568,18.9992,0,3024.61,7.20067,435,0,2018.7,6.77093,520,0,1141.2,39.1334,27.6756,0
24.8217,5036.53,10.6825,620,0,4119.28,31.6573,18.3941,0,3024.63,7.2036,435,0,2018.72,6.77457,520,0,1141.31,39.1343,26.431,0
24.8318,5036.56,10.6869,620,0,4119.37,31.6578,17.7894,0,3024.65,7.20653,435,0,2018.74,6.77821,520,0,1141.42,39.1351,25.1888,0
24.8419,5036.59,10.6912,620,0,4119.45,31.6583,17.1869,0,3024.67,7.20945,435,0,2018.76,6.78185,520,0,1141.53,39.1359,23.9519,0
24.8519,5036.62,10.6955,620,0,4119.54,31.6587,16.5857,0,3024.69,7.21238,435,0,2018.78,6.78549,520,0,1141.63,39.1366,22.7191,0
24.862,5036.65,10.6999,620,0,4119.63,31.6592,15.9867,0,3024.71,7.21531,435,0,2018.8,6.78913,520,0,1141.74,39.1373,21.4882,0
24.8721,5036.68,10.7042,620,0,4119.72,31.6596,15.3881,0,3024.73,7.21824,435,0,2018.82,6.79277,520,0,1141.85,39.1379,20.2641,0
24.8822,5036.71,10.7086,620,0,4119.81,31.66,14.7916,0,3024.75,7.22116,435,0,2018.83,6.79642,520,0,1141.96,39.1386,19.0414,0
24.8922,5036.74,10.7129,620,0,4119.89,31.6604,14.1969,0,3024.77,7.22409,435,0,2018.85,6.80006,520,0,1142.07,39.1391,17.8226,0
24.9023,5036.77,10.7172,620,0,4119.98,31.6608,13.6031,0,3024.79,7.22702,435,0,2018.87,6.8037,520,0,1142.18,39.1397,16.6085,0
24.9124,5036.8,10.7216,620,0,4120.07,31.6611,13.011,0,3024.81,7.22994,435,0,2018.89,6.80734,520,0,1142.29,39.1402,15.398,0
24.9224,5036.83,10.7259,620,0,4120.16,31.6615,12.4205,0,3024.83,7.23287,435,0,2018.91,6.81098,520,0,1142.39,39.1406,14.1911,0
24.9325,5036.86,10.7303,620,0,4120.25,31.6618,11.8314,0,3024.85,7.2358,435,0,2018.93,6.81462,520,0,1142.5,39.1411,12.9892,0
24.9441,5036.89,10.7346,620,0,4120.33,31.6621,11.244,0,3024.87,7.23872,435,0,2018.95,6.81826,520,0,1142.61,39.1414,11.7909,0
24.9541,5036.92,10.7389,620,0,4120.42,31.6624,10.6579,0,3024.89,7.24165,435,0,2018.97,6.8219,520,0,1142.72,39.1418,10.5971,0
24.9642,5036.94,10.7433,620,0,4120.51,31.6627,10.0735,0,3024.91,7.24458,435,0,2018.99,6.82554,520,0,1142.83,39.1421,9.40744,0
24.9743,5036.97,10.7476,620,0,4120.6,31.6629,9.48956,0,3024.93,7.24751,435,0,2019,6.82918,520,0,1142.94,39.1424,8.22135,0
24.9844,5037,10.752,620,0,4120.69,31.6632,8.90769,0,3024.95,7.25043,435,0,2019.02,6.83282,520,0,1143.05,39.1426,7.03789,0
24.9944,5037.03,10.7563,620,0,4120.77,31.6634,8.32808,0,3024.97,7.25336,435,0,2019.04,6.83646,520,0,1143.16,39.1428,5.85948,0
25.0045,5037.06,10.7607,620,0,4120.86,31.6636,7.74972,0,3024.99,7.25629,435,0,2019.06,6.8401,520,0,1143.26,39.1429,4.68416,0
25.0146,5037.09,10.765,620,0,4120.95,31.6638,7.17217,0,3025.01,7.25921,435,0,2019.08,6.84374,520,0,1143.37,39.143,3.51242,0
25.0246,5037.12,10.7693,620,0,4121.04,31.664,6.59816,0,3025.03,7.26214,435,0,2019.1,6.84738,520,0,1143.48,39.1431,2.34435,0
25.0347,5037.15,10.7737,620,0,4121.12,31.6642,6.02637,0,3025.05,7.26507,435,0,2019.12,6.85102,520,0,1143.59,39.1432,1.18029,0
25.0451,5037.18,10.778,620,0,4121.21,31.6643,5.45536,0,3025.07,7.268,435,0,2019.14,6.85467,520,0,1143.7,39.1432,0.019326,0
25.0551,5037.21,10.7824,620,0,4121.3,31.6645,4.8861,0,3025.09,7.27092,435,0,2019.16,6.85831,520,0,1143.81,39.1431,-1.13761,0
25.0661,5037.24,10.7867,620,0,4121.39,31.6646,4.31853,0,3025.11,7.27385,435,0,2019.18,6.86195,520,0,1143.92,39.143,-2.28995,0
25.0761,5037.27,10.791,620,0,4121.48,31.6647,3.75224,0,3025.14,7.27678,435,0,2019.19,6.86559,520,0,1144.03,39.1429,-3.44065,0
25.0862,5037.3,10.7954,620,0,4121.56,31.6648,3.18723,0,3025.16,7.2797,435,0,2019.21,6.86923,520,0,1144.13,39.1428,-4.58684,0
25.0963,5037.33,10.7997,620,0,4121.65,31.6648,2.6239,0,3025.18,7.28263,435,0,2019.23,6.87287,520,0,1144.24,39.1426,-5.72899,0
25.1064,5037.36,10.8041,620,0,4121.74,31.6649,2.06187,0,3025.2,7.28556,435,0,2019.25,6.87651,520,0,1144.35,39.1424,-6.86798,0
25.1165,5037.39,10.8084,620,0,4121.83,31.6649,1.50155,0,3025.22,7.28849,435,0,2019.27,6.88015,520,0,1144.46,39.1421,-8.0039,0
25.1265,5037.42,10.8127,620,0,4121.92,31.665,0.942511,0,3025.24,7.29141,435,0,2019.29,6.88379,520,0,1144.57,39.1418,-9.13492,0
25.1366,5037.45,10.8171,620,0,4122,31.665,0.384687,0,3025.26,7.29434,435,0,2019.31,6.88743,520,0,1144.68,39.1415,-10.2632,0
25.1467,5037.48,10.8214,620,0,4122.09,31.665,-0.170943,0,3025.28,7.29727,435,0,2019.33,6.89107,520,0,1144.79,39.1411,-11.388,0
25.1568,5037.51,10.8258,620,0,4122.18,31.665,-0.726237,0,3025.3,7.30019,435,0,2019.35,6.89471,520,0,1144.9,39.1407,-12.5097,0
25.1668,5037.54,10.8301,620,0,4122.27,31.6649,-1.27891,0,3025.32,7.30312,435,0,2019.37,6.89835,520,0,1145,39.1403,-13.6269,0
25.1769,5037.57,10.8344,620,0,4122.36,31.6649,-1.83119,0,3025.34,7.30605,435,0,2019.39,6.90199,520,0,1145.11,39.1398,-14.7405,0
25.187,5037.6,10.8388,620,0,4122.44,31.6648,-2.38183,0,3025.36,7.30898,435,0,2019.41,6.90563,520,0,1145.22,39.1393,-15.8507,0
25.1971,5037.63,10.8431,620,0,4122.53,31.6647,-2.93072,0,3025.38,7.3119,435,0,2019.42,6.90927,520,0,1145.33,39.1387,-16.9576,0
25.2071,5037.66,10.8475,620,0,4122.62,31.6646,-3.47836,0,3025.4,7.31483,435,0,2019.44,6.91291,520,0,1145.44,39.1381,-18.0602,0
25.2172,5037.69,10.8518,620,0,4122.71,31.6645,-4.02432,0,3025.42,7.31776,435,0,2019.46,6.91656,520,0,1145.55,39.1375,-19.1579,0
25.2273,5037.73,10.8561,620,0,4122.8,31.6644,-4.56899,0,3025.44,7.32068,435,0,2019.48,6.9202,520,0,1145.66,39.1369,-20.2524,0
25.2373,5037.76,10.8605,620,0,4122.88,31.6642,-5.11058,0,3025.46,7.32361,435,0,2019.5,6.92384,520,0,1145.77,39.1362,-21.3444,0
25.2474,5037.79,10.8648,620,0,4122.97,31.6641,-5.65004,0,3025.48,7.32654,435,0,2019.52,6.92748,520,0,1145.87,39.1354,-22.4314,0
25.2575,5037.82,10.8692,620,0,4123.06,31.6639,-6.18866,0,3025.5,7.32946,435,0,2019.54,6.93112,520,0,1145.98,39.1347,-23.5153,0
25.2675,5037.85,10.8735,620,0,4123.15,31.6637,-6.72516,0,3025.52,7.33239,435,0,2019.56,6.93476,520,0,1146.09,39.1339,-24.5981,0
25.2776,5037.88,10.8779,620,0,4123.24,31.6635,-7.26084,0,3025.54,7.33532,435,0,2019.58,6.9384,520,0,1146.2,39.1331,-25.6741,0
25.2877,5037.91,10.8822,620,0,4123.32,31.6633,-7.79528,0,3025.56,7.33825,435,0,2019.6,6.94204,520,0,1146.31,39.1322,-26.7483,0
25.2978,5037.94,10.8865,620,0,4123.41,31.6631,-8.32807,0,3025.58,7.34117,435,0,2019.62,6.94568,520,0,1146.42,39.1313,-27.8192,0
25.3078,5037.97,10.8909,620,0,4123.5,31.6628,-8.85955,0,3025.6,7.3441,435,0,2019.64,6.94932,520,0,1146.53,39.1303,-28.8864,0
25.3179,5038,10.8952,620,0,4123.59,31.6626,-9.38938,0,3025.62,7.34703,435,0,2019.66,6.95296,520,0,1146.64,39.1294,-29.9501,0
25.3284,5038.03,10.8996,620,0,4123.68,31.6623,-9.91796,0,3025.64,7.34995,435,0,2019.67,6.9566,520,0,1146.74,39.1284,-31.0117,0
25.3384,5038.06,10.9039,620,0,4123.76,31.662,-10.4453,0,3025.66,7.35288,435,0,2019.69,6.96024,520,0,1146.85,39.1273,-32.0676,0
25.3485,5038.09,10.9082,620,0,4123.85,31.6617,-10.9709,0,3025.68,7.35581,435,0,2019.71,6.96388,520,0,1146.96,39.1263,-33.1217,0
25.3586,5038.12,10.9126,620,0,4123.94,31.6614,-11.4953,0,3025.7,7.35874,435,0,2019.73,6.96752,520,0,1147.07,39.1251,-34.1718,0
25.3686,5038.15,10.9169,620,0,4124.03,31.6611,-12.0185,0,3025.72,7.36166,435,0,2019.75,6.97116,520,0,1147.18,39.124,-35.219,0
25.3787,5038.18,10.9213,620,0,4124.12,31.6607,-12.5408,0,3025.75,7.36459,435,0,2019.77,6.97481,520,0,1147.29,39.1228,-36.263,0
25.3891,5038.21,10.9256,620,0,4124.2,31.6604,-13.0611,0,3025.77,7.36752,435,0,2019.79,6.97845,520,0,1147.4,39.1216,-37.3022,0
25.3991,5038.24,10.9299,620,0,4124.29,31.66,-13.5801,0,3025.79,7.37044,435,0,2019.81,6.98209,520,0,1147.5,39.1204,-38.3407,0
25.4092,5038.27,10.9343,620,0,4124.38,31.6596,-14.0973,0,3025.81,7.37337,435,0,2019.83,6.98573,520,0,1147.61,39.1191,-39.3725,0
25.4193,5038.3,10.9386,620,0,4124.47,31.6592,-14.6143,0,3025.83,7.3763,435,0,2019.85,6.98937,520,0,1147.72,39.1178,-40.4034,0
25.4293,5038.33,10.943,620,0,4124.56,31.6588,-15.1291,0,3025.85,7.37923,435,0,2019.87,6.99301,520,0,1147.83,39.1164,-41.431,0
25.4394,5038.36,10.9473,620,0,4124.64,31.6583,-15.6418,0,3025.87,7.38215,435,0,2019.89,6.99665,520,0,1147.94,39.1151,-42.455,0
25.4495,5038.39,10.9516,620,0,4124.73,31.6579,-16.1524,0,3025.89,7.38508,435,0,2019.91,7.00029,520,0,1148.05,39.1137,-43.4742,0
25.4595,5038.42,10.956,620,0,4124.82,31.6574,-16.6603,0,3025.91,7.38801,435,0,2019.93,7.00393,520,0,1148.16,39.1122,-44.4917,0
25.4696,5038.45,10.9603,620,0,4124.91,31.657,-17.1679,0,3025.93,7.39093,435,0,2019.95,7.00757,520,0,1148.27,39.1107,-45.5048,0
25.4797,5038.48,10.9647,620,0,4124.99,31.6565,-17.6734,0,3025.95,7.39386,435,0,2019.97,7.01121,520,0,1148.37,39.1092,-46.5127,0
25.4897,5038.51,10.969,620,0,4125.08,31.656,-18.1786,0,3025.97,7.39679,435,0,2019.99,7.01485,520,0,1148.48,39.1077,-47.5184,0
25.4998,5038.54,10.9733,620,0,4125.17,31.6555,-18.6821,0,3025.99,7.39972,435,0,2020,7.01849,520,0,1148.59,39.1061,-48.5211,0
25.5099,5038.57,10.9777,620,0,4125.26,31.6549,-19.1834,0,3026.01,7.40264,435,0,2020.02,7.02213,520,0,1148.7,39.1045,-49.519,0
25.5199,5038.6,10.982,620,0,4125.35,31.6544,-19.6845,0,3026.03,7.40557,435,0,2020.04,7.02577,520,0,1148.81,39.1029,-50.5157,0
25.53,5038.64,10.9864,620,0,4125.43,31.6538,-20.1838,0,3026.05,7.4085,435,0,2020.06,7.02941,520,0,1148.92,39.1012,-51.5089,0
25.5401,5038.67,10.9907,620,0,4125.52,31.6532,-20.6819,0,3026.07,7.41142,435,0,2020.08,7.03306,520,0,1149.03,39.0995,-52.4977,0
25.5502,5038.7,10.9951,620,0,4125.61,31.6527,-21.1784,0,3026.09,7.41435,435,0,2020.1,7.0367,520,0,1149.13,39.0978,-53.485,0
25.5602,5038.73,10.9994,620,0,4125.7,31.6521,-21.674,0,3026.11,7.41728,435,0,2020.12,7.04034,520,0,1149.24,39.096,-54.4678,0
25.5703,5038.76,11.0037,620,0,4125.79,31.6514,-22.1681,0,3026.14,7.42021,435,0,2020.14,7.04398,520,0,1149.35,39.0942,-55.4471,0
25.5803,5038.79,11.0081,620,0,4125.87,31.6508,-22.6609,0,3026.16,7.42313,435,0,2020.16,7.04762,520,0,1149.46,39.0924,-56.424,0
25.5904,5038.82,11.0124,620,0,4125.96,31.6502,-23.152,0,3026.18,7.42606,435,0,2020.18,7.05126,520,0,1149.57,39.0905,-57.3974,0
25.601,5038.85,11.0168,620,0,4126.05,31.6495,-23.6419,0,3026.2,7.42899,435,0,2020.2,7.0549,520,0,1149.68,39.0886,-58.3683,0
25.6111,5038.88,11.0211,620,0,4126.14,31.6489,-24.131,0,3026.22,7.43191,435,0,2020.22,7.05854,520,0,1149.79,39.0867,-59.3348,0
25.6211,5038.91,11.0254,620,0,4126.23,31.6482,-24.618,0,3026.24,7.43484,435,0,2020.24,7.06218,520,0,1149.89,39.0847,-60.2988,0
25.6312,5038.94,11.0298,620,0,4126.31,31.6475,-25.1048,0,3026.26,7.43777,435,0,2020.26,7.06582,520,0,1150,39.0827,-61.2602,0
25.6413,5038.97,11.0341,620,0,4126.4,31.6468,-25.5893,0,3026.28,7.44069,435,0,2020.28,7.06946,520,0,1150.11,39.0807,-62.2178,0
25.6513,5039,11.0385,620,0,4126.49,31.6461,-26.0718,0,3026.3,7.44362,435,0,2020.3,7.0731,520,0,1150.22,39.0787,-63.1719,0
25.6614,5039.03,11.0428,620,0,4126.58,31.6453,-26.5516,0,3026.32,7.44655,435,0,2020.32,7.07674,520,0,1150.33,39.0766,-64.124,0
25.6715,5039.06,11.0471,620,0,4126.67,31.6446,-27.0308,0,3026.34,7.44948,435,0,2020.34,7.08038,520,0,1150.44,39.0745,-65.0722,0
25.6816,5039.09,11.0515,620,0,4126.75,31.6438,-27.5082,0,3026.36,7.4524,435,0,2020.36,7.08402,520,0,1150.55,39.0723,-66.0183,0
25.6916,5039.13,11.0558,620,0,4126.84,31.643,-27.984,0,3026.38,7.45533,435,0,2020.38,7.08766,520,0,1150.65,39.0702,-66.961,0
25.7017,5039.16,11.0602,620,0,4126.93,31.6423,-28.459,0,3026.4,7.45826,435,0,2020.4,7.0913,520,0,1150.76,39.068,-67.9003,0
25.7118,5039.19,11.0645,620,0,4127.02,31.6415,-28.9328,0,3026.43,7.46118,435,0,2020.42,7.09495,520,0,1150.87,39.0657,-68.8352,0
25.7218,5039.22,11.0688,620,0,4127.1,31.6406,-29.405,0,3026.45,7.46411,435,0,2020.44,7.09859,520,0,1150.98,39.0635,-69.7689,0
25.7319,5039.25,11.0732,620,0,4127.19,31.6398,-29.8764,0,3026.47,7.46704,435,0,2020.46,7.10223,520,0,1151.09,39.0612,-70.698,0
25.742,5039.28,11.0775,620,0,4127.28,31.639,-30.3457,0,3026.49,7.46997,435,0,2020.48,7.10587,520,0,1151.2,39.0589,-71.623,0
25.7521,5039.31,11.0819,620,0,4127.37,31.6381,-30.8147,0,3026.51,7.47289,435,0,2020.5,7.10951,520,0,1151.31,39.0565,-72.5452,0
25.7622,5039.34,11.0862,620,0,4127.46,31.6373,-31.282,0,3026.53,7.47582,435,0,2020.52,7.11315,520,0,1151.41,39.0541,-73.4649,0
25.7722,5039.37,11.0905,620,0,4127.54,31.6364,-31.7477,0,3026.55,7.47875,435,0,2020.54,7.11679,520,0,1151.52,39.0517,-74.3806,0
25.7823,5039.4,11.0949,620,0,4127.63,31.6355,-32.2127,0,3026.57,7.48167,435,0,2020.55,7.12043,520,0,1151.63,39.0493,-75.2944,0
25.7924,5039.43,11.0992,620,0,4127.72,31.6346,-32.6759,0,3026.59,7.4846,435,0,2020.57,7.12407,520,0,1151.74,39.0468,-76.2048,0
25.8024,5039.46,11.1036,620,0,4127.81,31.6337,-33.1385,0,3026.61,7.48753,435,0,2020.59,7.12771,520,0,1151.85,39.0443,-77.1117,0
25.8125,5039.49,11.1079,620,0,4127.9,31.6327,-33.5993,0,3026.63,7.49046,435,0,2020.61,7.13135,520,0,1151.96,39.0418,-78.0158,0
25.8226,5039.53,11.1123,620,0,4127.98,31.6318,-34.059,0,3026.65,7.49338,435,0,2020.63,7.13499,520,0,1152.06,39.0392,-78.9169,0
25.8327,5039.56,11.1166,620,0,4128.07,31.6308,-34.5175,0,3026.67,7.49631,435,0,2020.65,7.13863,520,0,1152.17,39.0366,-79.815,0
25.8427,5039.59,11.1209,620,0,4128.16,31.6299,-34.9752,0,3026.7,7.49924,435,0,2020.67,7.14227,520,0,1152.28,39.034,-80.7098,0
25.8528,5039.62,11.1253,620,0,4128.25,31.6289,-35.4304,0,3026.72,7.50216,435,0,2020.69,7.14591,520,0,1152.39,39.0314,-81.602,0
25.8629,5039.65,11.1296,620,0,4128.33,31.6279,-35.8834,0,3026.74,7.50509,435,0,2020.71,7.14955,520,0,1152.5,39.0287,-82.4923,0
25.8729,5039.68,11.134,620,0,4128.42,31.6269,-36.3344,0,3026.76,7.50802,435,0,2020.73,7.1532,520,0,1152.61,39.026,-83.3778,0
25.883,5039.71,11.1383,620,0,4128.51,31.6259,-36.7842,0,3026.78,7.51095,435,0,2020.75,7.15684,520,0,1152.71,39.0232,-84.2617,0
25.8931,5039.74,11.1426,620,0,4128.6,31.6249,-37.2336,0,3026.8,7.51387,435,0,2020.77,7.16048,520,0,1152.82,39.0205,-85.1418,0
25.9031,5039.77,11.147,620,0,4128.69,31.6238,-37.6805,0,3026.82,7.5168,435,0,2020.79,7.16412,520,0,1152.93,39.0177,-86.0208,0
25.9132,5039.8,11.1513,620,0,4128.77,31.6228,-38.1272,0,3026.84,7.51973,435,0,2020.81,7.16776,520,0,1153.04,39.0149,-86.8946,0
25.9233,5039.83,11.1557,620,0,4128.86,31.6217,-38.5726,0,3026.86,7.52265,435,0,2020.83,7.1714,520,0,1153.15,39.012,-87.7669,0
25.9333,5039.87,11.16,620,0,4128.95,31.6206,-39.016,0,3026.88,7.52558,435,0,2020.85,7.17504,520,0,1153.26,39.0092,-88.6361,0
25.9434,5039.9,11.1643,620,0,4129.04,31.6195,-39.4591,0,3026.9,7.52851,435,0,2020.87,7.17868,520,0,1153.36,39.0063,-89.5044,0
25.9535,5039.93,11.1687,620,0,4129.13,31.6184,-39.9,0,3026.92,7.53143,435,0,2020.89,7.18232,520,0,1153.47,39.0033,-90.3692,0
25.9635,5039.96,11.173,620,0,4129.21,31.6173,-40.3412,0,3026.95,7.53436,435,0,2020.91,7.18596,520,0,1153.58,39.0004,-91.2308,0
25.9736,5039.99,11.1774,620,0,4129.3,31.6162,-40.7793,0,3026.97,7.53729,435,0,2020.93,7.1896,520,0,1153.69,38.9974,-92.0908,0
25.9837,5040.02,11.1817,620,0,4129.39,31.615,-41.2167,0,3026.99,7.54022,435,0,2020.95,7.19324,520,0,1153.8,38.9944,-92.947,0
25.9938,5040.05,11.186,620,0,4129.48,31.6139,-41.6539,0,3027.01,7.54314,435,0,2020.97,7.19688,520,0,1153.91,38.9913,-93.7996,0
26.0038,5040.08,11.1904,620,0,4129.56,31.6127,-42.0894,0,3027.03,7.54607,435,0,2020.99,7.20052,520,0,1154.01,38.9882,-94.6491,0
26.0139,5040.11,11.1947,620,0,4129.65,31.6115,-42.5228,0,3027.05,7.549,435,0,2021.01,7.20416,520,0,1154.12,38.9852,-95.4947,0
26.024,5040.15,11.1991,620,0,4129.74,31.6104,-42.9564,0,3027.07,7.55192,435,0,2021.03,7.2078,520,0,1154.23,38.982,-96.3388,0
26.0341,5040.18,11.2034,620,0,4129.83,31.6092,-43.3879,0,3027.09,7.55485,435,0,2021.05,7.21144,520,0,1154.34,38.9789,-97.18,0
26.0441,5040.21,11.2077,620,0,4129.92,31.6079,-43.8187,0,3027.11,7.55778,435,0,2021.07,7.21509,520,0,1154.45,38.9757,-98.0169,0
26.0542,5040.24,11.2121,620,0,4130,31.6067,-44.2478,0,3027.13,7.56071,435,0,2021.09,7.21873,520,0,1154.56,38.9725,-98.851,0
26.0643,5040.27,11.2164,620,0,4130.09,31.6055,-44.6753,0,3027.16,7.56363,435,0,2021.11,7.22237,520,0,1154.66,38.9693,-99.6843,0
26.0744,5040.3,11.2208,620,0,4130.18,31.6042,-45.0998,0,3027.18,7.56656,435,0,2021.13,7.22601,520,0,1154.77,38.966,-100.513,0
26.0844,5040.33,11.2251,620,0,4130.27,31.603,-45.524,0,3027.2,7.56949,435,0,2021.15,7.22965,520,0,1154.88,38.9627,-101.34,0
26.0945,5040.36,11.2295,620,0,4130.35,31.6017,-45.9457,0,3027.22,7.57241,435,0,2021.17,7.23329,520,0,1154.99,38.9594,-102.165,0
26.1046,5040.39,11.2338,620,0,4130.44,31.6004,-46.3676,0,3027.24,7.57534,435,0,2021.19,7.23693,520,0,1155.1,38.9561,-102.984,0
26.1146,5040.43,11.2381,620,0,4130.53,31.5991,-46.7887,0,3027.26,7.57827,435,0,2021.21,7.24057,520,0,1155.21,38.9527,-103.804,0
26.1247,5040.46,11.2425,620,0,4130.62,31.5978,-47.2082,0,3027.28,7.5812,435,0,2021.23,7.24421,520,0,1155.31,38.9493,-104.618,0
26.1348,5040.49,11.2468,620,0,4130.71,31.5965,-47.6271,0,3027.3,7.58412,435,0,2021.25,7.24785,520,0,1155.42,38.9459,-105.432,0
26.1449,5040.52,11.2512,620,0,4130.79,31.5952,-48.0442,0,3027.32,7.58705,435,0,2021.27,7.25149,520,0,1155.53,38.9424,-106.242,0
26.1549,5040.55,11.2555,620,0,4130.88,31.5938,-48.4598,0,3027.35,7.58998,435,0,2021.29,7.25513,520,0,1155.64,38.939,-107.049,0
26.165,5040.58,11.2598,620,0,4130.97,31.5925,-48.8751,0,3027.37,7.5929,435,0,2021.31,7.25877,520,0,1155.75,38.9355,-107.854,0
26.1751,5040.61,11.2642,620,0,4131.06,31.5911,-49.2888,0,3027.39,7.59583,435,0,2021.33,7.26241,520,0,1155.85,38.9319,-108.655,0
26.1851,5040.64,11.2685,620,0,4131.14,31.5898,-49.7017,0,3027.41,7.59876,435,0,2021.35,7.26605,520,0,1155.96,38.9284,-109.456,0
26.1952,5040.68,11.2729,620,0,4131.23,31.5884,-50.1131,0,3027.43,7.60169,435,0,2021.37,7.26969,520,0,1156.07,38.9248,-110.252,0
26.2053,5040.71,11.2772,620,0,4131.32,31.587,-50.5228,0,3027.45,7.60461,435,0,2021.39,7.27334,520,0,1156.18,38.9212,-111.046,0
26.2153,5040.74,11.2815,620,0,4131.41,31.5856,-50.9322,0,3027.47,7.60754,435,0,2021.41,7.27698,520,0,1156.29,38.9176,-111.837,0
26.2254,5040.77,11.2859,620,0,4131.5,31.5841,-51.3405,0,3027.49,7.61047,435,0,2021.44,7.28062,520,0,1156.4,38.9139,-112.626,0
26.2355,5040.8,11.2902,620,0,4131.58,31.5827,-51.7476,0,3027.51,7.61339,435,0,2021.46,7.28426,520,0,1156.5,38.9103,-113.412,0
26.2455,5040.83,11.2946,620,0,4131.67,31.5813,-52.1527,0,3027.54,7.61632,435,0,2021.48,7.2879,520,0,1156.61,38.9066,-114.194,0
26.2556,5040.86,11.2989,620,0,4131.76,31.5798,-52.5574,0,3027.56,7.61925,435,0,2021.5,7.29154,520,0,1156.72,38.9028,-114.975,0
26.2657,5040.9,11.3032,620,0,4131.85,31.5784,-52.9611,0,3027.58,7.62218,435,0,2021.52,7.29518,520,0,1156.83,38.8991,-115.751,0
26.2758,5040.93,11.3076,620,0,4131.93,31.5769,-53.3617,0,3027.6,7.6251,435,0,2021.54,7.29882,520,0,1156.94,38.8953,-116.524,0
26.2858,5040.96,11.3119,620,0,4132.02,31.5754,-53.7607,0,3027.62,7.62803,435,0,2021.56,7.30246,520,0,1157.04,38.8915,-117.295,0
26.2959,5040.99,11.3163,620,0,4132.11,31.5739,-54.1586,0,3027.64,7.63096,435,0,2021.58,7.3061,520,0,1157.15,38.8877,-118.064,0
26.306,5041.02,11.3206,620,0,4132.2,31.5724,-54.5548,0,3027.66,7.63388,435,0,2021.6,7.30974,520,0,1157.26,38.8838,-118.829,0
26.316,5041.05,11.3249,620,0,4132.28,31.5709,-54.9508,0,3027.68,7.63681,435,0,2021.62,7.31338,520,0,1157.37,38.8799,-119.591,0
26.3261,5041.08,11.3293,620,0,4132.37,31.5693,-55.3451,0,3027.7,7.63974,435,0,2021.64,7.31702,520,0,1157.48,38.876,-120.353,0
26.3362,5041.12,11.3336,620,0,4132.46,31.5678,-55.7379,0,3027.73,7.64266,435,0,2021.66,7.32066,520,0,1157.58,38.8721,-121.11,0
26.3462,5041.15,11.338,620,0,4132.55,31.5662,-56.13,0,3027.75,7.64559,435,0,2021.68,7.3243,520,0,1157.69,38.8681,-121.865,0
26.3563,5041.18,11.3423,620,0,4132.64,31.5647,-56.5209,0,3027.77,7.64852,435,0,2021.7,7.32794,520,0,1157.8,38.8642,-122.619,0
26.3664,5041.21,11.3467,620,0,4132.72,31.5631,-56.912,0,3027.79,7.65145,435,0,2021.72,7.33158,520,0,1157.91,38.8602,-123.368,0
26.3764,5041.24,11.351,620,0,4132.81,31.5615,-57.3001,0,3027.81,7.65437,435,0,2021.74,7.33523,520,0,1158.02,38.8561,-124.116,0
26.3865,5041.27,11.3553,620,0,4132.9,31.5599,-57.6885,0,3027.83,7.6573,435,0,2021.76,7.33887,520,0,1158.12,38.8521,-124.861,0
26.3966,5041.31,11.3597,620,0,4132.99,31.5583,-58.0748,0,3027.85,7.66023,435,0,2021.78,7.34251,520,0,1158.23,38.848,-125.603,0
26.4066,5041.34,11.364,620,0,4133.07,31.5567,-58.4599,0,3027.87,7.66315,435,0,2021.8,7.34615,520,0,1158.34,38.8439,-126.344,0
26.4167,5041.37,11.3684,620,0,4133.16,31.5551,-58.8448,0,3027.9,7.66608,435,0,2021.82,7.34979,520,0,1158.45,38.8398,-127.081,0
26.4268,5041.4,11.3727,620,0,4133.25,31.5534,-59.2281,0,3027.92,7.66901,435,0,2021.84,7.35343,520,0,1158.55,38.8356,-127.815,0
26.4368,5041.43,11.377,620,0,4133.34,31.5518,-59.6098,0,3027.94,7.67194,435,0,2021.86,7.35707,520,0,1158.66,38.8315,-128.547,0
26.4469,5041.46,11.3814,620,0,4133.42,31.5501,-59.9912,0,3027.96,7.67486,435,0,2021.88,7.36071,520,0,1158.77,38.8273,-129.277,0
26.457,5041.49,11.3857,620,0,4133.51,31.5485,-60.3715,0,3027.98,7.67779,435,0,2021.9,7.36435,520,0,1158.88,38.8231,-130.005,0
26.467,5041.53,11.3901,620,0,4133.6,31.5468,-60.7502,0,3028,7.68072,435,0,2021.92,7.36799,520,0,1158.99,38.8188,-130.729,0
26.4771,5041.56,11.3944,620,0,4133.69,31.5451,-61.1272,0,3028.02,7.68364,435,0,2021.94,7.37163,520,0,1159.09,38.8146,-131.451,0
26.4872,5041.59,11.3987,620,0,4133.78,31.5434,-61.5018,0,3028.05,7.68657,435,0,2021.96,7.37527,520,0,1159.2,38.8103,-132.17,0
26.4973,5041.62,11.4031,620,0,4133.86,31.5417,-61.8752,0,3028.07,7.6895,435,0,2021.98,7.37891,520,0,1159.31,38.806,-132.887,0
26.5079,5041.65,11.4074,620,0,4133.95,31.54,-62.247,0,3028.09,7.69243,435,0,2022.01,7.38255,520,0,1159.42,38.8016,-133.602,0
26.518,5041.68,11.4118,620,0,4134.04,31.5382,-62.6186,0,3028.11,7.69535,435,0,2022.03,7.38619,520,0,1159.53,38.7973,-134.315,0
26.5281,5041.72,11.4161,620,0,4134.13,31.5365,-62.9881,0,3028.13,7.69828,435,0,2022.05,7.38983,520,0,1159.63,38.7929,-135.024,0
26.5382,5041.75,11.4204,620,0,4134.21,31.5347,-63.3569,0,3028.15,7.70121,435,0,2022.07,7.39348,520,0,1159.74,38.7885,-135.728,0
26.5484,5041.78,11.4248,620,0,4134.3,31.533,-63.7256,0,3028.17,7.70413,435,0,2022.09,7.39712,520,0,1159.85,38.7841,-136.433,0
26.5585,5041.81,11.4291,620,0,4134.39,31.5312,-64.0921,0,3028.19,7.70706,435,0,2022.11,7.40076,520,0,1159.96,38.7796,-137.132,0
26.5685,5041.84,11.4335,620,0,4134.48,31.5294,-64.458,0,3028.22,7.70999,435,0,2022.13,7.4044,520,0,1160.06,38.7752,-137.831,0
26.5786,5041.88,11.4378,620,0,4134.56,31.5276,-64.8232,0,3028.24,7.71292,435,0,2022.15,7.40804,520,0,1160.17,38.7707,-138.526,0
26.5887,5041.91,11.4421,620,0,4134.65,31.5258,-65.1867,0,3028.26,7.71584,435,0,2022.17,7.41168,520,0,1160.28,38.7661,-139.219,0
26.5988,5041.94,11.4465,620,0,4134.74,31.524,-65.5497,0,3028.28,7.71877,435,0,2022.19,7.41532,520,0,1160.39,38.7616,-139.91,0
26.6088,5041.97,11.4508,620,0,4134.83,31.5222,-65.9114,0,3028.3,7.7217,435,0,2022.21,7.41896,520,0,1160.49,38.7571,-140.598,0
26.6189,5042,11.4552,620,0,4134.91,31.5204,-66.2716,0,3028.32,7.72462,435,0,2022.23,7.4226,520,0,1160.6,38.7525,-141.285,0
26.629,5042.03,11.4595,620,0,4135,31.5185,-66.6306,0,3028.35,7.72755,435,0,2022.25,7.42624,520,0,1160.71,38.7479,-141.968,0
26.6391,5042.07,11.4639,620,0,4135.09,31.5167,-66.9894,0,3028.37,7.73048,435,0,2022.27,7.42988,520,0,1160.82,38.7432,-142.649,0
26.6491,5042.1,11.4682,620,0,4135.18,31.5148,-67.3466,0,3028.39,7.73341,435,0,2022.29,7.43352,520,0,1160.93,38.7386,-143.329,0
26.6592,5042.13,11.4725,620,0,4135.26,31.5129,-67.7032,0,3028.41,7.73633,435,0,2022.31,7.43716,520,0,1161.03,38.7339,-144.005,0
26.6693,5042.16,11.4769,620,0,4135.35,31.5111,-68.0586,0,3028.43,7.73926,435,0,2022.33,7.4408,520,0,1161.14,38.7292,-144.678,0
26.6793,5042.19,11.4812,620,0,4135.44,31.5092,-68.4124,0,3028.45,7.74219,435,0,2022.36,7.44444,520,0,1161.25,38.7245,-145.353,0
26.6894,5042.23,11.4856,620,0,4135.53,31.5073,-68.7637,0,3028.47,7.74511,435,0,2022.38,7.44808,520,0,1161.36,38.7198,-146.025,0
26.6995,5042.26,11.4899,620,0,4135.61,31.5053,-69.1139,0,3028.5,7.74804,435,0,2022.4,7.45172,520,0,1161.46,38.715,-146.695,0
26.7095,5042.29,11.4942,620,0,4135.7,31.5034,-69.463,0,3028.52,7.75097,435,0,2022.42,7.45537,520,0,1161.57,38.7102,-147.362,0
26.7196,5042.32,11.4986,620,0,4135.79,31.5015,-69.8105,0,3028.54,7.75389,435,0,2022.44,7.45901,520,0,1161.68,38.7054,-148.028,0
26.7297,5042.35,11.5029,620,0,4135.88,31.4996,-70.1572,0,3028.56,7.75682,435,0,2022.46,7.46265,520,0,1161.79,38.7006,-148.691,0
26.7397,5042.39,11.5073,620,0,4135.96,31.4976,-70.5029,0,3028.58,7.75975,435,0,2022.48,7.46629,520,0,1161.89,38.6958,-149.351,0
26.7498,5042.42,11.5116,620,0,4136.05,31.4956,-70.847,0,3028.6,7.76268,435,0,2022.5,7.46993,520,0,1162,38.6909,-150.008,0
26.7599,5042.45,11.5159,620,0,4136.14,31.4937,-71.1908,0,3028.62,7.7656,435,0,2022.52,7.47357,520,0,1162.11,38.686,-150.665,0
26.7699,5042.48,11.5203,620,0,4136.23,31.4917,-71.5336,0,3028.65,7.76853,435,0,2022.54,7.47721,520,0,1162.22,38.6811,-151.319,0
26.7801,5042.51,11.5246,620,0,4136.31,31.4897,-71.8756,0,3028.67,7.77146,435,0,2022.56,7.48085,520,0,1162.32,38.6762,-151.971,0
26.7902,5042.55,11.529,620,0,4136.4,31.4877,-72.2157,0,3028.69,7.77438,435,0,2022.58,7.48449,520,0,1162.43,38.6712,-152.619,0
26.8002,5042.58,11.5333,620,0,4136.49,31.4857,-72.5555,0,3028.71,7.77731,435,0,2022.6,7.48813,520,0,1162.54,38.6663,-153.264,0
26.8103,5042.61,11.5376,620,0,4136.58,31.4837,-72.8937,0,3028.73,7.78024,435,0,2022.63,7.49177,520,0,1162.65,38.6613,-153.906,0
26.8204,5042.64,11.542,620,0,4136.66,31.4817,-73.2313,0,3028.75,7.78317,435,0,2022.65,7.49541,520,0,1162.75,38.6563,-154.547,0
26.8304,5042.67,11.5463,620,0,4136.75,31.4796,-73.5677,0,3028.78,7.78609,435,0,2022.67,7.49905,520,0,1162.86,38.6512,-155.185,0
26.8405,5042.71,11.5507,620,0,4136.84,31.4776,-73.9031,0,3028.8,7.78902,435,0,2022.69,7.50269,520,0,1162.97,38.6462,-155.82,0
26.8506,5042.74,11.555,620,0,4136.93,31.4755,-74.2377,0,3028.82,7.79195,435,0,2022.71,7.50633,520,0,1163.07,38.6411,-156.454,0
26.8607,5042.77,11.5593,620,0,4137.01,31.4735,-74.5713,0,3028.84,7.79487,435,0,2022.73,7.50997,520,0,1163.18,38.636,-157.085,0
26.8707,5042.8,11.5637,620,0,4137.1,31.4714,-74.9041,0,3028.86,7.7978,435,0,2022.75,7.51362,520,0,1163.29,38.6309,-157.714,0
26.8809,5042.83,11.568,620,0,4137.19,31.4693,-75.235,0,3028.88,7.80073,435,0,2022.77,7.51726,520,0,1163.4,38.6258,-158.341,0
26.8909,5042.87,11.5724,620,0,4137.28,31.4672,-75.5652,0,3028.91,7.80366,435,0,2022.79,7.5209,520,0,1163.5,38.6206,-158.965,0
26.901,5042.9,11.5767,620,0,4137.36,31.4651,-75.892,0,3028.93,7.80658,435,0,2022.81,7.52454,520,0,1163.61,38.6154,-159.588,0
26.9111,5042.93,11.581,620,0,4137.45,31.463,-76.2176,0,3028.95,7.80951,435,0,2022.83,7.52818,520,0,1163.72,38.6102,-160.209,0
26.9211,5042.96,11.5854,620,0,4137.54,31.4609,-76.543,0,3028.97,7.81244,435,0,2022.85,7.53182,520,0,1163.83,38.605,-160.826,0
26.9312,5042.99,11.5897,620,0,4137.63,31.4588,-76.8674,0,3028.99,7.81536,435,0,2022.88,7.53546,520,0,1163.93,38.5998,-161.442,0
26.9413,5043.03,11.5941,620,0,4137.71,31.4567,-77.1906,0,3029.01,7.81829,435,0,2022.9,7.5391,520,0,1164.04,38.5945,-162.055,0
26.9513,5043.06,11.5984,620,0,4137.8,31.4545,-77.5132,0,3029.04,7.82122,435,0,2022.92,7.54274,520,0,1164.15,38.5892,-162.667,0
26.9614,5043.09,11.6028,620,0,4137.89,31.4524,-77.8337,0,3029.06,7.82415,435,0,2022.94,7.54638,520,0,1164.25,38.5839,-163.275,0
26.9715,5043.12,11.6071,620,0,4137.97,31.4502,-78.1546,0,3029.08,7.82707,435,0,2022.96,7.55002,520,0,1164.36,38.5786,-163.882,0
26.9815,5043.16,11.6114,620,0,4138.06,31.448,-78.4733,0,3029.1,7.83,435,0,2022.98,7.55366,520,0,1164.47,38.5733,-164.487,0
26.9916,5043.19,11.6158,620,0,4138.15,31.4459,-78.7919,0,3029.12,7.83293,435,0,2023,7.5573,520,0,1164.58,38.5679,-165.089,0
27.0017,5043.22,11.6201,620,0,4138.24,31.4437,-79.1094,0,3029.15,7.83585,435,0,2023.02,7.56094,520,0,1164.68,38.5626,-165.69,0
27.0118,5043.25,11.6245,620,0,4138.32,31.4415,-79.4253,0,3029.17,7.83878,435,0,2023.04,7.56458,520,0,1164.79,38.5572,-166.288,0
27.0219,5043.28,11.6288,620,0,4138.41,31.4393,-79.7405,0,3029.19,7.84171,435,0,2023.06,7.56822,520,0,1164.9,38.5518,-166.883,0
27.0321,5043.32,11.6331,620,0,4138.5,31.4371,-80.0551,0,3029.21,7.84463,435,0,2023.09,7.57186,520,0,1165,38.5463,-167.477,0
27.0421,5043.35,11.6375,620,0,4138.59,31.4348,-80.3686,0,3029.23,7.84756,435,0,2023.11,7.57551,520,0,1165.11,38.5409,-168.069,0
27.0522,5043.38,11.6418,620,0,4138.67,31.4326,-80.6814,0,3029.25,7.85049,435,0,2023.13,7.57915,520,0,1165.22,38.5354,-168.658,0
27.0623,5043.41,11.6462,620,0,4138.76,31.4304,-80.9927,0,3029.28,7.85342,435,0,2023.15,7.58279,520,0,1165.33,38.5299,-169.243,0
27.0723,5043.45,11.6505,620,0,4138.85,31.4281,-81.3024,0,3029.3,7.85634,435,0,2023.17,7.58643,520,0,1165.43,38.5244,-169.827,0
27.0824,5043.48,11.6548,620,0,4138.94,31.4259,-81.6119,0,3029.32,7.85927,435,0,2023.19,7.59007,520,0,1165.54,38.5189,-170.408,0
27.0925,5043.51,11.6592,620,0,4139.02,31.4236,-81.9213,0,3029.34,7.8622,435,0,2023.21,7.59371,520,0,1165.65,38.5133,-170.987,0
27.1026,5043.54,11.6635,620,0,4139.11,31.4213,-82.2267,0,3029.36,7.86512,435,0,2023.23,7.59735,520,0,1165.75,38.5078,-171.564,0
27.1127,5043.58,11.6679,620,0,4139.2,31.419,-82.5311,0,3029.38,7.86805,435,0,2023.25,7.60099,520,0,1165.86,38.5022,-172.14,0
27.1227,5043.61,11.6722,620,0,4139.28,31.4167,-82.8344,0,3029.41,7.87098,435,0,2023.28,7.60463,520,0,1165.97,38.4966,-172.711,0
27.1328,5043.64,11.6765,620,0,4139.37,31.4144,-83.1366,0,3029.43,7.87391,435,0,2023.3,7.60827,520,0,1166.07,38.491,-173.282,0
27.1429,5043.67,11.6809,620,0,4139.46,31.4121,-83.4385,0,3029.45,7.87683,435,0,2023.32,7.61191,520,0,1166.18,38.4853,-173.85,0
27.1541,5043.71,11.6852,620,0,4139.55,31.4098,-83.7394,0,3029.47,7.87976,435,0,2023.34,7.61555,520,0,1166.29,38.4797,-174.418,0
27.1642,5043.74,11.6896,620,0,4139.63,31.4075,-84.0383,0,3029.49,7.88269,435,0,2023.36,7.61919,520,0,1166.39,38.474,-174.982,0
27.1743,5043.77,11.6939,620,0,4139.72,31.4052,-84.3374,0,3029.52,7.88561,435,0,2023.38,7.62283,520,0,1166.5,38.4683,-175.545,0
27.1844,5043.8,11.6982,620,0,4139.81,31.4028,-84.635,0,3029.54,7.88854,435,0,2023.4,7.62647,520,0,1166.61,38.4626,-176.105,0
27.1944,5043.84,11.7026,620,0,4139.9,31.4005,-84.932,0,3029.56,7.89147,435,0,2023.42,7.63011,520,0,1166.72,38.4569,-176.662,0
27.2045,5043.87,11.7069,620,0,4139.98,31.3981,-85.2278,0,3029.58,7.8944,435,0,2023.44,7.63376,520,0,1166.82,38.4511,-177.219,0
27.2146,5043.9,11.7113,620,0,4140.07,31.3958,-85.5225,0,3029.6,7.89732,435,0,2023.47,7.6374,520,0,1166.93,38.4454,-177.772,0
27.2246,5043.93,11.7156,620,0,4140.16,31.3934,-85.8166,0,3029.63,7.90025,435,0,2023.49,7.64104,520,0,1167.04,38.4396,-178.328,0
27.2347,5043.97,11.72,620,0,4140.24,31.391,-86.1096,0,3029.65,7.90318,435,0,2023.51,7.64468,520,0,1167.14,38.4338,-178.881,0
27.2448,5044,11.7243,620,0,4140.33,31.3886,-86.402,0,3029.67,7.9061,435,0,2023.53,7.64832,520,0,1167.25,38.428,-179.433,0
27.2548,5044.03,11.7286,620,0,4140.42,31.3862,-86.6928,0,3029.69,7.90903,435,0,2023.55,7.65196,520,0,1167.36,38.4221,-179.982,0
27.2649,5044.06,11.733,620,0,4140.51,31.3838,-86.983,0,3029.71,7.91196,435,0,2023.57,7.6556,520,0,1167.46,38.4163,-180.53,0
27.275,5044.1,11.7373,620,0,4140.59,31.3814,-87.2721,0,3029.74,7.91489,435,0,2023.59,7.65924,520,0,1167.57,38.4104,-181.075,0
27.285,5044.13,11.7417,620,0,4140.68,31.379,-87.5605,0,3029.76,7.91781,435,0,2023.61,7.66288,520,0,1167.68,38.4045,-181.619,0
27.2951,5044.16,11.746,620,0,4140.77,31.3765,-87.8484,0,3029.78,7.92074,435,0,2023.64,7.66652,520,0,1167.78,38.3986,-182.16,0
27.3053,5044.19,11.7503,620,0,4140.85,31.3741,-88.1337,0,3029.8,7.92367,435,0,2023.66,7.67016,520,0,1167.89,38.3927,-182.7,0
27.3154,5044.23,11.7547,620,0,4140.94,31.3717,-88.4171,0,3029.82,7.92659,435,0,2023.68,7.6738,520,0,1168,38.3867,-183.236,0
27.3254,5044.26,11.759,620,0,4141.03,31.3692,-88.6998,0,3029.85,7.92952,435,0,2023.7,7.67744,520,0,1168.1,38.3808,-183.77,0
27.3355,5044.29,11.7634,620,0,4141.12,31.3668,-88.9814,0,3029.87,7.93245,435,0,2023.72,7.68108,520,0,1168.21,38.3748,-184.302,0
27.3456,5044.33,11.7677,620,0,4141.2,31.3643,-89.2624,0,3029.89,7.93538,435,0,2023.74,7.68472,520,0,1168.32,38.3688,-184.831,0
27.3556,5044.36,11.772,620,0,4141.29,31.3618,-89.5419,0,3029.91,7.9383,435,0,2023.76,7.68836,520,0,1168.42,38.3628,-185.359,0
27.3657,5044.39,11.7764,620,0,4141.38,31.3593,-89.8207,0,3029.93,7.94123,435,0,2023.79,7.692,520,0,1168.53,38.3567,-185.885,0
27.3758,5044.42,11.7807,620,0,4141.46,31.3568,-90.0984,0,3029.96,7.94416,435,0,2023.81,7.69565,520,0,1168.64,38.3507,-186.408,0
27.3859,5044.46,11.7851,620,0,4141.55,31.3543,-90.3755,0,3029.98,7.94708,435,0,2023.83,7.69929,520,0,1168.74,38.3446,-186.93,0
27.3959,5044.49,11.7894,620,0,4141.64,31.3518,-90.651,0,3030,7.95001,435,0,2023.85,7.70293,520,0,1168.85,38.3386,-187.449,0
27.406,5044.52,11.7937,620,0,4141.73,31.3493,-90.9269,0,3030.02,7.95294,435,0,2023.87,7.70657,520,0,1168.95,38.3325,-187.968,0
27.4161,5044.55,11.7981,620,0,4141.81,31.3468,-91.2012,0,3030.04,7.95586,435,0,2023.89,7.71021,520,0,1169.06,38.3264,-188.483,0
27.4262,5044.59,11.8024,620,0,4141.9,31.3443,-91.4749,0,3030.07,7.95879,435,0,2023.91,7.71385,520,0,1169.17,38.3202,-188.997,0
27.4362,5044.62,11.8068,620,0,4141.99,31.3417,-91.7466,0,3030.09,7.96172,435,0,2023.94,7.71749,520,0,1169.27,38.3141,-189.509,0
27.4463,5044.65,11.8111,620,0,4142.07,31.3392,-92.019,0,3030.11,7.96465,435,0,2023.96,7.72113,520,0,1169.38,38.3079,-190.02,0
27.4564,5044.69,11.8154,620,0,4142.16,31.3366,-92.289,0,3030.13,7.96757,435,0,2023.98,7.72477,520,0,1169.49,38.3017,-190.527,0
27.4664,5044.72,11.8198,620,0,4142.25,31.3341,-92.5597,0,3030.16,7.9705,435,0,2024,7.72841,520,0,1169.59,38.2955,-191.034,0
27.4765,5044.75,11.8241,620,0,4142.33,31.3315,-92.8289,0,3030.18,7.97343,435,0,2024.02,7.73205,520,0,1169.7,38.2893,-191.537,0
27.4866,5044.78,11.8285,620,0,4142.42,31.3289,-93.0961,0,3030.2,7.97635,435,0,2024.04,7.73569,520,0,1169.81,38.2831,-192.04,0
27.4967,5044.82,11.8328,620,0,4142.51,31.3264,-93.3636,0,3030.22,7.97928,435,0,2024.06,7.73933,520,0,1169.91,38.2769,-192.541,0
27.5071,5044.85,11.8372,620,0,4142.6,31.3238,-93.6295,0,3030.24,7.98221,435,0,2024.09,7.74297,520,0,1170.02,38.2706,-193.039,0
27.5172,5044.88,11.8415,620,0,4142.68,31.3212,-93.8934,0,3030.27,7.98514,435,0,2024.11,7.74661,520,0,1170.12,38.2643,-193.535,0
27.5273,5044.92,11.8458,620,0,4142.77,31.3186,-94.1554,0,3030.29,7.98806,435,0,2024.13,7.75025,520,0,1170.23,38.258,-194.03,0
27.5373,5044.95,11.8502,620,0,4142.86,31.316,-94.4167,0,3030.31,7.99099,435,0,2024.15,7.7539,520,0,1170.34,38.2517,-194.523,0
27.5474,5044.98,11.8545,620,0,4142.94,31.3133,-94.6775,0,3030.33,7.99392,435,0,2024.17,7.75754,520,0,1170.44,38.2454,-195.014,0
27.5575,5045.01,11.8589,620,0,4143.03,31.3107,-94.9371,0,3030.35,7.99684,435,0,2024.19,7.76118,520,0,1170.55,38.239,-195.503,0
27.5676,5045.05,11.8632,620,0,4143.12,31.3081,-95.1961,0,3030.38,7.99977,435,0,2024.21,7.76482,520,0,1170.66,38.2327,-195.989,0
27.5776,5045.08,11.8675,620,0,4143.2,31.3054,-95.4545,0,3030.4,8.0027,435,0,2024.24,7.76846,520,0,1170.76,38.2263,-196.475,0
27.5877,5045.11,11.8719,620,0,4143.29,31.3028,-95.7137,0,3030.42,8.00563,435,0,2024.26,7.7721,520,0,1170.87,38.2199,-196.955,0
27.5978,5045.15,11.8762,620,0,4143.38,31.3001,-95.9713,0,3030.44,8.00855,435,0,2024.28,7.77574,520,0,1170.97,38.2135,-197.435,0
27.6079,5045.18,11.8806,620,0,4143.47,31.2975,-96.2288,0,3030.47,8.01148,435,0,2024.3,7.77938,520,0,1171.08,38.2071,-197.914,0
27.618,5045.21,11.8849,620,0,4143.55,31.2948,-96.4848,0,3030.49,8.01441,435,0,2024.32,7.78302,520,0,1171.19,38.2007,-198.39,0
27.628,5045.25,11.8892,620,0,4143.64,31.2921,-96.7396,0,3030.51,8.01733,435,0,2024.34,7.78666,520,0,1171.29,38.1942,-198.864,0
27.6381,5045.28,11.8936,620,0,4143.73,31.2895,-96.9943,0,3030.53,8.02026,435,0,2024.37,7.7903,520,0,1171.4,38.1878,-199.336,0
27.6481,5045.31,11.8979,620,0,4143.81,31.2868,-97.248,0,3030.55,8.02319,435,0,2024.39,7.79394,520,0,1171.5,38.1813,-199.806,0
27.6582,5045.34,11.9023,620,0,4143.9,31.2841,-97.501,0,3030.58,8.02612,435,0,2024.41,7.79758,520,0,1171.61,38.1748,-200.275,0
27.6683,5045.38,11.9066,620,0,4143.99,31.2814,-97.752,0,3030.6,8.02904,435,0,2024.43,7.80122,520,0,1171.72,38.1683,-200.742,0
27.6784,5045.41,11.9109,620,0,4144.07,31.2787,-98.0034,0,3030.62,8.03197,435,0,2024.45,7.80486,520,0,1171.82,38.1617,-201.207,0
27.6884,5045.44,11.9153,620,0,4144.16,31.2759,-98.2537,0,3030.64,8.0349,435,0,2024.47,7.8085,520,0,1171.93,38.1552,-201.674,0
27.6984,5045.48,11.9196,620,0,4144.25,31.2732,-98.5033,0,3030.67,8.03782,435,0,2024.5,7.81214,520,0,1172.03,38.1487,-202.139,0
27.7085,5045.51,11.924,620,0,4144.33,31.2705,-98.7514,0,3030.69,8.04075,435,0,2024.52,7.81579,520,0,1172.14,38.1421,-202.604,0
27.7186,5045.54,11.9283,620,0,4144.42,31.2677,-98.9981,0,3030.71,8.04368,435,0,2024.54,7.81943,520,0,1172.25,38.1355,-203.065,0
27.7287,5045.58,11.9326,620,0,4144.51,31.265,-99.2418,0,3030.73,8.04661,435,0,2024.56,7.82307,520,0,1172.35,38.1289,-203.526,0
27.7387,5045.61,11.937,620,0,4144.59,31.2623,-99.4858,0,3030.76,8.04953,435,0,2024.58,7.82671,520,0,1172.46,38.1223,-203.983,0
27.7488,5045.64,11.9413,620,0,4144.68,31.2595,-99.7283,0,3030.78,8.05246,435,0,2024.6,7.83035,520,0,1172.56,38.1156,-204.439,0
27.7588,5045.68,11.9457,620,0,4144.77,31.2567,-99.9706,0,3030.8,8.05539,435,0,2024.63,7.83399,520,0,1172.67,38.109,-204.894,0
27.7689,5045.71,11.95,620,0,4144.86,31.254,-100.212,0,3030.82,8.05831,435,0,2024.65,7.83763,520,0,1172.78,38.1023,-205.348,0
27.779,5045.74,11.9544,620,0,4144.94,31.2512,-100.453,0,3030.85,8.06124,435,0,2024.67,7.84127,520,0,1172.88,38.0957,-205.799,0
27.7891,5045.78,11.9587,620,0,4145.03,31.2484,-100.692,0,3030.87,8.06417,435,0,2024.69,7.84491,520,0,1172.99,38.089,-206.247,0
27.7991,5045.81,11.963,620,0,4145.12,31.2456,-100.931,0,3030.89,8.06709,435,0,2024.71,7.84855,520,0,1173.09,38.0823,-206.696,0
27.8092,5045.84,11.9674,620,0,4145.2,31.2428,-101.169,0,3030.91,8.07002,435,0,2024.74,7.85219,520,0,1173.2,38.0756,-207.141,0
27.8193,5045.87,11.9717,620,0,4145.29,31.24,-101.406,0,3030.94,8.07295,435,0,2024.76,7.85583,520,0,1173.31,38.0688,-207.586,0
27.8293,5045.91,11.9761,620,0,4145.38,31.2372,-101.642,0,3030.96,8.07588,435,0,2024.78,7.85947,520,0,1173.41,38.0621,-208.028,0
27.8394,5045.94,11.9804,620,0,4145.46,31.2344,-101.878,0,3030.98,8.0788,435,0,2024.8,7.86311,520,0,1173.52,38.0553,-208.467,0
27.8495,5045.97,11.9847,620,0,4145.55,31.2316,-102.112,0,3031,8.08173,435,0,2024.82,7.86675,520,0,1173.62,38.0485,-208.904,0
27.8598,5046.01,11.9891,620,0,4145.64,31.2287,-102.346,0,3031.02,8.08466,435,0,2024.84,7.87039,520,0,1173.73,38.0418,-209.34,0
27.8698,5046.04,11.9934,620,0,4145.72,31.2259,-102.579,0,3031.05,8.08758,435,0,2024.87,7.87404,520,0,1173.83,38.035,-209.773,0
27.8799,5046.07,11.9978,620,0,4145.81,31.223,-102.811,0,3031.07,8.09051,435,0,2024.89,7.87768,520,0,1173.94,38.0281,-210.205,0
27.89,5046.11,12.0021,620,0,4145.9,31.2202,-103.042,0,3031.09,8.09344,435,0,2024.91,7.88132,520,0,1174.04,38.0213,-210.635,0
27.9001,5046.14,12.0064,620,0,4145.98,31.2173,-103.273,0,3031.11,8.09637,435,0,2024.93,7.88496,520,0,1174.15,38.0145,-211.064,0
27.9101,5046.17,12.0108,620,0,4146.07,31.2145,-103.502,0,3031.14,8.09929,435,0,2024.95,7.8886,520,0,1174.26,38.0076,-211.49,0
27.9202,5046.21,12.0151,620,0,4146.16,31.2116,-103.731,0,3031.16,8.10222,435,0,2024.98,7.89224,520,0,1174.36,38.0007,-211.915,0
27.9303,5046.24,12.0195,620,0,4146.24,31.2087,-103.957,0,3031.18,8.10515,435,0,2025,7.89588,520,0,1174.47,37.9938,-212.338,0
27.9404,5046.27,12.0238,620,0,4146.33,31.2059,-104.182,0,3031.2,8.10807,435,0,2025.02,7.89952,520,0,1174.57,37.9869,-212.76,0
27.9507,5046.31,12.0281,620,0,4146.42,31.203,-104.406,0,3031.23,8.111,435,0,2025.04,7.90316,520,0,1174.68,37.98,-213.18,0
27.9608,5046.34,12.0325,620,0,4146.5,31.2001,-104.63,0,3031.25,8.11393,435,0,2025.06,7.9068,520,0,1174.78,37.9731,-213.597,0
27.9709,5046.38,12.0368,620,0,4146.59,31.1972,-104.852,0,3031.27,8.11686,435,0,2025.09,7.91044,520,0,1174.89,37.9662,-214.014,0
27.981,5046.41,12.0412,620,0,4146.68,31.1943,-105.073,0,3031.29,8.11978,435,0,2025.11,7.91408,520,0,1174.99,37.9592,-214.429,0
27.991,5046.44,12.0455,620,0,4146.76,31.1914,-105.295,0,3031.32,8.12271,435,0,2025.13,7.91772,520,0,1175.1,37.9522,-214.842,0
28.0011,5046.48,12.0498,620,0,4146.85,31.1884,-105.516,0,3031.34,8.12564,435,0,2025.15,7.92136,520,0,1175.21,37.9453,-215.253,0
28.0112,5046.51,12.0542,620,0,4146.94,31.1855,-105.735,0,3031.36,8.12856,435,0,2025.17,7.925,520,0,1175.31,37.9383,-215.663,0
28.0212,5046.54,12.0585,620,0,4147.02,31.1826,-105.953,0,3031.39,8.13149,435,0,2025.2,7.92864,520,0,1175.42,37.9312,-216.071,0
28.0313,5046.58,12.0629,620,0,4147.11,31.1797,-106.172,0,3031.41,8.13442,435,0,2025.22,7.93228,520,0,1175.52,37.9242,-216.477,0
28.0414,5046.61,12.0672,620,0,4147.2,31.1767,-106.389,0,3031.43,8.13735,435,0,2025.24,7.93593,520,0,1175.63,37.9172,-216.881,0
28.0514,5046.64,12.0716,620,0,4147.28,31.1738,-106.605,0,3031.45,8.14027,435,0,2025.26,7.93957,520,0,1175.73,37.9101,-217.285,0
28.0615,5046.68,12.0759,620,0,4147.37,31.1708,-106.821,0,3031.48,8.1432,435,0,2025.28,7.94321,520,0,1175.84,37.9031,-217.686,0
28.0716,5046.71,12.0802,620,0,4147.46,31.1679,-107.036,0,3031.5,8.14613,435,0,2025.31,7.94685,520,0,1175.94,37.896,-218.086,0
28.0817,5046.74,12.0846,620,0,4147.54,31.1649,-107.249,0,3031.52,8.14905,435,0,2025.33,7.95049,520,0,1176.05,37.8889,-218.483,0
28.0917,5046.78,12.0889,620,0,4147.63,31.1619,-107.463,0,3031.54,8.15198,435,0,2025.35,7.95413,520,0,1176.15,37.8818,-218.88,0
28.1018,5046.81,12.0933,620,0,4147.72,31.1589,-107.675,0,3031.57,8.15491,435,0,2025.37,7.95777,520,0,1176.26,37.8747,-219.276,0
28.1119,5046.84,12.0976,620,0,4147.8,31.156,-107.887,0,3031.59,8.15783,435,0,2025.39,7.96141,520,0,1176.36,37.8676,-219.672,0
28.1219,5046.88,12.1019,620,0,4147.89,31.153,-108.098,0,3031.61,8.16076,435,0,2025.42,7.96505,520,0,1176.47,37.8605,-220.066,0
28.132,5046.91,12.1063,620,0,4147.98,31.15,-108.306,0,3031.63,8.16369,435,0,2025.44,7.96869,520,0,1176.57,37.8533,-220.459,0
28.1421,5046.95,12.1106,620,0,4148.06,31.147,-108.513,0,3031.66,8.16662,435,0,2025.46,7.97233,520,0,1176.68,37.8461,-220.85,0
28.1522,5046.98,12.115,620,0,4148.15,31.144,-108.72,0,3031.68,8.16954,435,0,2025.48,7.97597,520,0,1176.78,37.839,-221.239,0
28.1623,5047.01,12.1193,620,0,4148.24,31.141,-108.925,0,3031.7,8.17247,435,0,2025.51,7.97961,520,0,1176.89,37.8318,-221.626,0
28.1723,5047.05,12.1236,620,0,4148.32,31.1379,-109.13,0,3031.73,8.1754,435,0,2025.53,7.98325,520,0,1176.99,37.8246,-222.013,0
28.1824,5047.08,12.128,620,0,4148.41,31.1349,-109.334,0,3031.75,8.17832,435,0,2025.55,7.98689,520,0,1177.1,37.8174,-222.397,0
28.1925,5047.11,12.1323,620,0,4148.49,31.1319,-109.538,0,3031.77,8.18125,435,0,2025.57,7.99053,520,0,1177.2,37.8101,-222.781,0
28.2025,5047.15,12.1367,620,0,4148.58,31.1289,-109.74,0,3031.79,8.18418,435,0,2025.59,7.99418,520,0,1177.31,37.8029,-223.162,0
28.2126,5047.18,12.141,620,0,4148.67,31.1258,-109.941,0,3031.82,8.18711,435,0,2025.62,7.99782,520,0,1177.41,37.7957,-223.542,0
28.2227,5047.22,12.1453,620,0,4148.75,31.1228,-110.143,0,3031.84,8.19003,435,0,2025.64,8.00146,520,0,1177.52,37.7884,-223.919,0
28.2327,5047.25,12.1497,620,0,4148.84,31.1197,-110.343,0,3031.86,8.19296,435,0,2025.66,8.0051,520,0,1177.62,37.7811,-224.296,0
28.2428,5047.28,12.154,620,0,4148.93,31.1167,-110.543,0,3031.88,8.19589,435,0,2025.68,8.00874,520,0,1177.73,37.7738,-224.672,0
28.2529,5047.32,12.1584,620,0,4149.01,31.1136,-110.741,0,3031.91,8.19881,435,0,2025.71,8.01238,520,0,1177.83,37.7665,-225.045,0
28.263,5047.35,12.1627,620,0,4149.1,31.1105,-110.939,0,3031.93,8.20174,435,0,2025.73,8.01602,520,0,1177.94,37.7592,-225.417,0
28.2731,5047.38,12.167,620,0,4149.19,31.1075,-111.137,0,3031.95,8.20467,435,0,2025.75,8.01966,520,0,1178.04,37.7519,-225.788,0
28.2831,5047.42,12.1714,620,0,4149.27,31.1044,-111.333,0,3031.98,8.2076,435,0,2025.77,8.0233,520,0,1178.15,37.7446,-226.156,0
28.2932,5047.45,12.1757,620,0,4149.36,31.1013,-111.529,0,3032,8.21052,435,0,2025.79,8.02694,520,0,1178.25,37.7372,-226.523,0
28.3033,5047.49,12.1801,620,0,4149.45,31.0982,-111.724,0,3032.02,8.21345,435,0,2025.82,8.03058,520,0,1178.36,37.7299,-226.888,0
28.3133,5047.52,12.1844,620,0,4149.53,31.0951,-111.918,0,3032.04,8.21638,435,0,2025.84,8.03422,520,0,1178.46,37.7225,-227.252,0
28.3234,5047.55,12.1888,620,0,4149.62,31.092,-112.112,0,3032.07,8.2193,435,0,2025.86,8.03786,520,0,1178.57,37.7151,-227.615,0
28.3335,5047.59,12.1931,620,0,4149.7,31.0889,-112.303,0,3032.09,8.22223,435,0,2025.88,8.0415,520,0,1178.67,37.7077,-227.976,0
28.3436,5047.62,12.1974,620,0,4149.79,31.0858,-112.494,0,3032.11,8.22516,435,0,2025.91,8.04514,520,0,1178.78,37.7003,-228.336,0
28.3536,5047.65,12.2018,620,0,4149.88,31.0827,-112.682,0,3032.14,8.22809,435,0,2025.93,8.04878,520,0,1178.88,37.6929,-228.694,0
28.3637,5047.69,12.2061,620,0,4149.96,31.0796,-112.871,0,3032.16,8.23101,435,0,2025.95,8.05242,520,0,1178.99,37.6855,-229.049,0
28.3738,5047.72,12.2105,620,0,4150.05,31.0764,-113.059,0,3032.18,8.23394,435,0,2025.97,8.05607,520,0,1179.09,37.678,-229.402,0
28.3838,5047.76,12.2148,620,0,4150.14,31.0733,-113.246,0,3032.2,8.23687,435,0,2026,8.05971,520,0,1179.2,37.6706,-229.754,0
28.3939,5047.79,12.2191,620,0,4150.22,31.0702,-113.432,0,3032.23,8.23979,435,0,2026.02,8.06335,520,0,1179.3,37.6631,-230.104,0
28.404,5047.82,12.2235,620,0,4150.31,31.067,-113.617,0,3032.25,8.24272,435,0,2026.04,8.06699,520,0,1179.41,37.6556,-230.452,0
28.4141,5047.86,12.2278,620,0,4150.39,31.0639,-113.802,0,3032.27,8.24565,435,0,2026.06,8.07063,520,0,1179.51,37.6481,-230.799,0
28.4241,5047.89,12.2322,620,0,4150.48,31.0607,-113.986,0,3032.3,8.24858,435,0,2026.09,8.07427,520,0,1179.61,37.6406,-231.144,0
28.4342,5047.93,12.2365,620,0,4150.57,31.0576,-114.169,0,3032.32,8.2515,435,0,2026.11,8.07791,520,0,1179.72,37.6331,-231.488,0
28.4443,5047.96,12.2408,620,0,4150.65,31.0544,-114.352,0,3032.34,8.25443,435,0,2026.13,8.08155,520,0,1179.82,37.6256,-231.83,0
28.4543,5047.99,12.2452,620,0,4150.74,31.0512,-114.534,0,3032.36,8.25736,435,0,2026.15,8.08519,520,0,1179.93,37.6181,-232.171,0
28.4644,5048.03,12.2495,620,0,4150.83,31.0481,-114.715,0,3032.39,8.26028,435,0,2026.18,8.08883,520,0,1180.03,37.6106,-232.512,0
28.4745,5048.06,12.2539,620,0,4150.91,31.0449,-114.896,0,3032.41,8.26321,435,0,2026.2,8.09247,520,0,1180.14,37.603,-232.849,0
28.4845,5048.1,12.2582,620,0,4151,31.0417,-115.075,0,3032.43,8.26614,435,0,2026.22,8.09611,520,0,1180.24,37.5954,-233.186,0
28.4946,5048.13,12.2625,620,0,4151.08,31.0385,-115.254,0,3032.46,8.26906,435,0,2026.24,8.09975,520,0,1180.35,37.5879,-233.523,0
28.5047,5048.16,12.2669,620,0,4151.17,31.0353,-115.433,0,3032.48,8.27199,435,0,2026.27,8.10339,520,0,1180.45,37.5803,-233.862,0
28.5147,5048.2,12.2712,620,0,4151.26,31.0321,-115.61,0,3032.5,8.27492,435,0,2026.29,8.10703,520,0,1180.55,37.5727,-234.2,0
28.5248,5048.23,12.2756,620,0,4151.34,31.0289,-115.787,0,3032.53,8.27785,435,0,2026.31,8.11067,520,0,1180.66,37.5651,-234.536,0
28.5349,5048.27,12.2799,620,0,4151.43,31.0257,-115.963,0,3032.55,8.28077,435,0,2026.33,8.11432,520,0,1180.76,37.5575,-234.868,0
28.545,5048.3,12.2842,620,0,4151.52,31.0225,-116.136,0,3032.57,8.2837,435,0,2026.36,8.11796,520,0,1180.87,37.5498,-235.201,0
28.555,5048.34,12.2886,620,0,4151.6,31.0193,-116.309,0,3032.59,8.28663,435,0,2026.38,8.1216,520,0,1180.97,37.5422,-235.532,0
28.5651,5048.37,12.2929,620,0,4151.69,31.0161,-116.481,0,3032.62,8.28955,435,0,2026.4,8.12524,520,0,1181.08,37.5345,-235.862,0
28.5752,5048.4,12.2973,620,0,4151.77,31.0129,-116.652,0,3032.64,8.29248,435,0,2026.42,8.12888,520,0,1181.18,37.5269,-236.19,0
28.5852,5048.44,12.3016,620,0,4151.86,31.0096,-116.824,0,3032.66,8.29541,435,0,2026.45,8.13252,520,0,1181.28,37.5192,-236.516,0
28.5953,5048.47,12.306,620,0,4151.95,31.0064,-116.996,0,3032.69,8.29834,435,0,2026.47,8.13616,520,0,1181.39,37.5115,-236.842,0
28.6054,5048.51,12.3103,620,0,4152.03,31.0031,-117.167,0,3032.71,8.30126,435,0,2026.49,8.1398,520,0,1181.49,37.5038,-237.166,0
28.6154,5048.54,12.3146,620,0,4152.12,30.9999,-117.337,0,3032.73,8.30419,435,0,2026.51,8.14344,520,0,1181.6,37.4961,-237.488,0
28.6255,5048.57,12.319,620,0,4152.2,30.9967,-117.507,0,3032.76,8.30712,435,0,2026.54,8.14708,520,0,1181.7,37.4884,-237.808,0
28.6356,5048.61,12.3233,620,0,4152.29,30.9934,-117.675,0,3032.78,8.31004,435,0,2026.56,8.15072,520,0,1181.81,37.4807,-238.125,0
28.6456,5048.64,12.3277,620,0,4152.38,30.9901,-117.844,0,3032.8,8.31297,435,0,2026.58,8.15436,520,0,1181.91,37.473,-238.442,0
28.6557,5048.68,12.332,620,0,4152.46,30.9869,-118.013,0,3032.82,8.3159,435,0,2026.6,8.158,520,0,1182.01,37.4652,-238.757,0
28.6658,5048.71,12.3363,620,0,4152.55,30.9836,-118.179,0,3032.85,8.31883,435,0,2026.63,8.16164,520,0,1182.12,37.4575,-239.069,0
28.6759,5048.75,12.3407,620,0,4152.64,30.9803,-118.346,0,3032.87,8.32175,435,0,2026.65,8.16528,520,0,1182.22,37.4497,-239.382,0
28.6859,5048.78,12.345,620,0,4152.72,30.9771,-118.511,0,3032.89,8.32468,435,0,2026.67,8.16892,520,0,1182.33,37.4419,-239.693,0
28.696,5048.81,12.3494,620,0,4152.81,30.9738,-118.676,0,3032.92,8.32761,435,0,2026.69,8.17256,520,0,1182.43,37.4341,-240.001,0
28.7061,5048.85,12.3537,620,0,4152.89,30.9705,-118.84,0,3032.94,8.33053,435,0,2026.72,8.17621,520,0,1182.53,37.4264,-240.309,0
28.7161,5048.88,12.358,620,0,4152.98,30.9672,-119.004,0,3032.96,8.33346,435,0,2026.74,8.17985,520,0,1182.64,37.4186,-240.615,0
28.7262,5048.92,12.3624,620,0,4153.07,30.9639,-119.166,0,3032.99,8.33639,435,0,2026.76,8.18349,520,0,1182.74,37.4107,-240.921,0
28.7363,5048.95,12.3667,620,0,4153.15,30.9606,-119.329,0,3033.01,8.33932,435,0,2026.79,8.18713,520,0,1182.85,37.4029,-241.224,0
28.7463,5048.99,12.3711,620,0,4153.24,30.9573,-119.488,0,3033.03,8.34224,435,0,2026.81,8.19077,520,0,1182.95,37.3951,-241.526,0
28.7564,5049.02,12.3754,620,0,4153.32,30.954,-119.646,0,3033.06,8.34517,435,0,2026.83,8.19441,520,0,1183.05,37.3872,-241.827,0
28.7665,5049.05,12.3797,620,0,4153.41,30.9507,-119.804,0,3033.08,8.3481,435,0,2026.85,8.19805,520,0,1183.16,37.3794,-242.127,0
28.7766,5049.09,12.3841,620,0,4153.5,30.9474,-119.961,0,3033.1,8.35102,435,0,2026.88,8.20169,520,0,1183.26,37.3715,-242.425,0
28.7866,5049.12,12.3884,620,0,4153.58,30.944,-120.118,0,3033.13,8.35395,435,0,2026.9,8.20533,520,0,1183.36,37.3637,-242.721,0
28.7967,5049.16,12.3928,620,0,4153.67,30.9407,-120.274,0,3033.15,8.35688,435,0,2026.92,8.20897,520,0,1183.47,37.3558,-243.016,0
28.8068,5049.19,12.3971,620,0,4153.75,30.9374,-120.429,0,3033.17,8.35981,435,0,2026.95,8.21261,520,0,1183.57,37.3479,-243.31,0
28.8169,5049.23,12.4014,620,0,4153.84,30.9341,-120.584,0,3033.2,8.36273,435,0,2026.97,8.21625,520,0,1183.68,37.34,-243.603,0
28.8269,5049.26,12.4058,620,0,4153.93,30.9307,-120.739,0,3033.22,8.36566,435,0,2026.99,8.21989,520,0,1183.78,37.3321,-243.894,0
28.837,5049.3,12.4101,620,0,4154.01,30.9274,-120.891,0,3033.24,8.36859,435,0,2027.01,8.22353,520,0,1183.88,37.3241,-244.184,0
28.8471,5049.33,12.4145,620,0,4154.1,30.924,-121.044,0,3033.27,8.37151,435,0,2027.04,8.22717,520,0,1183.99,37.3162,-244.472,0
28.8572,5049.36,12.4188,620,0,4154.18,30.9207,-121.196,0,3033.29,8.37444,435,0,2027.06,8.23081,520,0,1184.09,37.3083,-244.76,0
28.8672,5049.4,12.4231,620,0,4154.27,30.9173,-121.347,0,3033.31,8.37737,435,0,2027.08,8.23446,520,0,1184.19,37.3003,-245.051,0
28.8773,5049.43,12.4275,620,0,4154.35,30.914,-121.498,0,3033.33,8.38029,435,0,2027.11,8.2381,520,0,1184.3,37.2924,-245.34,0
28.8874,5049.47,12.4318,620,0,4154.44,30.9106,-121.648,0,3033.36,8.38322,435,0,2027.13,8.24174,520,0,1184.4,37.2844,-245.627,0
28.8977,5049.5,12.4362,620,0,4154.53,30.9072,-121.797,0,3033.38,8.38615,435,0,2027.15,8.24538,520,0,1184.5,37.2764,-245.912,0
28.9077,5049.54,12.4405,620,0,4154.61,30.9039,-121.947,0,3033.4,8.38908,435,0,2027.17,8.24902,520,0,1184.61,37.2685,-246.196,0
28.9178,5049.57,12.4449,620,0,4154.7,30.9005,-122.094,0,3033.43,8.392,435,0,2027.2,8.25266,520,0,1184.71,37.2605,-246.478,0
28.9279,5049.61,12.4492,620,0,4154.78,30.8971,-122.242,0,3033.45,8.39493,435,0,2027.22,8.2563,520,0,1184.81,37.2525,-246.759,0
28.9379,5049.64,12.4535,620,0,4154.87,30.8937,-122.389,0,3033.47,8.39786,435,0,2027.24,8.25994,520,0,1184.92,37.2444,-247.039,0
28.948,5049.68,12.4579,620,0,4154.96,30.8903,-122.533,0,3033.5,8.40078,435,0,2027.27,8.26358,520,0,1185.02,37.2364,-247.317,0
28.9581,5049.71,12.4622,620,0,4155.04,30.8869,-122.676,0,3033.52,8.40371,435,0,2027.29,8.26722,520,0,1185.13,37.2284,-247.594,0
28.9682,5049.75,12.4666,620,0,4155.13,30.8835,-122.819,0,3033.54,8.40664,435,0,2027.31,8.27086,520,0,1185.23,37.2204,-247.87,0
28.9782,5049.78,12.4709,620,0,4155.21,30.8801,-122.961,0,3033.57,8.40957,435,0,2027.33,8.2745,520,0,1185.33,37.2123,-248.144,0
28.9883,5049.81,12.4752,620,0,4155.3,30.8767,-123.102,0,3033.59,8.41249,435,0,2027.36,8.27814,520,0,1185.44,37.2042,-248.418,0
28.9984,5049.85,12.4796,620,0,4155.38,30.8733,-123.243,0,3033.61,8.41542,435,0,2027.38,8.28178,520,0,1185.54,37.1962,-248.689,0
29.0084,5049.88,12.4839,620,0,4155.47,30.8699,-123.383,0,3033.64,8.41835,435,0,2027.4,8.28542,520,0,1185.64,37.1881,-248.959,0
29.0185,5049.92,12.4883,620,0,4155.56,30.8665,-123.523,0,3033.66,8.42127,435,0,2027.43,8.28906,520,0,1185.75,37.18,-249.229,0
29.0286,5049.95,12.4926,620,0,4155.64,30.8631,-123.661,0,3033.69,8.4242,435,0,2027.45,8.2927,520,0,1185.85,37.1719,-249.496,0
29.0387,5049.99,12.4969,620,0,4155.73,30.8597,-123.799,0,3033.71,8.42713,435,0,2027.47,8.29635,520,0,1185.95,37.1638,-249.763,0
29.0487,5050.02,12.5013,620,0,4155.81,30.8562,-123.937,0,3033.73,8.43006,435,0,2027.5,8.29999,520,0,1186.06,37.1557,-250.028,0
29.0588,5050.06,12.5056,620,0,4155.9,30.8528,-124.073,0,3033.76,8.43298,435,0,2027.52,8.30363,520,0,1186.16,37.1476,-250.292,0
29.0689,5050.09,12.51,620,0,4155.98,30.8494,-124.21,0,3033.78,8.43591,435,0,2027.54,8.30727,520,0,1186.26,37.1395,-250.555,0
29.079,5050.13,12.5143,620,0,4156.07,30.8459,-124.346,0,3033.8,8.43884,435,0,2027.56,8.31091,520,0,1186.36,37.1313,-250.816,0
29.0891,5050.16,12.5186,620,0,4156.16,30.8425,-124.48,0,3033.83,8.44176,435,0,2027.59,8.31455,520,0,1186.47,37.1232,-251.077,0
29.0991,5050.2,12.523,620,0,4156.24,30.839,-124.616,0,3033.85,8.44469,435,0,2027.61,8.31819,520,0,1186.57,37.115,-251.336,0
29.1092,5050.23,12.5273,620,0,4156.33,30.8356,-124.749,0,3033.87,8.44762,435,0,2027.63,8.32183,520,0,1186.67,37.1069,-251.593,0
29.1193,5050.27,12.5317,620,0,4156.41,30.8321,-124.882,0,3033.9,8.45055,435,0,2027.66,8.32547,520,0,1186.78,37.0987,-251.849,0
29.1293,5050.3,12.536,620,0,4156.5,30.8287,-125.015,0,3033.92,8.45347,435,0,2027.68,8.32911,520,0,1186.88,37.0905,-252.105,0
29.1394,5050.34,12.5403,620,0,4156.58,30.8252,-125.147,0,3033.94,8.4564,435,0,2027.7,8.33275,520,0,1186.98,37.0824,-252.358,0
29.1495,5050.37,12.5447,620,0,4156.67,30.8218,-125.277,0,3033.97,8.45933,435,0,2027.73,8.33639,520,0,1187.09,37.0742,-252.609,0
29.1596,5050.41,12.549,620,0,4156.76,30.8183,-125.405,0,3033.99,8.46225,435,0,2027.75,8.34003,520,0,1187.19,37.066,-252.859,0
29.1696,5050.44,12.5534,620,0,4156.84,30.8148,-125.533,0,3034.01,8.46518,435,0,2027.77,8.34367,520,0,1187.29,37.0578,-253.107,0
29.1797,5050.48,12.5577,620,0,4156.93,30.8114,-125.66,0,3034.04,8.46811,435,0,2027.8,8.34731,520,0,1187.39,37.0495,-253.353,0
29.1898,5050.51,12.5621,620,0,4157.01,30.8079,-125.787,0,3034.06,8.47103,435,0,2027.82,8.35095,520,0,1187.5,37.0413,-253.6,0
29.1998,5050.54,12.5664,620,0,4157.1,30.8044,-125.913,0,3034.08,8.47396,435,0,2027.84,8.3546,520,0,1187.6,37.0331,-253.844,0
29.2111,5050.58,12.5707,620,0,4157.18,30.8009,-126.039,0,3034.11,8.47689,435,0,2027.87,8.35824,520,0,1187.7,37.0248,-254.087,0
29.2211,5050.61,12.5751,620,0,4157.27,30.7974,-126.164,0,3034.13,8.47982,435,0,2027.89,8.36188,520,0,1187.81,37.0166,-254.334,0
29.2312,5050.65,12.5794,620,0,4157.35,30.7939,-126.288,0,3034.15,8.48274,435,0,2027.91,8.36552,520,0,1187.91,37.0083,-254.581,0
29.2413,5050.68,12.5838,620,0,4157.44,30.7904,-126.411,0,3034.18,8.48567,435,0,2027.94,8.36916,520,0,1188.01,37.0001,-254.826,0
29.2514,5050.72,12.5881,620,0,4157.53,30.7869,-126.534,0,3034.2,8.4886,435,0,2027.96,8.3728,520,0,1188.11,36.9918,-255.069,0
29.2614,5050.75,12.5924,620,0,4157.61,30.7834,-126.657,0,3034.23,8.49152,435,0,2027.98,8.37644,520,0,1188.22,36.9835,-255.312,0
29.2715,5050.79,12.5968,620,0,4157.7,30.7799,-126.779,0,3034.25,8.49445,435,0,2028.01,8.38008,520,0,1188.32,36.9752,-255.552,0
29.2816,5050.82,12.6011,620,0,4157.78,30.7764,-126.9,0,3034.27,8.49738,435,0,2028.03,8.38372,520,0,1188.42,36.9669,-255.792,0
29.2917,5050.86,12.6055,620,0,4157.87,30.7729,-127.021,0,3034.3,8.50031,435,0,2028.05,8.38736,520,0,1188.53,36.9586,-256.031,0
29.3017,5050.89,12.6098,620,0,4157.95,30.7694,-127.141,0,3034.32,8.50323,435,0,2028.08,8.391,520,0,1188.63,36.9503,-256.269,0
29.3118,5050.93,12.6141,620,0,4158.04,30.7659,-127.261,0,3034.34,8.50616,435,0,2028.1,8.39464,520,0,1188.73,36.942,-256.505,0
29.3219,5050.96,12.6185,620,0,4158.12,30.7624,-127.379,0,3034.37,8.50909,435,0,2028.12,8.39828,520,0,1188.83,36.9337,-256.739,0
29.3319,5051,12.6228,620,0,4158.21,30.7588,-127.498,0,3034.39,8.51201,435,0,2028.15,8.40192,520,0,1188.94,36.9253,-256.974,0
29.342,5051.03,12.6272,620,0,4158.29,30.7553,-127.615,0,3034.41,8.51494,435,0,2028.17,8.40556,520,0,1189.04,36.917,-257.206,0
29.3521,5051.07,12.6315,620,0,4158.38,30.7518,-127.732,0,3034.44,8.51787,435,0,2028.19,8.4092,520,0,1189.14,36.9086,-257.437,0
29.3621,5051.1,12.6358,620,0,4158.47,30.7482,-127.846,0,3034.46,8.5208,435,0,2028.22,8.41284,520,0,1189.24,36.9003,-257.668,0
29.3722,5051.14,12.6402,620,0,4158.55,30.7447,-127.96,0,3034.49,8.52372,435,0,2028.24,8.41649,520,0,1189.35,36.8919,-257.898,0
29.3823,5051.18,12.6445,620,0,4158.64,30.7412,-128.073,0,3034.51,8.52665,435,0,2028.26,8.42013,520,0,1189.45,36.8836,-258.126,0
29.3923,5051.21,12.6489,620,0,4158.72,30.7376,-128.185,0,3034.53,8.52958,435,0,2028.29,8.42377,520,0,1189.55,36.8752,-258.352,0
29.4024,5051.25,12.6532,620,0,4158.81,30.7341,-128.297,0,3034.56,8.5325,435,0,2028.31,8.42741,520,0,1189.65,36.8668,-258.577,0
29.4125,5051.28,12.6575,620,0,4158.89,30.7305,-128.409,0,3034.58,8.53543,435,0,2028.33,8.43105,520,0,1189.76,36.8584,-258.8,0
29.4225,5051.32,12.6619,620,0,4158.98,30.727,-128.52,0,3034.6,8.53836,435,0,2028.36,8.43469,520,0,1189.86,36.85,-259.02,0
29.4326,5051.35,12.6662,620,0,4159.06,30.7234,-128.63,0,3034.63,8.54129,435,0,2028.38,8.43833,520,0,1189.96,36.8416,-259.242,0
29.4427,5051.39,12.6706,620,0,4159.15,30.7198,-128.74,0,3034.65,8.54421,435,0,2028.4,8.44197,520,0,1190.06,36.8332,-259.461,0
29.4527,5051.42,12.6749,620,0,4159.23,30.7163,-128.85,0,3034.68,8.54714,435,0,2028.43,8.44561,520,0,1190.16,36.8248,-259.678,0
29.4628,5051.46,12.6793,620,0,4159.32,30.7127,-128.961,0,3034.7,8.55007,435,0,2028.45,8.44925,520,0,1190.27,36.8163,-259.895,0
29.4729,5051.49,12.6836,620,0,4159.4,30.7091,-129.071,0,3034.72,8.55299,435,0,2028.47,8.45289,520,0,1190.37,36.8079,-260.11,0
29.4829,5051.53,12.6879,620,0,4159.49,30.7056,-129.18,0,3034.75,8.55592,435,0,2028.5,8.45653,520,0,1190.47,36.7994,-260.325,0
29.493,5051.56,12.6923,620,0,4159.57,30.702,-129.289,0,3034.77,8.55885,435,0,2028.52,8.46017,520,0,1190.57,36.791,-260.538,0
29.5031,5051.6,12.6966,620,0,4159.66,30.6984,-129.397,0,3034.79,8.56178,435,0,2028.54,8.46381,520,0,1190.68,36.7825,-260.75,0
29.5131,5051.63,12.701,620,0,4159.75,30.6948,-129.505,0,3034.82,8.5647,435,0,2028.57,8.46745,520,0,1190.78,36.7741,-260.961,0
29.5232,5051.67,12.7053,620,0,4159.83,30.6913,-129.613,0,3034.84,8.56763,435,0,2028.59,8.47109,520,0,1190.88,36.7656,-261.17,0
29.5333,5051.7,12.7096,620,0,4159.92,30.6877,-129.72,0,3034.87,8.57056,435,0,2028.61,8.47474,520,0,1190.98,36.7571,-261.38,0
29.5446,5051.74,12.714,620,0,4160,30.6841,-129.826,0,3034.89,8.57348,435,0,2028.64,8.47838,520,0,1191.08,36.7486,-261.587,0
29.5551,5051.77,12.7183,620,0,4160.09,30.6805,-129.931,0,3034.91,8.57641,435,0,2028.66,8.48202,520,0,1191.19,36.7402,-261.793,0
29.5651,5051.81,12.7227,620,0,4160.17,30.6769,-130.034,0,3034.94,8.57934,435,0,2028.68,8.48566,520,0,1191.29,36.7317,-262.004,0
29.5752,5051.84,12.727,620,0,4160.26,30.6733,-130.136,0,3034.96,8.58226,435,0,2028.71,8.4893,520,0,1191.39,36.7232,-262.212,0
29.5853,5051.88,12.7313,620,0,4160.34,30.6697,-130.238,0,3034.98,8.58519,435,0,2028.73,8.49294,520,0,1191.49,36.7146,-262.42,0
29.5953,5051.92,12.7357,620,0,4160.43,30.6661,-130.34,0,3035.01,8.58812,435,0,2028.76,8.49658,520,0,1191.59,36.7061,-262.628,0
29.6054,5051.95,12.74,620,0,4160.51,30.6625,-130.44,0,3035.03,8.59105,435,0,2028.78,8.50022,520,0,1191.7,36.6976,-262.835,0
29.6155,5051.99,12.7444,620,0,4160.6,30.6589,-130.54,0,3035.06,8.59397,435,0,2028.8,8.50386,520,0,1191.8,36.6891,-263.039,0
29.6259,5052.02,12.7487,620,0,4160.68,30.6553,-130.639,0,3035.08,8.5969,435,0,2028.83,8.5075,520,0,1191.9,36.6805,-263.243,0
29.636,5052.06,12.753,620,0,4160.77,30.6516,-130.738,0,3035.1,8.59983,435,0,2028.85,8.51114,520,0,1192,36.672,-263.446,0
29.6461,5052.09,12.7574,620,0,4160.85,30.648,-130.837,0,3035.13,8.60275,435,0,2028.87,8.51478,520,0,1192.1,36.6634,-263.647,0
29.6562,5052.13,12.7617,620,0,4160.94,30.6444,-130.934,0,3035.15,8.60568,435,0,2028.9,8.51842,520,0,1192.21,36.6549,-263.848,0
29.6662,5052.16,12.7661,620,0,4161.02,30.6408,-131.032,0,3035.18,8.60861,435,0,2028.92,8.52206,520,0,1192.31,36.6463,-264.046,0
29.6763,5052.2,12.7704,620,0,4161.11,30.6372,-131.129,0,3035.2,8.61154,435,0,2028.94,8.5257,520,0,1192.41,36.6377,-264.242,0
29.6865,5052.23,12.7747,620,0,4161.19,30.6335,-131.225,0,3035.22,8.61446,435,0,2028.97,8.52934,520,0,1192.51,36.6292,-264.438,0
29.6966,5052.27,12.7791,620,0,4161.28,30.6299,-131.321,0,3035.25,8.61739,435,0,2028.99,8.53298,520,0,1192.61,36.6206,-264.632,0
29.7066,5052.31,12.7834,620,0,4161.36,30.6263,-131.416,0,3035.27,8.62032,435,0,2029.02,8.53663,520,0,1192.71,36.612,-264.825,0
29.7167,5052.34,12.7878,620,0,4161.45,30.6226,-131.511,0,3035.3,8.62324,435,0,2029.04,8.54027,520,0,1192.82,36.6034,-265.018,0
29.7268,5052.38,12.7921,620,0,4161.53,30.619,-131.605,0,3035.32,8.62617,435,0,2029.06,8.54391,520,0,1192.92,36.5948,-265.209,0
29.7368,5052.41,12.7965,620,0,4161.62,30.6153,-131.698,0,3035.34,8.6291,435,0,2029.09,8.54755,520,0,1193.02,36.5862,-265.399,0
29.747,5052.45,12.8008,620,0,4161.7,30.6117,-131.791,0,3035.37,8.63203,435,0,2029.11,8.55119,520,0,1193.12,36.5776,-265.587,0
29.7571,5052.48,12.8051,620,0,4161.79,30.6081,-131.884,0,3035.39,8.63495,435,0,2029.13,8.55483,520,0,1193.22,36.569,-265.774,0
29.7671,5052.52,12.8095,620,0,4161.87,30.6044,-131.973,0,3035.42,8.63788,435,0,2029.16,8.55847,520,0,1193.32,36.5603,-265.961,0
29.7772,5052.55,12.8138,620,0,4161.96,30.6008,-132.063,0,3035.44,8.64081,435,0,2029.18,8.56211,520,0,1193.43,36.5517,-266.147,0
29.7873,5052.59,12.8182,620,0,4162.04,30.5971,-132.151,0,3035.46,8.64373,435,0,2029.21,8.56575,520,0,1193.53,36.5431,-266.332,0
29.7973,5052.63,12.8225,620,0,4162.13,30.5934,-132.239,0,3035.49,8.64666,435,0,2029.23,8.56939,520,0,1193.63,36.5344,-266.516,0
29.8074,5052.66,12.8268,620,0,4162.21,30.5898,-132.327,0,3035.51,8.64959,435,0,2029.25,8.57303,520,0,1193.73,36.5258,-266.697,0
29.8175,5052.7,12.8312,620,0,4162.3,30.5861,-132.414,0,3035.54,8.65252,435,0,2029.28,8.57667,520,0,1193.83,36.5171,-266.878,0
29.8275,5052.73,12.8355,620,0,4162.38,30.5825,-132.501,0,3035.56,8.65544,435,0,2029.3,8.58031,520,0,1193.93,36.5085,-267.059,0
29.8376,5052.77,12.8399,620,0,4162.47,30.5788,-132.586,0,3035.58,8.65837,435,0,2029.33,8.58395,520,0,1194.03,36.4998,-267.237,0
29.8477,5052.8,12.8442,620,0,4162.55,30.5751,-132.672,0,3035.61,8.6613,435,0,2029.35,8.58759,520,0,1194.14,36.4911,-267.415,0
29.8578,5052.84,12.8485,620,0,4162.64,30.5715,-132.757,0,3035.63,8.66422,435,0,2029.37,8.59123,520,0,1194.24,36.4824,-267.592,0
29.8678,5052.88,12.8529,620,0,4162.72,30.5678,-132.841,0,3035.66,8.66715,435,0,2029.4,8.59488,520,0,1194.34,36.4737,-267.768,0
29.8781,5052.91,12.8572,620,0,4162.81,30.5641,-132.925,0,3035.68,8.67008,435,0,2029.42,8.59852,520,0,1194.44,36.4651,-267.943,0
29.8881,5052.95,12.8616,620,0,4162.89,30.5604,-133.009,0,3035.7,8.67301,435,0,2029.44,8.60216,520,0,1194.54,36.4564,-268.117,0
29.8982,5052.98,12.8659,620,0,4162.98,30.5567,-133.091,0,3035.73,8.67593,435,0,2029.47,8.6058,520,0,1194.64,36.4477,-268.294,0
29.9083,5053.02,12.8702,620,0,4163.06,30.5531,-133.174,0,3035.75,8.67886,435,0,2029.49,8.60944,520,0,1194.74,36.439,-268.471,0
29.9183,5053.05,12.8746,620,0,4163.15,30.5494,-133.257,0,3035.78,8.68179,435,0,2029.52,8.61308,520,0,1194.84,36.4302,-268.648,0
29.9288,5053.09,12.8789,620,0,4163.23,30.5457,-133.337,0,3035.8,8.68471,435,0,2029.54,8.61672,520,0,1194.95,36.4215,-268.822,0
29.9389,5053.13,12.8833,620,0,4163.32,30.542,-133.418,0,3035.82,8.68764,435,0,2029.56,8.62036,520,0,1195.05,36.4128,-268.993,0
29.9489,5053.16,12.8876,620,0,4163.4,30.5383,-133.499,0,3035.85,8.69057,435,0,2029.59,8.624,520,0,1195.15,36.4041,-269.165,0
29.959,5053.2,12.8919,620,0,4163.49,30.5346,-133.578,0,3035.87,8.69349,435,0,2029.61,8.62764,520,0,1195.25,36.3953,-269.335,0
29.9691,5053.23,12.8963,620,0,4163.57,30.5309,-133.656,0,3035.9,8.69642,435,0,2029.64,8.63128,520,0,1195.35,36.3866,-269.505,0
29.9792,5053.27,12.9006,620,0,4163.66,30.5272,-133.732,0,3035.92,8.69935,435,0,2029.66,8.63492,520,0,1195.45,36.3778,-269.673,0
29.9892,5053.3,12.905,620,0,4163.74,30.5235,-133.808,0,3035.95,8.70228,435,0,2029.68,8.63856,520,0,1195.55,36.3691,-269.839,0
29.9993,5053.34,12.9093,620,0,4163.83,30.5198,-133.884,0,3035.97,8.7052,435,0,2029.71,8.6422,520,0,1195.65,36.3603,-270.006,0
30.0094,5053.38,12.9137,620,0,4163.91,30.5161,-133.959,0,3035.99,8.70813,435,0,2029.73,8.64584,520,0,1195.75,36.3516,-270.171,0
30.0195,5053.41,12.918,620,0,4164,30.5124,-134.034,0,3036.02,8.71106,435,0,2029.76,8.64948,520,0,1195.86,36.3428,-270.335,0
30.0295,5053.45,12.9223,620,0,4164.08,30.5087,-134.108,0,3036.04,8.71398,435,0,2029.78,8.65312,520,0,1195.96,36.334,-270.498,0
30.0396,5053.48,12.9267,620,0,4164.16,30.505,-134.181,0,3036.07,8.71691,435,0,2029.8,8.65677,520,0,1196.06,36.3253,-270.66,0
30.0497,5053.52,12.931,620,0,4164.25,30.5013,-134.254,0,3036.09,8.71984,435,0,2029.83,8.66041,520,0,1196.16,36.3165,-270.821,0
30.0598,5053.56,12.9354,620,0,4164.33,30.4976,-134.326,0,3036.11,8.72277,435,0,2029.85,8.66405,520,0,1196.26,36.3077,-270.981,0
30.0698,5053.59,12.9397,620,0,4164.42,30.4939,-134.399,0,3036.14,8.72569,435,0,2029.88,8.66769,520,0,1196.36,36.2989,-271.139,0
30.0799,5053.63,12.944,620,0,4164.5,30.4901,-134.47,0,3036.16,8.72862,435,0,2029.9,8.67133,520,0,1196.46,36.2901,-271.297,0
30.09,5053.66,12.9484,620,0,4164.59,30.4864,-134.541,0,3036.19,8.73155,435,0,2029.92,8.67497,520,0,1196.56,36.2813,-271.454,0
30.1001,5053.7,12.9527,620,0,4164.67,30.4827,-134.612,0,3036.21,8.73447,435,0,2029.95,8.67861,520,0,1196.66,36.2725,-271.611,0
30.1101,5053.74,12.9571,620,0,4164.76,30.479,-134.682,0,3036.24,8.7374,435,0,2029.97,8.68225,520,0,1196.76,36.2637,-271.766,0
30.1202,5053.77,12.9614,620,0,4164.84,30.4752,-134.752,0,3036.26,8.74033,435,0,2030,8.68589,520,0,1196.86,36.2548,-271.919,0
30.1303,5053.81,12.9657,620,0,4164.93,30.4715,-134.821,0,3036.28,8.74326,435,0,2030.02,8.68953,520,0,1196.96,36.246,-272.072,0
30.1403,5053.84,12.9701,620,0,4165.01,30.4678,-134.89,0,3036.31,8.74618,435,0,2030.05,8.69317,520,0,1197.06,36.2372,-272.224,0
30.1504,5053.88,12.9744,620,0,4165.1,30.4641,-134.958,0,3036.33,8.74911,435,0,2030.07,8.69681,520,0,1197.17,36.2284,-272.375,0
30.1605,5053.92,12.9788,620,0,4165.18,30.4603,-135.025,0,3036.36,8.75204,435,0,2030.09,8.70045,520,0,1197.27,36.2195,-272.526,0
30.1705,5053.95,12.9831,620,0,4165.27,30.4566,-135.091,0,3036.38,8.75496,435,0,2030.12,8.70409,520,0,1197.37,36.2107,-272.675,0
30.1806,5053.99,12.9874,620,0,4165.35,30.4529,-135.155,0,3036.41,8.75789,435,0,2030.14,8.70773,520,0,1197.47,36.2018,-272.823,0
30.1907,5054.02,12.9918,620,0,4165.43,30.4491,-135.219,0,3036.43,8.76082,435,0,2030.17,8.71137,520,0,1197.57,36.193,-272.968,0
30.2008,5054.06,12.9961,620,0,4165.52,30.4454,-135.282,0,3036.45,8.76375,435,0,2030.19,8.71502,520,0,1197.67,36.1841,-273.112,0
30.2109,5054.1,13.0005,620,0,4165.6,30.4416,-135.345,0,3036.48,8.76667,435,0,2030.21,8.71866,520,0,1197.77,36.1753,-273.255,0
30.2209,5054.13,13.0048,620,0,4165.69,30.4379,-135.408,0,3036.5,8.7696,435,0,2030.24,8.7223,520,0,1197.87,36.1664,-273.4,0
30.231,5054.17,13.0091,620,0,4165.77,30.4341,-135.471,0,3036.53,8.77253,435,0,2030.26,8.72594,520,0,1197.97,36.1575,-273.546,0
30.2411,5054.2,13.0135,620,0,4165.86,30.4304,-135.531,0,3036.55,8.77545,435,0,2030.29,8.72958,520,0,1198.07,36.1486,-273.693,0
30.2512,5054.24,13.0178,620,0,4165.94,30.4266,-135.593,0,3036.58,8.77838,435,0,2030.31,8.73322,520,0,1198.17,36.1398,-273.838,0
30.2613,5054.28,13.0222,620,0,4166.03,30.4229,-135.654,0,3036.6,8.78131,435,0,2030.34,8.73686,520,0,1198.27,36.1309,-273.982,0
30.2714,5054.31,13.0265,620,0,4166.11,30.4191,-135.716,0,3036.63,8.78423,435,0,2030.36,8.7405,520,0,1198.37,36.122,-274.125,0
30.2814,5054.35,13.0309,620,0,4166.2,30.4154,-135.778,0,3036.65,8.78716,435,0,2030.38,8.74414,520,0,1198.47,36.1131,-274.267,0
30.2915,5054.39,13.0352,620,0,4166.28,30.4116,-135.84,0,3036.67,8.79009,435,0,2030.41,8.74778,520,0,1198.57,36.1042,-274.408,0
30.3016,5054.42,13.0395,620,0,4166.36,30.4079,-135.901,0,3036.7,8.79302,435,0,2030.43,8.75142,520,0,1198.67,36.0953,-274.549,0
30.3116,5054.46,13.0439,620,0,4166.45,30.4041,-135.962,0,3036.72,8.79594,435,0,2030.46,8.75506,520,0,1198.77,36.0864,-274.688,0
30.3217,5054.49,13.0482,620,0,4166.53,30.4004,-136.021,0,3036.75,8.79887,435,0,2030.48,8.7587,520,0,1198.87,36.0775,-274.826,0
30.3318,5054.53,13.0526,620,0,4166.62,30.3966,-136.081,0,3036.77,8.8018,435,0,2030.51,8.76234,520,0,1198.97,36.0685,-274.964,0
30.3419,5054.57,13.0569,620,0,4166.7,30.3928,-136.141,0,3036.8,8.80472,435,0,2030.53,8.76598,520,0,1199.07,36.0596,-275.1,0
30.3519,5054.6,13.0612,620,0,4166.79,30.3891,-136.199,0,3036.82,8.80765,435,0,2030.55,8.76962,520,0,1199.17,36.0507,-275.236,0
30.362,5054.64,13.0656,620,0,4166.87,30.3853,-136.258,0,3036.85,8.81058,435,0,2030.58,8.77326,520,0,1199.27,36.0418,-275.37,0
30.3721,5054.68,13.0699,620,0,4166.96,30.3815,-136.314,0,3036.87,8.81351,435,0,2030.6,8.77691,520,0,1199.37,36.0328,-275.504,0
30.3821,5054.71,13.0743,620,0,4167.04,30.3778,-136.369,0,3036.89,8.81643,435,0,2030.63,8.78055,520,0,1199.47,36.0239,-275.637,0
30.3922,5054.75,13.0786,620,0,4167.12,30.374,-136.423,0,3036.92,8.81936,435,0,2030.65,8.78419,520,0,1199.57,36.0149,-275.769,0
30.4023,5054.78,13.0829,620,0,4167.21,30.3702,-136.478,0,3036.94,8.82229,435,0,2030.68,8.78783,520,0,1199.67,36.006,-275.899,0
30.4123,5054.82,13.0873,620,0,4167.29,30.3664,-136.531,0,3036.97,8.82521,435,0,2030.7,8.79147,520,0,1199.77,35.997,-276.029,0
30.4224,5054.86,13.0916,620,0,4167.38,30.3627,-136.585,0,3036.99,8.82814,435,0,2030.73,8.79511,520,0,1199.87,35.9881,-276.158,0
30.4325,5054.89,13.096,620,0,4167.46,30.3589,-136.638,0,3037.02,8.83107,435,0,2030.75,8.79875,520,0,1199.97,35.9791,-276.287,0
30.4425,5054.93,13.1003,620,0,4167.55,30.3551,-136.69,0,3037.04,8.834,435,0,2030.77,8.80239,520,0,1200.07,35.9702,-276.413,0
30.4526,5054.97,13.1046,620,0,4167.63,30.3513,-136.742,0,3037.07,8.83692,435,0,2030.8,8.80603,520,0,1200.17,35.9612,-276.537,0
30.4627,5055,13.109,620,0,4167.71,30.3475,-136.794,0,3037.09,8.83985,435,0,2030.82,8.80967,520,0,1200.27,35.9522,-276.661,0
30.4727,5055.04,13.1133,620,0,4167.8,30.3438,-136.844,0,3037.12,8.84278,435,0,2030.85,8.81331,520,0,1200.37,35.9432,-276.783,0
30.4828,5055.08,13.1177,620,0,4167.88,30.34,-136.895,0,3037.14,8.8457,435,0,2030.87,8.81695,520,0,1200.47,35.9343,-276.905,0
30.4929,5055.11,13.122,620,0,4167.97,30.3362,-136.945,0,3037.16,8.84863,435,0,2030.9,8.82059,520,0,1200.57,35.9253,-277.026,0
30.503,5055.15,13.1263,620,0,4168.05,30.3324,-136.995,0,3037.19,8.85156,435,0,2030.92,8.82423,520,0,1200.67,35.9163,-277.145,0
30.5131,5055.19,13.1307,620,0,4168.14,30.3286,-137.045,0,3037.21,8.85449,435,0,2030.95,8.82787,520,0,1200.77,35.9073,-277.264,0
30.5232,5055.22,13.135,620,0,4168.22,30.3248,-137.093,0,3037.24,8.85741,435,0,2030.97,8.83151,520,0,1200.87,35.8983,-277.382,0
30.5333,5055.26,13.1394,620,0,4168.3,30.321,-137.142,0,3037.26,8.86034,435,0,2030.99,8.83516,520,0,1200.97,35.8893,-277.5,0
30.5434,5055.29,13.1437,620,0,4168.39,30.3172,-137.189,0,3037.29,8.86327,435,0,2031.02,8.8388,520,0,1201.07,35.8803,-277.618,0
30.5535,5055.33,13.1481,620,0,4168.47,30.3134,-137.237,0,3037.31,8.86619,435,0,2031.04,8.84244,520,0,1201.17,35.8713,-277.739,0
30.5636,5055.37,13.1524,620,0,4168.56,30.3096,-137.284,0,3037.34,8.86912,435,0,2031.07,8.84608,520,0,1201.27,35.8623,-277.859,0
30.5737,5055.4,13.1567,620,0,4168.64,30.3058,-137.33,0,3037.36,8.87205,435,0,2031.09,8.84972,520,0,1201.37,35.8533,-277.978,0
30.5838,5055.44,13.1611,620,0,4168.73,30.302,-137.373,0,3037.39,8.87498,435,0,2031.12,8.85336,520,0,1201.47,35.8442,-278.096,0
30.5951,5055.48,13.1654,620,0,4168.81,30.2982,-137.416,0,3037.41,8.8779,435,0,2031.14,8.857,520,0,1201.57,35.8352,-278.214,0
30.6051,5055.51,13.1698,620,0,4168.89,30.2944,-137.459,0,3037.44,8.88083,435,0,2031.17,8.86064,520,0,1201.67,35.8262,-278.33,0
30.6152,5055.55,13.1741,620,0,4168.98,30.2906,-137.502,0,3037.46,8.88376,435,0,2031.19,8.86428,520,0,1201.77,35.8172,-278.447,0
30.6253,5055.59,13.1784,620,0,4169.06,30.2868,-137.544,0,3037.48,8.88668,435,0,2031.22,8.86792,520,0,1201.87,35.8081,-278.561,0
30.6354,5055.62,13.1828,620,0,4169.15,30.283,-137.586,0,3037.51,8.88961,435,0,2031.24,8.87156,520,0,1201.97,35.7991,-278.675,0
30.6454,5055.66,13.1871,620,0,4169.23,30.2792,-137.627,0,3037.53,8.89254,435,0,2031.27,8.8752,520,0,1202.07,35.7901,-278.788,0
30.6555,5055.7,13.1915,620,0,4169.31,30.2754,-137.668,0,3037.56,8.89546,435,0,2031.29,8.87884,520,0,1202.17,35.781,-278.9,0
30.6661,5055.73,13.1958,620,0,4169.4,30.2716,-137.708,0,3037.58,8.89839,435,0,2031.31,8.88248,520,0,1202.26,35.772,-279.011,0
30.6761,5055.77,13.2001,620,0,4169.48,30.2678,-137.749,0,3037.61,8.90132,435,0,2031.34,8.88612,520,0,1202.36,35.7629,-279.122,0
30.6862,5055.81,13.2045,620,0,4169.57,30.264,-137.788,0,3037.63,8.90425,435,0,2031.36,8.88976,520,0,1202.46,35.7538,-279.231,0
30.6963,5055.84,13.2088,620,0,4169.65,30.2602,-137.827,0,3037.66,8.90717,435,0,2031.39,8.89341,520,0,1202.56,35.7448,-279.34,0
30.7064,5055.88,13.2132,620,0,4169.73,30.2564,-137.866,0,3037.68,8.9101,435,0,2031.41,8.89705,520,0,1202.66,35.7357,-279.446,0
30.7164,5055.92,13.2175,620,0,4169.82,30.2526,-137.905,0,3037.71,8.91303,435,0,2031.44,8.90069,520,0,1202.76,35.7267,-279.551,0
30.7265,5055.95,13.2218,620,0,4169.9,30.2487,-137.942,0,3037.73,8.91595,435,0,2031.46,8.90433,520,0,1202.86,35.7176,-279.656,0
30.7366,5055.99,13.2262,620,0,4169.99,30.2449,-137.98,0,3037.76,8.91888,435,0,2031.49,8.90797,520,0,1202.96,35.7085,-279.759,0
30.7467,5056.03,13.2305,620,0,4170.07,30.2411,-138.017,0,3037.78,8.92181,435,0,2031.51,8.91161,520,0,1203.06,35.6994,-279.861,0
30.7567,5056.06,13.2349,620,0,4170.15,30.2373,-138.053,0,3037.81,8.92474,435,0,2031.54,8.91525,520,0,1203.16,35.6904,-279.963,0
30.7668,5056.1,13.2392,620,0,4170.24,30.2335,-138.089,0,3037.83,8.92766,435,0,2031.56,8.91889,520,0,1203.26,35.6813,-280.064,0
30.7769,5056.14,13.2435,620,0,4170.32,30.2297,-138.124,0,3037.86,8.93059,435,0,2031.59,8.92253,520,0,1203.36,35.6722,-280.164,0
30.7869,5056.17,13.2479,620,0,4170.41,30.2258,-138.157,0,3037.88,8.93352,435,0,2031.61,8.92617,520,0,1203.46,35.6631,-280.262,0
30.7971,5056.21,13.2522,620,0,4170.49,30.222,-138.19,0,3037.91,8.93644,435,0,2031.64,8.92981,520,0,1203.55,35.654,-280.361,0
30.8071,5056.25,13.2566,620,0,4170.57,30.2182,-138.222,0,3037.93,8.93937,435,0,2031.66,8.93345,520,0,1203.65,35.6449,-280.459,0
30.8172,5056.29,13.2609,620,0,4170.66,30.2144,-138.253,0,3037.96,8.9423,435,0,2031.69,8.93709,520,0,1203.75,35.6358,-280.556,0
30.8273,5056.32,13.2653,620,0,4170.74,30.2105,-138.286,0,3037.98,8.94523,435,0,2031.71,8.94073,520,0,1203.85,35.6267,-280.65,0
30.8373,5056.36,13.2696,620,0,4170.83,30.2067,-138.316,0,3038,8.94815,435,0,2031.74,8.94437,520,0,1203.95,35.6176,-280.746,0
30.8474,5056.4,13.2739,620,0,4170.91,30.2029,-138.347,0,3038.03,8.95108,435,0,2031.76,8.94801,520,0,1204.05,35.6085,-280.84,0
30.8575,5056.43,13.2783,620,0,4170.99,30.1991,-138.377,0,3038.05,8.95401,435,0,2031.79,8.95165,520,0,1204.15,35.5994,-280.933,0
30.8675,5056.47,13.2826,620,0,4171.08,30.1952,-138.407,0,3038.08,8.95693,435,0,2031.81,8.9553,520,0,1204.25,35.5903,-281.03,0
30.8776,5056.51,13.287,620,0,4171.16,30.1914,-138.437,0,3038.1,8.95986,435,0,2031.84,8.95894,520,0,1204.35,35.5812,-281.126,0
30.8877,5056.54,13.2913,620,0,4171.25,30.1876,-138.465,0,3038.13,8.96279,435,0,2031.86,8.96258,520,0,1204.44,35.572,-281.223,0
30.8978,5056.58,13.2956,620,0,4171.33,30.1838,-138.494,0,3038.15,8.96572,435,0,2031.89,8.96622,520,0,1204.54,35.5629,-281.319,0
30.9078,5056.62,13.3,620,0,4171.41,30.1799,-138.522,0,3038.18,8.96864,435,0,2031.91,8.96986,520,0,1204.64,35.5538,-281.413,0
30.9179,5056.65,13.3043,620,0,4171.5,30.1761,-138.55,0,3038.2,8.97157,435,0,2031.93,8.9735,520,0,1204.74,35.5447,-281.507,0
30.928,5056.69,13.3087,620,0,4171.58,30.1723,-138.578,0,3038.23,8.9745,435,0,2031.96,8.97714,520,0,1204.84,35.5355,-281.601,0
30.938,5056.73,13.313,620,0,4171.66,30.1684,-138.605,0,3038.25,8.97742,435,0,2031.98,8.98078,520,0,1204.94,35.5264,-281.693,0
30.9483,5056.77,13.3173,620,0,4171.75,30.1646,-138.632,0,3038.28,8.98035,435,0,2032.01,8.98442,520,0,1205.04,35.5172,-281.784,0
30.9583,5056.8,13.3217,620,0,4171.83,30.1608,-138.658,0,3038.3,8.98328,435,0,2032.03,8.98806,520,0,1205.14,35.5081,-281.875,0
30.9684,5056.84,13.326,620,0,4171.92,30.1569,-138.684,0,3038.33,8.9862,435,0,2032.06,8.9917,520,0,1205.23,35.499,-281.963,0
30.9785,5056.88,13.3304,620,0,4172,30.1531,-138.708,0,3038.35,8.98913,435,0,2032.08,8.99534,520,0,1205.33,35.4898,-282.05,0
30.9885,5056.91,13.3347,620,0,4172.08,30.1493,-138.731,0,3038.38,8.99206,435,0,2032.11,8.99898,520,0,1205.43,35.4807,-282.137,0
30.9986,5056.95,13.339,620,0,4172.17,30.1454,-138.753,0,3038.4,8.99499,435,0,2032.13,9.00262,520,0,1205.53,35.4715,-282.222,0
31.0087,5056.99,13.3434,620,0,4172.25,30.1416,-138.774,0,3038.43,8.99791,435,0,2032.16,9.00626,520,0,1205.63,35.4624,-282.307,0
31.0187,5057.02,13.3477,620,0,4172.33,30.1378,-138.796,0,3038.45,9.00084,435,0,2032.18,9.0099,520,0,1205.73,35.4532,-282.39,0
31.0288,5057.06,13.3521,620,0,4172.42,30.1339,-138.818,0,3038.48,9.00377,435,0,2032.21,9.01355,520,0,1205.83,35.444,-282.474,0
31.0389,5057.1,13.3564,620,0,4172.5,30.1301,-138.839,0,3038.5,9.00669,435,0,2032.23,9.01719,520,0,1205.92,35.4349,-282.557,0
31.049,5057.14,13.3607,620,0,4172.59,30.1262,-138.86,0,3038.53,9.00962,435,0,2032.26,9.02083,520,0,1206.02,35.4257,-282.638,0
31.059,5057.17,13.3651,620,0,4172.67,30.1224,-138.883,0,3038.55,9.01255,435,0,2032.28,9.02447,520,0,1206.12,35.4165,-282.718,0
31.0691,5057.21,13.3694,620,0,4172.75,30.1186,-138.905,0,3038.58,9.01548,435,0,2032.31,9.02811,520,0,1206.22,35.4074,-282.799,0
31.0792,5057.25,13.3738,620,0,4172.84,30.1147,-138.926,0,3038.6,9.0184,435,0,2032.34,9.03175,520,0,1206.32,35.3982,-282.878,0
31.0892,5057.28,13.3781,620,0,4172.92,30.1109,-138.948,0,3038.63,9.02133,435,0,2032.36,9.03539,520,0,1206.42,35.389,-282.956,0
31.0993,5057.32,13.3824,620,0,4173,30.107,-138.969,0,3038.65,9.02426,435,0,2032.39,9.03903,520,0,1206.51,35.3798,-283.033,0
31.1094,5057.36,13.3868,620,0,4173.09,30.1032,-138.989,0,3038.68,9.02718,435,0,2032.41,9.04267,520,0,1206.61,35.3706,-283.11,0
31.1194,5057.4,13.3911,620,0,4173.17,30.0993,-139.009,0,3038.7,9.03011,435,0,2032.44,9.04631,520,0,1206.71,35.3615,-283.186,0
31.1295,5057.43,13.3955,620,0,4173.25,30.0955,-139.029,0,3038.73,9.03304,435,0,2032.46,9.04995,520,0,1206.81,35.3523,-283.262,0
31.1396,5057.47,13.3998,620,0,4173.34,30.0917,-139.049,0,3038.75,9.03597,435,0,2032.49,9.05359,520,0,1206.91,35.3431,-283.336,0
31.1497,5057.51,13.4042,620,0,4173.42,30.0878,-139.067,0,3038.78,9.03889,435,0,2032.51,9.05723,520,0,1207,35.3339,-283.41,0
31.1597,5057.54,13.4085,620,0,4173.51,30.084,-139.086,0,3038.8,9.04182,435,0,2032.54,9.06087,520,0,1207.1,35.3247,-283.483,0
31.1698,5057.58,13.4128,620,0,4173.59,30.0801,-139.104,0,3038.83,9.04475,435,0,2032.56,9.06451,520,0,1207.2,35.3155,-283.555,0
31.1799,5057.62,13.4172,620,0,4173.67,30.0763,-139.121,0,3038.85,9.04767,435,0,2032.59,9.06815,520,0,1207.3,35.3063,-283.628,0
31.1899,5057.66,13.4215,620,0,4173.76,30.0724,-139.136,0,3038.88,9.0506,435,0,2032.61,9.07179,520,0,1207.4,35.2971,-283.705,0
31.2,5057.69,13.4259,620,0,4173.84,30.0686,-139.151,0,3038.91,9.05353,435,0,2032.64,9.07544,520,0,1207.49,35.2879,-283.78,0
31.2101,5057.73,13.4302,620,0,4173.92,30.0647,-139.165,0,3038.93,9.05646,435,0,2032.66,9.07908,520,0,1207.59,35.2787,-283.855,0
31.2202,5057.77,13.4345,620,0,4174.01,30.0609,-139.179,0,3038.96,9.05938,435,0,2032.69,9.08272,520,0,1207.69,35.2695,-283.928,0
31.2302,5057.81,13.4389,620,0,4174.09,30.057,-139.194,0,3038.98,9.06231,435,0,2032.71,9.08636,520,0,1207.79,35.2603,-283.999,0
31.2403,5057.84,13.4432,620,0,4174.17,30.0532,-139.207,0,3039.01,9.06524,435,0,2032.74,9.09,520,0,1207.89,35.2511,-284.069,0
31.2504,5057.88,13.4476,620,0,4174.26,30.0493,-139.219,0,3039.03,9.06816,435,0,2032.76,9.09364,520,0,1207.98,35.2418,-284.14,0
31.2604,5057.92,13.4519,620,0,4174.34,30.0455,-139.232,0,3039.06,9.07109,435,0,2032.79,9.09728,520,0,1208.08,35.2326,-284.208,0
31.2713,5057.96,13.4562,620,0,4174.42,30.0416,-139.244,0,3039.08,9.07402,435,0,2032.81,9.10092,520,0,1208.18,35.2234,-284.278,0
31.2813,5057.99,13.4606,620,0,4174.51,30.0378,-139.256,0,3039.11,9.07695,435,0,2032.84,9.10456,520,0,1208.28,35.2142,-284.345,0
31.2914,5058.03,13.4649,620,0,4174.59,30.0339,-139.268,0,3039.13,9.07987,435,0,2032.86,9.1082,520,0,1208.38,35.205,-284.411,0
31.3015,5058.07,13.4693,620,0,4174.67,30.0301,-139.279,0,3039.16,9.0828,435,0,2032.89,9.11184,520,0,1208.47,35.1957,-284.477,0
31.3115,5058.1,13.4736,620,0,4174.76,30.0262,-139.29,0,3039.18,9.08573,435,0,2032.91,9.11548,520,0,1208.57,35.1865,-284.543,0
31.3216,5058.14,13.4779,620,0,4174.84,30.0224,-139.3,0,3039.21,9.08865,435,0,2032.94,9.11912,520,0,1208.67,35.1773,-284.608,0
31.3317,5058.18,13.4823,620,0,4174.92,30.0185,-139.31,0,3039.23,9.09158,435,0,2032.97,9.12276,520,0,1208.77,35.168,-284.671,0
31.3417,5058.22,13.4866,620,0,4175.01,30.0147,-139.32,0,3039.26,9.09451,435,0,2032.99,9.1264,520,0,1208.86,35.1588,-284.734,0
31.3518,5058.25,13.491,620,0,4175.09,30.0108,-139.33,0,3039.28,9.09743,435,0,2033.02,9.13004,520,0,1208.96,35.1496,-284.798,0
31.3619,5058.29,13.4953,620,0,4175.17,30.007,-139.339,0,3039.31,9.10036,435,0,2033.04,9.13369,520,0,1209.06,35.1403,-284.858,0
31.372,5058.33,13.4996,620,0,4175.26,30.0031,-139.347,0,3039.33,9.10329,435,0,2033.07,9.13733,520,0,1209.16,35.1311,-284.919,0
31.382,5058.37,13.504,620,0,4175.34,29.9993,-139.353,0,3039.36,9.10622,435,0,2033.09,9.14097,520,0,1209.25,35.1219,-284.98,0
31.3921,5058.4,13.5083,620,0,4175.42,29.9954,-139.359,0,3039.38,9.10914,435,0,2033.12,9.14461,520,0,1209.35,35.1126,-285.039,0
31.4022,5058.44,13.5127,620,0,4175.51,29.9916,-139.365,0,3039.41,9.11207,435,0,2033.14,9.14825,520,0,1209.45,35.1034,-285.097,0
31.4122,5058.48,13.517,620,0,4175.59,29.9877,-139.37,0,3039.44,9.115,435,0,2033.17,9.15189,520,0,1209.55,35.0941,-285.155,0
31.4223,5058.52,13.5214,620,0,4175.67,29.9838,-139.375,0,3039.46,9.11792,435,0,2033.19,9.15553,520,0,1209.64,35.0849,-285.213,0
31.4324,5058.55,13.5257,620,0,4175.76,29.98,-139.379,0,3039.49,9.12085,435,0,2033.22,9.15917,520,0,1209.74,35.0756,-285.269,0
31.4425,5058.59,13.53,620,0,4175.84,29.9761,-139.382,0,3039.51,9.12378,435,0,2033.24,9.16281,520,0,1209.84,35.0664,-285.324,0
31.4525,5058.63,13.5344,620,0,4175.92,29.9723,-139.386,0,3039.54,9.12671,435,0,2033.27,9.16645,520,0,1209.94,35.0571,-285.379,0
31.4627,5058.67,13.5387,620,0,4176.01,29.9684,-139.389,0,3039.56,9.12963,435,0,2033.3,9.17009,520,0,1210.03,35.0478,-285.434,0
31.4728,5058.71,13.5431,620,0,4176.09,29.9646,-139.391,0,3039.59,9.13256,435,0,2033.32,9.17373,520,0,1210.13,35.0386,-285.486,0
31.4829,5058.74,13.5474,620,0,4176.17,29.9607,-139.395,0,3039.61,9.13549,435,0,2033.35,9.17737,520,0,1210.23,35.0293,-285.538,0
31.4929,5058.78,13.5517,620,0,4176.26,29.9569,-139.397,0,3039.64,9.13841,435,0,2033.37,9.18101,520,0,1210.33,35.0201,-285.588,0
31.503,5058.82,13.5561,620,0,4176.34,29.953,-139.398,0,3039.66,9.14134,435,0,2033.4,9.18465,520,0,1210.42,35.0108,-285.644,0
31.5131,5058.86,13.5604,620,0,4176.42,29.9492,-139.399,0,3039.69,9.14427,435,0,2033.42,9.18829,520,0,1210.52,35.0015,-285.7,0
31.5232,5058.89,13.5648,620,0,4176.51,29.9453,-139.401,0,3039.71,9.1472,435,0,2033.45,9.19193,520,0,1210.62,34.9923,-285.754,0
31.5332,5058.93,13.5691,620,0,4176.59,29.9415,-139.402,0,3039.74,9.15012,435,0,2033.47,9.19558,520,0,1210.72,34.983,-285.806,0
31.5433,5058.97,13.5734,620,0,4176.67,29.9376,-139.402,0,3039.76,9.15305,435,0,2033.5,9.19922,520,0,1210.81,34.9737,-285.858,0
31.5534,5059.01,13.5778,620,0,4176.76,29.9337,-139.403,0,3039.79,9.15598,435,0,2033.53,9.20286,520,0,1210.91,34.9645,-285.91,0
31.5634,5059.04,13.5821,620,0,4176.84,29.9299,-139.402,0,3039.82,9.1589,435,0,2033.55,9.2065,520,0,1211.01,34.9552,-285.962,0
31.5735,5059.08,13.5865,620,0,4176.92,29.926,-139.401,0,3039.84,9.16183,435,0,2033.58,9.21014,520,0,1211.1,34.9459,-286.012,0
31.5836,5059.12,13.5908,620,0,4177.01,29.9222,-139.399,0,3039.87,9.16476,435,0,2033.6,9.21378,520,0,1211.2,34.9366,-286.061,0
31.5936,5059.16,13.5951,620,0,4177.09,29.9183,-139.396,0,3039.89,9.16769,435,0,2033.63,9.21742,520,0,1211.3,34.9273,-286.11,0
31.6037,5059.2,13.5995,620,0,4177.17,29.9145,-139.391,0,3039.92,9.17061,435,0,2033.65,9.22106,520,0,1211.39,34.9181,-286.159,0
31.6138,5059.23,13.6038,620,0,4177.25,29.9106,-139.388,0,3039.94,9.17354,435,0,2033.68,9.2247,520,0,1211.49,34.9088,-286.206,0
31.6239,5059.27,13.6082,620,0,4177.34,29.9068,-139.383,0,3039.97,9.17647,435,0,2033.7,9.22834,520,0,1211.59,34.8995,-286.253,0
31.6339,5059.31,13.6125,620,0,4177.42,29.9029,-139.378,0,3039.99,9.17939,435,0,2033.73,9.23198,520,0,1211.69,34.8902,-286.299,0
31.644,5059.35,13.6168,620,0,4177.5,29.8991,-139.373,0,3040.02,9.18232,435,0,2033.76,9.23562,520,0,1211.78,34.8809,-286.343,0
31.6541,5059.38,13.6212,620,0,4177.59,29.8952,-139.367,0,3040.05,9.18525,435,0,2033.78,9.23926,520,0,1211.88,34.8716,-286.389,0
31.6642,5059.42,13.6255,620,0,4177.67,29.8914,-139.361,0,3040.07,9.18818,435,0,2033.81,9.2429,520,0,1211.98,34.8623,-286.433,0
31.6742,5059.46,13.6299,620,0,4177.75,29.8875,-139.356,0,3040.1,9.1911,435,0,2033.83,9.24654,520,0,1212.07,34.8531,-286.476,0
31.6843,5059.5,13.6342,620,0,4177.84,29.8836,-139.349,0,3040.12,9.19403,435,0,2033.86,9.25018,520,0,1212.17,34.8438,-286.518,0
31.6944,5059.54,13.6386,620,0,4177.92,29.8798,-139.341,0,3040.15,9.19696,435,0,2033.88,9.25383,520,0,1212.27,34.8345,-286.561,0
31.7044,5059.57,13.6429,620,0,4178,29.8759,-139.335,0,3040.17,9.19988,435,0,2033.91,9.25747,520,0,1212.36,34.8252,-286.601,0
31.7145,5059.61,13.6472,620,0,4178.09,29.8721,-139.327,0,3040.2,9.20281,435,0,2033.94,9.26111,520,0,1212.46,34.8159,-286.642,0
31.7246,5059.65,13.6516,620,0,4178.17,29.8682,-139.32,0,3040.22,9.20574,435,0,2033.96,9.26475,520,0,1212.56,34.8066,-286.682,0
31.7347,5059.69,13.6559,620,0,4178.25,29.8644,-139.311,0,3040.25,9.20866,435,0,2033.99,9.26839,520,0,1212.65,34.7973,-286.719,0
31.7448,5059.73,13.6603,620,0,4178.33,29.8605,-139.303,0,3040.28,9.21159,435,0,2034.01,9.27203,520,0,1212.75,34.788,-286.756,0
31.7548,5059.76,13.6646,620,0,4178.42,29.8567,-139.294,0,3040.3,9.21452,435,0,2034.04,9.27567,520,0,1212.85,34.7787,-286.792,0
31.7649,5059.8,13.6689,620,0,4178.5,29.8528,-139.286,0,3040.33,9.21745,435,0,2034.06,9.27931,520,0,1212.94,34.7694,-286.827,0
31.775,5059.84,13.6733,620,0,4178.58,29.849,-139.276,0,3040.35,9.22037,435,0,2034.09,9.28295,520,0,1213.04,34.7601,-286.862,0
31.7851,5059.88,13.6776,620,0,4178.67,29.8451,-139.265,0,3040.38,9.2233,435,0,2034.12,9.28659,520,0,1213.14,34.7508,-286.895,0
31.7971,5059.92,13.682,620,0,4178.75,29.8413,-139.252,0,3040.4,9.22623,435,0,2034.14,9.29023,520,0,1213.23,34.7415,-286.928,0
31.8071,5059.95,13.6863,620,0,4178.83,29.8374,-139.24,0,3040.43,9.22915,435,0,2034.17,9.29387,520,0,1213.33,34.7322,-286.962,0
31.8172,5059.99,13.6906,620,0,4178.91,29.8336,-139.227,0,3040.45,9.23208,435,0,2034.19,9.29751,520,0,1213.43,34.7228,-287.001,0
31.8273,5060.03,13.695,620,0,4179,29.8297,-139.214,0,3040.48,9.23501,435,0,2034.22,9.30115,520,0,1213.52,34.7135,-287.037,0
31.8373,5060.07,13.6993,620,0,4179.08,29.8259,-139.203,0,3040.51,9.23794,435,0,2034.25,9.30479,520,0,1213.62,34.7042,-287.074,0
31.8474,5060.11,13.7037,620,0,4179.16,29.822,-139.192,0,3040.53,9.24086,435,0,2034.27,9.30843,520,0,1213.71,34.6949,-287.11,0
31.8575,5060.14,13.708,620,0,4179.25,29.8182,-139.18,0,3040.56,9.24379,435,0,2034.3,9.31207,520,0,1213.81,34.6856,-287.145,0
31.8675,5060.18,13.7123,620,0,4179.33,29.8143,-139.168,0,3040.58,9.24672,435,0,2034.32,9.31572,520,0,1213.91,34.6763,-287.179,0
31.8776,5060.22,13.7167,620,0,4179.41,29.8105,-139.156,0,3040.61,9.24964,435,0,2034.35,9.31936,520,0,1214,34.667,-287.213,0
31.8877,5060.26,13.721,620,0,4179.49,29.8066,-139.143,0,3040.63,9.25257,435,0,2034.37,9.323,520,0,1214.1,34.6577,-287.246,0
31.8978,5060.3,13.7254,620,0,4179.58,29.8028,-139.13,0,3040.66,9.2555,435,0,2034.4,9.32664,520,0,1214.2,34.6483,-287.278,0
31.9078,5060.33,13.7297,620,0,4179.66,29.7989,-139.116,0,3040.69,9.25843,435,0,2034.43,9.33028,520,0,1214.29,34.639,-287.31,0
31.9178,5060.37,13.734,620,0,4179.74,29.7951,-139.103,0,3040.71,9.26135,435,0,2034.45,9.33392,520,0,1214.39,34.6297,-287.341,0
31.9279,5060.41,13.7384,620,0,4179.83,29.7913,-139.089,0,3040.74,9.26428,435,0,2034.48,9.33756,520,0,1214.49,34.6204,-287.372,0
31.938,5060.45,13.7427,620,0,4179.91,29.7874,-139.075,0,3040.76,9.26721,435,0,2034.5,9.3412,520,0,1214.58,34.6111,-287.402,0
31.9481,5060.49,13.7471,620,0,4179.99,29.7836,-139.061,0,3040.79,9.27013,435,0,2034.53,9.34484,520,0,1214.68,34.6017,-287.43,0
31.9581,5060.53,13.7514,620,0,4180.07,29.7797,-139.045,0,3040.81,9.27306,435,0,2034.56,9.34848,520,0,1214.77,34.5924,-287.459,0
31.9683,5060.56,13.7558,620,0,4180.16,29.7759,-139.03,0,3040.84,9.27599,435,0,2034.58,9.35212,520,0,1214.87,34.5831,-287.487,0
31.9783,5060.6,13.7601,620,0,4180.24,29.772,-139.015,0,3040.87,9.27892,435,0,2034.61,9.35576,520,0,1214.97,34.5738,-287.513,0
31.9884,5060.64,13.7644,620,0,4180.32,29.7682,-138.997,0,3040.89,9.28184,435,0,2034.63,9.3594,520,0,1215.06,34.5644,-287.54,0
31.9985,5060.68,13.7688,620,0,4180.4,29.7643,-138.979,0,3040.92,9.28477,435,0,2034.66,9.36304,520,0,1215.16,34.5551,-287.563,0
32.0086,5060.72,13.7731,620,0,4180.49,29.7605,-138.96,0,3040.94,9.2877,435,0,2034.69,9.36668,520,0,1215.25,34.5458,-287.586,0
32.0186,5060.75,13.7775,620,0,4180.57,29.7567,-138.941,0,3040.97,9.29062,435,0,2034.71,9.37032,520,0,1215.35,34.5365,-287.609,0
32.0291,5060.79,13.7818,620,0,4180.65,29.7528,-138.921,0,3040.99,9.29355,435,0,2034.74,9.37397,520,0,1215.45,34.5271,-287.631,0
32.0391,5060.83,13.7861,620,0,4180.73,29.749,-138.901,0,3041.02,9.29648,435,0,2034.76,9.37761,520,0,1215.54,34.5178,-287.652,0
32.0492,5060.87,13.7905,620,0,4180.82,29.7451,-138.882,0,3041.05,9.2994,435,0,2034.79,9.38125,520,0,1215.64,34.5085,-287.673,0
32.0593,5060.91,13.7948,620,0,4180.9,29.7413,-138.862,0,3041.07,9.30233,435,0,2034.82,9.38489,520,0,1215.73,34.4991,-287.693,0
32.0693,5060.95,13.7992,620,0,4180.98,29.7375,-138.841,0,3041.1,9.30526,435,0,2034.84,9.38853,520,0,1215.83,34.4898,-287.713,0
32.0794,5060.98,13.8035,620,0,4181.07,29.7336,-138.821,0,3041.12,9.30819,435,0,2034.87,9.39217,520,0,1215.92,34.4805,-287.731,0
32.0895,5061.02,13.8078,620,0,4181.15,29.7298,-138.799,0,3041.15,9.31111,435,0,2034.89,9.39581,520,0,1216.02,34.4711,-287.75,0
32.0995,5061.06,13.8122,620,0,4181.23,29.7259,-138.778,0,3041.18,9.31404,435,0,2034.92,9.39945,520,0,1216.12,34.4618,-287.768,0
32.1096,5061.1,13.8165,620,0,4181.31,29.7221,-138.756,0,3041.2,9.31697,435,0,2034.95,9.40309,520,0,1216.21,34.4525,-287.785,0
32.1197,5061.14,13.8209,620,0,4181.4,29.7183,-138.734,0,3041.23,9.31989,435,0,2034.97,9.40673,520,0,1216.31,34.4431,-287.803,0
32.1297,5061.18,13.8252,620,0,4181.48,29.7144,-138.712,0,3041.25,9.32282,435,0,2035,9.41037,520,0,1216.4,34.4338,-287.824,0
32.1398,5061.21,13.8295,620,0,4181.56,29.7106,-138.69,0,3041.28,9.32575,435,0,2035.03,9.41401,520,0,1216.5,34.4245,-287.845,0
32.1499,5061.25,13.8339,620,0,4181.64,29.7068,-138.666,0,3041.31,9.32868,435,0,2035.05,9.41765,520,0,1216.59,34.4151,-287.866,0
32.1599,5061.29,13.8382,620,0,4181.73,29.7029,-138.644,0,3041.33,9.3316,435,0,2035.08,9.42129,520,0,1216.69,34.4058,-287.885,0
32.1711,5061.33,13.8426,620,0,4181.81,29.6991,-138.62,0,3041.36,9.33453,435,0,2035.1,9.42493,520,0,1216.79,34.3965,-287.905,0
32.1811,5061.37,13.8469,620,0,4181.89,29.6953,-138.597,0,3041.38,9.33746,435,0,2035.13,9.42857,520,0,1216.88,34.3871,-287.923,0
32.1912,5061.41,13.8512,620,0,4181.97,29.6914,-138.571,0,3041.41,9.34038,435,0,2035.16,9.43221,520,0,1216.98,34.3778,-287.941,0
32.2013,5061.45,13.8556,620,0,4182.06,29.6876,-138.544,0,3041.43,9.34331,435,0,2035.18,9.43586,520,0,1217.07,34.3684,-287.958,0
32.2114,5061.48,13.8599,620,0,4182.14,29.6838,-138.517,0,3041.46,9.34624,435,0,2035.21,9.4395,520,0,1217.17,34.3591,-287.975,0
32.2214,5061.52,13.8643,620,0,4182.22,29.68,-138.49,0,3041.49,9.34917,435,0,2035.24,9.44314,520,0,1217.26,34.3498,-287.991,0
32.2315,5061.56,13.8686,620,0,4182.3,29.6761,-138.463,0,3041.51,9.35209,435,0,2035.26,9.44678,520,0,1217.36,34.3404,-288.006,0
32.2416,5061.6,13.873,620,0,4182.39,29.6723,-138.435,0,3041.54,9.35502,435,0,2035.29,9.45042,520,0,1217.45,34.3311,-288.02,0
32.2516,5061.64,13.8773,620,0,4182.47,29.6685,-138.407,0,3041.56,9.35795,435,0,2035.31,9.45406,520,0,1217.55,34.3217,-288.033,0
32.2617,5061.68,13.8816,620,0,4182.55,29.6646,-138.379,0,3041.59,9.36087,435,0,2035.34,9.4577,520,0,1217.64,34.3124,-288.044,0
32.2718,5061.72,13.886,620,0,4182.63,29.6608,-138.35,0,3041.62,9.3638,435,0,2035.37,9.46134,520,0,1217.74,34.3031,-288.055,0
32.2819,5061.75,13.8903,620,0,4182.71,29.657,-138.322,0,3041.64,9.36673,435,0,2035.39,9.46498,520,0,1217.83,34.2937,-288.066,0
32.2919,5061.79,13.8947,620,0,4182.8,29.6532,-138.292,0,3041.67,9.36966,435,0,2035.42,9.46862,520,0,1217.93,34.2844,-288.075,0
32.302,5061.83,13.899,620,0,4182.88,29.6493,-138.263,0,3041.69,9.37258,435,0,2035.45,9.47226,520,0,1218.03,34.275,-288.085,0
32.3121,5061.87,13.9033,620,0,4182.96,29.6455,-138.234,0,3041.72,9.37551,435,0,2035.47,9.4759,520,0,1218.12,34.2657,-288.093,0
32.3222,5061.91,13.9077,620,0,4183.04,29.6417,-138.203,0,3041.75,9.37844,435,0,2035.5,9.47954,520,0,1218.22,34.2563,-288.102,0
32.3322,5061.95,13.912,620,0,4183.13,29.6379,-138.173,0,3041.77,9.38136,435,0,2035.52,9.48318,520,0,1218.31,34.247,-288.109,0
32.3423,5061.99,13.9164,620,0,4183.21,29.6341,-138.143,0,3041.8,9.38429,435,0,2035.55,9.48682,520,0,1218.41,34.2377,-288.116,0
32.3524,5062.02,13.9207,620,0,4183.29,29.6302,-138.112,0,3041.83,9.38722,435,0,2035.58,9.49046,520,0,1218.5,34.2283,-288.122,0
32.3624,5062.06,13.925,620,0,4183.37,29.6264,-138.082,0,3041.85,9.39015,435,0,2035.6,9.49411,520,0,1218.6,34.219,-288.128,0
32.3725,5062.1,13.9294,620,0,4183.46,29.6226,-138.051,0,3041.88,9.39307,435,0,2035.63,9.49775,520,0,1218.69,34.2096,-288.133,0
32.3825,5062.14,13.9337,620,0,4183.54,29.6188,-138.019,0,3041.9,9.396,435,0,2035.66,9.50139,520,0,1218.79,34.2003,-288.137,0
32.3926,5062.18,13.9381,620,0,4183.62,29.615,-137.985,0,3041.93,9.39893,435,0,2035.68,9.50503,520,0,1218.88,34.1909,-288.141,0
32.4027,5062.22,13.9424,620,0,4183.7,29.6112,-137.95,0,3041.96,9.40185,435,0,2035.71,9.50867,520,0,1218.98,34.1816,-288.144,0
32.4127,5062.26,13.9467,620,0,4183.78,29.6073,-137.915,0,3041.98,9.40478,435,0,2035.74,9.51231,520,0,1219.07,34.1722,-288.147,0
32.4228,5062.3,13.9511,620,0,4183.87,29.6035,-137.881,0,3042.01,9.40771,435,0,2035.76,9.51595,520,0,1219.17,34.1629,-288.149,0
32.4329,5062.33,13.9554,620,0,4183.95,29.5997,-137.846,0,3042.03,9.41063,435,0,2035.79,9.51959,520,0,1219.26,34.1536,-288.153,0
32.443,5062.37,13.9598,620,0,4184.03,29.5959,-137.81,0,3042.06,9.41356,435,0,2035.81,9.52323,520,0,1219.36,34.1442,-288.16,0
32.453,5062.41,13.9641,620,0,4184.11,29.5921,-137.775,0,3042.09,9.41649,435,0,2035.84,9.52687,520,0,1219.45,34.1349,-288.166,0
32.4631,5062.45,13.9684,620,0,4184.2,29.5883,-137.738,0,3042.11,9.41942,435,0,2035.87,9.53051,520,0,1219.54,34.1255,-288.173,0
32.4732,5062.49,13.9728,620,0,4184.28,29.5845,-137.703,0,3042.14,9.42234,435,0,2035.89,9.53415,520,0,1219.64,34.1162,-288.177,0
32.4832,5062.53,13.9771,620,0,4184.36,29.5807,-137.666,0,3042.16,9.42527,435,0,2035.92,9.53779,520,0,1219.73,34.1068,-288.181,0
32.4933,5062.57,13.9815,620,0,4184.44,29.5769,-137.629,0,3042.19,9.4282,435,0,2035.95,9.54143,520,0,1219.83,34.0975,-288.185,0
32.5034,5062.61,13.9858,620,0,4184.52,29.5731,-137.593,0,3042.22,9.43112,435,0,2035.97,9.54507,520,0,1219.92,34.0881,-288.187,0
32.5135,5062.64,13.9902,620,0,4184.61,29.5693,-137.555,0,3042.24,9.43405,435,0,2036,9.54871,520,0,1220.02,34.0788,-288.188,0
32.5235,5062.68,13.9945,620,0,4184.69,29.5655,-137.517,0,3042.27,9.43698,435,0,2036.03,9.55235,520,0,1220.11,34.0694,-288.188,0
32.5336,5062.72,13.9988,620,0,4184.77,29.5617,-137.48,0,3042.3,9.43991,435,0,2036.05,9.556,520,0,1220.21,34.0601,-288.187,0
32.5441,5062.76,14.0032,620,0,4184.85,29.5579,-137.442,0,3042.32,9.44283,435,0,2036.08,9.55964,520,0,1220.3,34.0507,-288.187,0
32.5541,5062.8,14.0075,620,0,4184.94,29.5541,-137.404,0,3042.35,9.44576,435,0,2036.11,9.56328,520,0,1220.4,34.0414,-288.185,0
32.5642,5062.84,14.0119,620,0,4185.02,29.5503,-137.366,0,3042.37,9.44869,435,0,2036.13,9.56692,520,0,1220.49,34.032,-288.183,0
32.5743,5062.88,14.0162,620,0,4185.1,29.5465,-137.327,0,3042.4,9.45161,435,0,2036.16,9.57056,520,0,1220.59,34.0227,-288.18,0
32.5843,5062.92,14.0205,620,0,4185.18,29.5427,-137.287,0,3042.43,9.45454,435,0,2036.19,9.5742,520,0,1220.68,34.0134,-288.177,0
32.5944,5062.96,14.0249,620,0,4185.26,29.5389,-137.246,0,3042.45,9.45747,435,0,2036.21,9.57784,520,0,1220.77,34.004,-288.174,0
32.6045,5063,14.0292,620,0,4185.35,29.5351,-137.204,0,3042.48,9.4604,435,0,2036.24,9.58148,520,0,1220.87,33.9947,-288.17,0
32.6146,5063.03,14.0336,620,0,4185.43,29.5313,-137.165,0,3042.51,9.46332,435,0,2036.27,9.58512,520,0,1220.96,33.9853,-288.165,0
32.6247,5063.07,14.0379,620,0,4185.51,29.5275,-137.124,0,3042.53,9.46625,435,0,2036.29,9.58876,520,0,1221.06,33.976,-288.159,0
32.6347,5063.11,14.0422,620,0,4185.59,29.5237,-137.084,0,3042.56,9.46918,435,0,2036.32,9.5924,520,0,1221.15,33.9666,-288.153,0
32.6448,5063.15,14.0466,620,0,4185.67,29.5199,-137.044,0,3042.59,9.4721,435,0,2036.35,9.59604,520,0,1221.25,33.9573,-288.146,0
32.6549,5063.19,14.0509,620,0,4185.76,29.5161,-137.003,0,3042.61,9.47503,435,0,2036.37,9.59968,520,0,1221.34,33.9479,-288.139,0
32.6649,5063.23,14.0553,620,0,4185.84,29.5123,-136.963,0,3042.64,9.47796,435,0,2036.4,9.60332,520,0,1221.44,33.9386,-288.131,0
32.675,5063.27,14.0596,620,0,4185.92,29.5086,-136.921,0,3042.66,9.48089,435,0,2036.43,9.60696,520,0,1221.53,33.9292,-288.123,0
32.6851,5063.31,14.0639,620,0,4186,29.5048,-136.88,0,3042.69,9.48381,435,0,2036.45,9.6106,520,0,1221.62,33.9199,-288.115,0
32.6952,5063.35,14.0683,620,0,4186.08,29.501,-136.838,0,3042.72,9.48674,435,0,2036.48,9.61425,520,0,1221.72,33.9106,-288.105,0
32.7052,5063.39,14.0726,620,0,4186.17,29.4972,-136.796,0,3042.74,9.48967,435,0,2036.51,9.61789,520,0,1221.81,33.9012,-288.095,0
32.7153,5063.42,14.077,620,0,4186.25,29.4934,-136.754,0,3042.77,9.49259,435,0,2036.53,9.62153,520,0,1221.91,33.8919,-288.084,0
32.7254,5063.46,14.0813,620,0,4186.33,29.4896,-136.712,0,3042.8,9.49552,435,0,2036.56,9.62517,520,0,1222,33.8825,-288.074,0
32.7355,5063.5,14.0856,620,0,4186.41,29.4859,-136.67,0,3042.82,9.49845,435,0,2036.59,9.62881,520,0,1222.09,33.8732,-288.062,0
32.7455,5063.54,14.09,620,0,4186.49,29.4821,-136.626,0,3042.85,9.50138,435,0,2036.61,9.63245,520,0,1222.19,33.8638,-288.053,0
32.7556,5063.58,14.0943,620,0,4186.57,29.4783,-136.583,0,3042.87,9.5043,435,0,2036.64,9.63609,520,0,1222.28,33.8545,-288.045,0
32.7657,5063.62,14.0987,620,0,4186.66,29.4745,-136.54,0,3042.9,9.50723,435,0,2036.67,9.63973,520,0,1222.38,33.8452,-288.036,0
32.7758,5063.66,14.103,620,0,4186.74,29.4708,-136.497,0,3042.93,9.51016,435,0,2036.69,9.64337,520,0,1222.47,33.8358,-288.026,0
32.7858,5063.7,14.1074,620,0,4186.82,29.467,-136.451,0,3042.95,9.51308,435,0,2036.72,9.64701,520,0,1222.56,33.8265,-288.017,0
32.7959,5063.74,14.1117,620,0,4186.9,29.4632,-136.404,0,3042.98,9.51601,435,0,2036.75,9.65065,520,0,1222.66,33.8171,-288.006,0
32.806,5063.78,14.116,620,0,4186.98,29.4595,-136.359,0,3043.01,9.51894,435,0,2036.77,9.65429,520,0,1222.75,33.8078,-287.994,0
32.8161,5063.82,14.1204,620,0,4187.07,29.4557,-136.312,0,3043.03,9.52186,435,0,2036.8,9.65793,520,0,1222.85,33.7985,-287.983,0
32.8261,5063.86,14.1247,620,0,4187.15,29.4519,-136.264,0,3043.06,9.52479,435,0,2036.83,9.66157,520,0,1222.94,33.7891,-287.97,0
32.8362,5063.89,14.1291,620,0,4187.23,29.4481,-136.217,0,3043.09,9.52772,435,0,2036.85,9.66521,520,0,1223.03,33.7798,-287.957,0
32.8463,5063.93,14.1334,620,0,4187.31,29.4444,-136.17,0,3043.11,9.53065,435,0,2036.88,9.66885,520,0,1223.13,33.7704,-287.943,0
32.8563,5063.97,14.1377,620,0,4187.39,29.4406,-136.122,0,3043.14,9.53357,435,0,2036.91,9.67249,520,0,1223.22,33.7611,-287.929,0
32.8664,5064.01,14.1421,620,0,4187.47,29.4369,-136.074,0,3043.17,9.5365,435,0,2036.93,9.67614,520,0,1223.32,33.7518,-287.915,0
32.8771,5064.05,14.1464,620,0,4187.56,29.4331,-136.026,0,3043.19,9.53943,435,0,2036.96,9.67978,520,0,1223.41,33.7424,-287.899,0
32.8881,5064.09,14.1508,620,0,4187.64,29.4293,-135.977,0,3043.22,9.54235,435,0,2036.99,9.68342,520,0,1223.5,33.7331,-287.884,0
32.8981,5064.13,14.1551,620,0,4187.72,29.4256,-135.928,0,3043.25,9.54528,435,0,2037.02,9.68706,520,0,1223.6,33.7238,-287.868,0
32.9082,5064.17,14.1594,620,0,4187.8,29.4218,-135.88,0,3043.27,9.54821,435,0,2037.04,9.6907,520,0,1223.69,33.7144,-287.85,0
32.9183,5064.21,14.1638,620,0,4187.88,29.4181,-135.83,0,3043.3,9.55114,435,0,2037.07,9.69434,520,0,1223.78,33.7051,-287.834,0
32.9284,5064.25,14.1681,620,0,4187.97,29.4143,-135.781,0,3043.33,9.55406,435,0,2037.1,9.69798,520,0,1223.88,33.6957,-287.816,0
32.9384,5064.29,14.1725,620,0,4188.05,29.4106,-135.732,0,3043.35,9.55699,435,0,2037.12,9.70162,520,0,1223.97,33.6864,-287.798,0
32.9485,5064.33,14.1768,620,0,4188.13,29.4068,-135.681,0,3043.38,9.55992,435,0,2037.15,9.70526,520,0,1224.06,33.6771,-287.779,0
32.9586,5064.37,14.1811,620,0,4188.21,29.4031,-135.632,0,3043.4,9.56284,435,0,2037.18,9.7089,520,0,1224.16,33.6677,-287.759,0
32.9687,5064.41,14.1855,620,0,4188.29,29.3993,-135.581,0,3043.43,9.56577,435,0,2037.2,9.71254,520,0,1224.25,33.6584,-287.739,0
32.9788,5064.45,14.1898,620,0,4188.37,29.3956,-135.531,0,3043.46,9.5687,435,0,2037.23,9.71618,520,0,1224.34,33.6491,-287.719,0
32.9888,5064.48,14.1942,620,0,4188.46,29.3918,-135.478,0,3043.48,9.57163,435,0,2037.26,9.71982,520,0,1224.44,33.6398,-287.697,0
32.9989,5064.52,14.1985,620,0,4188.54,29.3881,-135.425,0,3043.51,9.57455,435,0,2037.29,9.72346,520,0,1224.53,33.6304,-287.676,0
33.009,5064.56,14.2028,620,0,4188.62,29.3843,-135.372,0,3043.54,9.57748,435,0,2037.31,9.7271,520,0,1224.63,33.6211,-287.654,0
33.0191,5064.6,14.2072,620,0,4188.7,29.3806,-135.317,0,3043.56,9.58041,435,0,2037.34,9.73074,520,0,1224.72,33.6118,-287.628,0
33.0291,5064.64,14.2115,620,0,4188.78,29.3768,-135.264,0,3043.59,9.58333,435,0,2037.37,9.73439,520,0,1224.81,33.6024,-287.605,0
33.0392,5064.68,14.2159,620,0,4188.86,29.3731,-135.21,0,3043.62,9.58626,435,0,2037.39,9.73803,520,0,1224.91,33.5931,-287.579,0
33.0493,5064.72,14.2202,620,0,4188.95,29.3694,-135.156,0,3043.64,9.58919,435,0,2037.42,9.74167,520,0,1225,33.5838,-287.553,0
33.0593,5064.76,14.2246,620,0,4189.03,29.3656,-135.101,0,3043.67,9.59212,435,0,2037.45,9.74531,520,0,1225.09,33.5745,-287.53,0
33.0694,5064.8,14.2289,620,0,4189.11,29.3619,-135.046,0,3043.7,9.59504,435,0,2037.47,9.74895,520,0,1225.18,33.5651,-287.509,0
33.0795,5064.84,14.2332,620,0,4189.19,29.3582,-134.99,0,3043.72,9.59797,435,0,2037.5,9.75259,520,0,1225.28,33.5558,-287.487,0
33.0896,5064.88,14.2376,620,0,4189.27,29.3544,-134.936,0,3043.75,9.6009,435,0,2037.53,9.75623,520,0,1225.37,33.5465,-287.465,0
33.0996,5064.92,14.2419,620,0,4189.35,29.3507,-134.881,0,3043.78,9.60382,435,0,2037.56,9.75987,520,0,1225.46,33.5372,-287.443,0
33.1097,5064.96,14.2463,620,0,4189.43,29.347,-134.825,0,3043.8,9.60675,435,0,2037.58,9.76351,520,0,1225.56,33.5278,-287.419,0
33.1198,5065,14.2506,620,0,4189.52,29.3433,-134.769,0,3043.83,9.60968,435,0,2037.61,9.76715,520,0,1225.65,33.5185,-287.395,0
33.1298,5065.04,14.2549,620,0,4189.6,29.3395,-134.713,0,3043.86,9.6126,435,0,2037.64,9.77079,520,0,1225.74,33.5092,-287.372,0
33.1399,5065.08,14.2593,620,0,4189.68,29.3358,-134.657,0,3043.88,9.61553,435,0,2037.66,9.77443,520,0,1225.84,33.4999,-287.347,0
33.15,5065.12,14.2636,620,0,4189.76,29.3321,-134.6,0,3043.91,9.61846,435,0,2037.69,9.77807,520,0,1225.93,33.4906,-287.322,0
33.1601,5065.16,14.268,620,0,4189.84,29.3284,-134.543,0,3043.94,9.62139,435,0,2037.72,9.78171,520,0,1226.02,33.4812,-287.296,0
33.1701,5065.2,14.2723,620,0,4189.92,29.3246,-134.487,0,3043.96,9.62431,435,0,2037.75,9.78535,520,0,1226.12,33.4719,-287.27,0
33.1802,5065.24,14.2766,620,0,4190,29.3209,-134.429,0,3043.99,9.62724,435,0,2037.77,9.78899,520,0,1226.21,33.4626,-287.243,0
33.1903,5065.28,14.281,620,0,4190.09,29.3172,-134.37,0,3044.02,9.63017,435,0,2037.8,9.79263,520,0,1226.3,33.4533,-287.216,0
33.2003,5065.32,14.2853,620,0,4190.17,29.3135,-134.31,0,3044.04,9.63309,435,0,2037.83,9.79628,520,0,1226.39,33.444,-287.188,0
33.2104,5065.36,14.2897,620,0,4190.25,29.3098,-134.25,0,3044.07,9.63602,435,0,2037.85,9.79992,520,0,1226.49,33.4347,-287.16,0
33.2205,5065.4,14.294,620,0,4190.33,29.3061,-134.19,0,3044.1,9.63895,435,0,2037.88,9.80356,520,0,1226.58,33.4254,-287.131,0
33.2306,5065.43,14.2983,620,0,4190.41,29.3024,-134.129,0,3044.12,9.64188,435,0,2037.91,9.8072,520,0,1226.67,33.416,-287.103,0
33.2406,5065.47,14.3027,620,0,4190.49,29.2987,-134.068,0,3044.15,9.6448,435,0,2037.94,9.81084,520,0,1226.77,33.4067,-287.073,0
33.2507,5065.51,14.307,620,0,4190.57,29.295,-134.007,0,3044.18,9.64773,435,0,2037.96,9.81448,520,0,1226.86,33.3974,-287.043,0
33.2608,5065.55,14.3114,620,0,4190.66,29.2913,-133.947,0,3044.21,9.65066,435,0,2037.99,9.81812,520,0,1226.95,33.3881,-287.011,0
33.2709,5065.59,14.3157,620,0,4190.74,29.2876,-133.885,0,3044.23,9.65358,435,0,2038.02,9.82176,520,0,1227.04,33.3788,-286.979,0
33.2809,5065.63,14.32,620,0,4190.82,29.2839,-133.824,0,3044.26,9.65651,435,0,2038.05,9.8254,520,0,1227.14,33.3695,-286.945,0
33.291,5065.67,14.3244,620,0,4190.9,29.2802,-133.762,0,3044.29,9.65944,435,0,2038.07,9.82904,520,0,1227.23,33.3602,-286.91,0
33.3011,5065.71,14.3287,620,0,4190.98,29.2765,-133.7,0,3044.31,9.66237,435,0,2038.1,9.83268,520,0,1227.32,33.3509,-286.876,0
33.3111,5065.75,14.3331,620,0,4191.06,29.2728,-133.638,0,3044.34,9.66529,435,0,2038.13,9.83632,520,0,1227.41,33.3416,-286.841,0
33.3212,5065.79,14.3374,620,0,4191.14,29.2691,-133.576,0,3044.37,9.66822,435,0,2038.15,9.83996,520,0,1227.51,33.3323,-286.805,0
33.3313,5065.83,14.3417,620,0,4191.23,29.2654,-133.513,0,3044.39,9.67115,435,0,2038.18,9.8436,520,0,1227.6,33.323,-286.77,0
33.3413,5065.87,14.3461,620,0,4191.31,29.2617,-133.451,0,3044.42,9.67407,435,0,2038.21,9.84724,520,0,1227.69,33.3137,-286.734,0
33.3514,5065.91,14.3504,620,0,4191.39,29.258,-133.388,0,3044.45,9.677,435,0,2038.24,9.85088,520,0,1227.79,33.3044,-286.698,0
33.3615,5065.95,14.3548,620,0,4191.47,29.2543,-133.325,0,3044.47,9.67993,435,0,2038.26,9.85453,520,0,1227.88,33.2951,-286.659,0
33.3715,5065.99,14.3591,620,0,4191.55,29.2506,-133.262,0,3044.5,9.68286,435,0,2038.29,9.85817,520,0,1227.97,33.2858,-286.624,0
33.3816,5066.03,14.3635,620,0,4191.63,29.2469,-133.198,0,3044.53,9.68578,435,0,2038.32,9.86181,520,0,1228.06,33.2765,-286.592,0
33.3917,5066.07,14.3678,620,0,4191.71,29.2433,-133.132,0,3044.55,9.68871,435,0,2038.35,9.86545,520,0,1228.15,33.2672,-286.558,0
33.4017,5066.11,14.3721,620,0,4191.79,29.2396,-133.066,0,3044.58,9.69164,435,0,2038.37,9.86909,520,0,1228.25,33.2579,-286.525,0
33.4121,5066.15,14.3765,620,0,4191.88,29.2359,-133.001,0,3044.61,9.69456,435,0,2038.4,9.87273,520,0,1228.34,33.2486,-286.491,0
33.4221,5066.19,14.3808,620,0,4191.96,29.2322,-132.936,0,3044.64,9.69749,435,0,2038.43,9.87637,520,0,1228.43,33.2393,-286.456,0
33.4322,5066.23,14.3852,620,0,4192.04,29.2286,-132.872,0,3044.66,9.70042,435,0,2038.46,9.88001,520,0,1228.52,33.23,-286.422,0
33.4423,5066.27,14.3895,620,0,4192.12,29.2249,-132.808,0,3044.69,9.70335,435,0,2038.48,9.88365,520,0,1228.62,33.2208,-286.387,0
33.4523,5066.31,14.3938,620,0,4192.2,29.2212,-132.743,0,3044.72,9.70627,435,0,2038.51,9.88729,520,0,1228.71,33.2115,-286.352,0
33.4624,5066.35,14.3982,620,0,4192.28,29.2175,-132.678,0,3044.74,9.7092,435,0,2038.54,9.89093,520,0,1228.8,33.2022,-286.315,0
33.4725,5066.39,14.4025,620,0,4192.36,29.2139,-132.612,0,3044.77,9.71213,435,0,2038.57,9.89457,520,0,1228.89,33.1929,-286.278,0
33.4826,5066.43,14.4069,620,0,4192.44,29.2102,-132.547,0,3044.8,9.71505,435,0,2038.59,9.89821,520,0,1228.99,33.1836,-286.241,0
33.4926,5066.47,14.4112,620,0,4192.52,29.2066,-132.481,0,3044.82,9.71798,435,0,2038.62,9.90185,520,0,1229.08,33.1743,-286.203,0
33.5027,5066.51,14.4155,620,0,4192.61,29.2029,-132.416,0,3044.85,9.72091,435,0,2038.65,9.90549,520,0,1229.17,33.1651,-286.165,0
33.5128,5066.55,14.4199,620,0,4192.69,29.1992,-132.35,0,3044.88,9.72383,435,0,2038.68,9.90913,520,0,1229.26,33.1558,-286.126,0
33.5228,5066.59,14.4242,620,0,4192.77,29.1956,-132.284,0,3044.91,9.72676,435,0,2038.7,9.91277,520,0,1229.35,33.1465,-286.085,0
33.5329,5066.63,14.4286,620,0,4192.85,29.1919,-132.217,0,3044.93,9.72969,435,0,2038.73,9.91642,520,0,1229.45,33.1372,-286.043,0
33.543,5066.67,14.4329,620,0,4192.93,29.1883,-132.151,0,3044.96,9.73262,435,0,2038.76,9.92006,520,0,1229.54,33.1279,-286.001,0
33.5531,5066.71,14.4372,620,0,4193.01,29.1846,-132.084,0,3044.99,9.73554,435,0,2038.79,9.9237,520,0,1229.63,33.1187,-285.959,0
33.5631,5066.75,14.4416,620,0,4193.09,29.181,-132.018,0,3045.01,9.73847,435,0,2038.81,9.92734,520,0,1229.72,33.1094,-285.916,0
33.5732,5066.79,14.4459,620,0,4193.17,29.1773,-131.95,0,3045.04,9.7414,435,0,2038.84,9.93098,520,0,1229.81,33.1001,-285.873,0
33.5833,5066.83,14.4503,620,0,4193.25,29.1737,-131.882,0,3045.07,9.74432,435,0,2038.87,9.93462,520,0,1229.91,33.0909,-285.829,0
33.5934,5066.87,14.4546,620,0,4193.34,29.17,-131.813,0,3045.09,9.74725,435,0,2038.9,9.93826,520,0,1230,33.0816,-285.785,0
33.6034,5066.91,14.4589,620,0,4193.42,29.1664,-131.743,0,3045.12,9.75018,435,0,2038.92,9.9419,520,0,1230.09,33.0723,-285.74,0
33.6135,5066.95,14.4633,620,0,4193.5,29.1627,-131.673,0,3045.15,9.75311,435,0,2038.95,9.94554,520,0,1230.18,33.0631,-285.695,0
33.6236,5066.99,14.4676,620,0,4193.58,29.1591,-131.602,0,3045.18,9.75603,435,0,2038.98,9.94918,520,0,1230.27,33.0538,-285.65,0
33.6337,5067.03,14.472,620,0,4193.66,29.1555,-131.531,0,3045.2,9.75896,435,0,2039.01,9.95282,520,0,1230.36,33.0445,-285.604,0
33.6437,5067.07,14.4763,620,0,4193.74,29.1518,-131.461,0,3045.23,9.76189,435,0,2039.03,9.95646,520,0,1230.46,33.0353,-285.557,0
33.6538,5067.11,14.4807,620,0,4193.82,29.1482,-131.39,0,3045.26,9.76481,435,0,2039.06,9.9601,520,0,1230.55,33.026,-285.51,0
33.6639,5067.15,14.485,620,0,4193.9,29.1446,-131.32,0,3045.28,9.76774,435,0,2039.09,9.96374,520,0,1230.64,33.0167,-285.463,0
33.6739,5067.19,14.4893,620,0,4193.98,29.1409,-131.249,0,3045.31,9.77067,435,0,2039.12,9.96738,520,0,1230.73,33.0075,-285.415,0
33.684,5067.23,14.4937,620,0,4194.06,29.1373,-131.177,0,3045.34,9.7736,435,0,2039.15,9.97102,520,0,1230.82,32.9982,-285.367,0
33.6941,5067.27,14.498,620,0,4194.14,29.1337,-131.105,0,3045.37,9.77652,435,0,2039.17,9.97467,520,0,1230.92,32.989,-285.325,0
33.7041,5067.32,14.5024,620,0,4194.23,29.1301,-131.033,0,3045.39,9.77945,435,0,2039.2,9.97831,520,0,1231.01,32.9797,-285.281,0
33.7142,5067.36,14.5067,620,0,4194.31,29.1264,-130.961,0,3045.42,9.78238,435,0,2039.23,9.98195,520,0,1231.1,32.9705,-285.237,0
33.7243,5067.4,14.511,620,0,4194.39,29.1228,-130.889,0,3045.45,9.7853,435,0,2039.26,9.98559,520,0,1231.19,32.9612,-285.193,0
33.7343,5067.44,14.5154,620,0,4194.47,29.1192,-130.817,0,3045.47,9.78823,435,0,2039.28,9.98923,520,0,1231.28,32.952,-285.148,0
33.7444,5067.48,14.5197,620,0,4194.55,29.1156,-130.745,0,3045.5,9.79116,435,0,2039.31,9.99287,520,0,1231.37,32.9427,-285.103,0
33.7545,5067.52,14.5241,620,0,4194.63,29.112,-130.672,0,3045.53,9.79409,435,0,2039.34,9.99651,520,0,1231.46,32.9335,-285.058,0
33.7646,5067.56,14.5284,620,0,4194.71,29.1084,-130.599,0,3045.56,9.79701,435,0,2039.37,10.0001,520,0,1231.56,32.9242,-285.011,0
33.7747,5067.6,14.5327,620,0,4194.79,29.1048,-130.526,0,3045.58,9.79994,435,0,2039.4,10.0038,520,0,1231.65,32.915,-284.963,0
33.7848,5067.64,14.5371,620,0,4194.87,29.1011,-130.452,0,3045.61,9.80287,435,0,2039.42,10.0074,520,0,1231.74,32.9058,-284.915,0
33.7949,5067.68,14.5414,620,0,4194.95,29.0975,-130.376,0,3045.64,9.80579,435,0,2039.45,10.0111,520,0,1231.83,32.8965,-284.865,0
33.805,5067.72,14.5458,620,0,4195.03,29.0939,-130.301,0,3045.67,9.80872,435,0,2039.48,10.0147,520,0,1231.92,32.8873,-284.815,0
33.8161,5067.76,14.5501,620,0,4195.12,29.0903,-130.225,0,3045.69,9.81165,435,0,2039.51,10.0184,520,0,1232.01,32.878,-284.765,0
33.8261,5067.8,14.5544,620,0,4195.2,29.0867,-130.148,0,3045.72,9.81458,435,0,2039.53,10.022,520,0,1232.1,32.8688,-284.716,0
33.8362,5067.84,14.5588,620,0,4195.28,29.0831,-130.072,0,3045.75,9.8175,435,0,2039.56,10.0256,520,0,1232.2,32.8596,-284.664,0
33.8463,5067.88,14.5631,620,0,4195.36,29.0795,-129.996,0,3045.77,9.82043,435,0,2039.59,10.0293,520,0,1232.29,32.8504,-284.613,0
33.8564,5067.92,14.5675,620,0,4195.44,29.076,-129.919,0,3045.8,9.82336,435,0,2039.62,10.0329,520,0,1232.38,32.8411,-284.56,0
33.8664,5067.96,14.5718,620,0,4195.52,29.0724,-129.843,0,3045.83,9.82628,435,0,2039.65,10.0366,520,0,1232.47,32.8319,-284.508,0
33.8765,5068,14.5761,620,0,4195.6,29.0688,-129.766,0,3045.86,9.82921,435,0,2039.67,10.0402,520,0,1232.56,32.8227,-284.456,0
33.8866,5068.04,14.5805,620,0,4195.68,29.0652,-129.688,0,3045.88,9.83214,435,0,2039.7,10.0438,520,0,1232.65,32.8134,-284.403,0
33.8966,5068.08,14.5848,620,0,4195.76,29.0616,-129.611,0,3045.91,9.83506,435,0,2039.73,10.0475,520,0,1232.74,32.8042,-284.349,0
33.9067,5068.12,14.5892,620,0,4195.84,29.058,-129.533,0,3045.94,9.83799,435,0,2039.76,10.0511,520,0,1232.83,32.795,-284.294,0
33.9168,5068.16,14.5935,620,0,4195.92,29.0544,-129.456,0,3045.97,9.84092,435,0,2039.79,10.0548,520,0,1232.92,32.7858,-284.24,0
33.9269,5068.2,14.5979,620,0,4196,29.0509,-129.379,0,3045.99,9.84385,435,0,2039.81,10.0584,520,0,1233.02,32.7766,-284.186,0
33.937,5068.24,14.6022,620,0,4196.08,29.0473,-129.301,0,3046.02,9.84677,435,0,2039.84,10.062,520,0,1233.11,32.7674,-284.13,0
33.947,5068.29,14.6065,620,0,4196.16,29.0437,-129.222,0,3046.05,9.8497,435,0,2039.87,10.0657,520,0,1233.2,32.7581,-284.074,0
33.9571,5068.33,14.6109,620,0,4196.25,29.0402,-129.144,0,3046.07,9.85263,435,0,2039.9,10.0693,520,0,1233.29,32.7489,-284.018,0
33.9672,5068.37,14.6152,620,0,4196.33,29.0366,-129.067,0,3046.1,9.85555,435,0,2039.93,10.073,520,0,1233.38,32.7397,-283.961,0
33.9772,5068.41,14.6196,620,0,4196.41,29.033,-128.988,0,3046.13,9.85848,435,0,2039.95,10.0766,520,0,1233.47,32.7305,-283.905,0
33.9873,5068.45,14.6239,620,0,4196.49,29.0295,-128.907,0,3046.16,9.86141,435,0,2039.98,10.0802,520,0,1233.56,32.7213,-283.848,0
33.9974,5068.49,14.6282,620,0,4196.57,29.0259,-128.826,0,3046.18,9.86434,435,0,2040.01,10.0839,520,0,1233.65,32.7121,-283.79,0
34.0075,5068.53,14.6326,620,0,4196.65,29.0223,-128.745,0,3046.21,9.86726,435,0,2040.04,10.0875,520,0,1233.74,32.7029,-283.734,0
34.0175,5068.57,14.6369,620,0,4196.73,29.0188,-128.663,0,3046.24,9.87019,435,0,2040.07,10.0912,520,0,1233.83,32.6937,-283.682,0
34.0276,5068.61,14.6413,620,0,4196.81,29.0152,-128.581,0,3046.27,9.87312,435,0,2040.09,10.0948,520,0,1233.92,32.6845,-283.627,0
34.0377,5068.65,14.6456,620,0,4196.89,29.0117,-128.5,0,3046.29,9.87604,435,0,2040.12,10.0984,520,0,1234.02,32.6753,-283.572,0
34.0477,5068.69,14.6499,620,0,4196.97,29.0081,-128.418,0,3046.32,9.87897,435,0,2040.15,10.1021,520,0,1234.11,32.6661,-283.516,0
34.0578,5068.73,14.6543,620,0,4197.05,29.0046,-128.336,0,3046.35,9.8819,435,0,2040.18,10.1057,520,0,1234.2,32.6569,-283.459,0
34.0679,5068.77,14.6586,620,0,4197.13,29.001,-128.254,0,3046.38,9.88483,435,0,2040.21,10.1094,520,0,1234.29,32.6477,-283.402,0
34.0779,5068.81,14.663,620,0,4197.21,28.9975,-128.171,0,3046.4,9.88775,435,0,2040.23,10.113,520,0,1234.38,32.6385,-283.345,0
34.088,5068.85,14.6673,620,0,4197.29,28.9939,-128.089,0,3046.43,9.89068,435,0,2040.26,10.1166,520,0,1234.47,32.6293,-283.288,0
34.0981,5068.9,14.6716,620,0,4197.37,28.9904,-128.006,0,3046.46,9.89361,435,0,2040.29,10.1203,520,0,1234.56,32.6202,-283.229,0
34.1082,5068.94,14.676,620,0,4197.45,28.9869,-127.923,0,3046.49,9.89653,435,0,2040.32,10.1239,520,0,1234.65,32.611,-283.171,0
34.1183,5068.98,14.6803,620,0,4197.53,28.9833,-127.841,0,3046.51,9.89946,435,0,2040.35,10.1276,520,0,1234.74,32.6018,-283.112,0
34.1284,5069.02,14.6847,620,0,4197.62,28.9798,-127.757,0,3046.54,9.90239,435,0,2040.37,10.1312,520,0,1234.83,32.5926,-283.052,0
34.1385,5069.06,14.689,620,0,4197.7,28.9763,-127.674,0,3046.57,9.90532,435,0,2040.4,10.1349,520,0,1234.92,32.5834,-282.993,0
34.1485,5069.1,14.6933,620,0,4197.78,28.9727,-127.591,0,3046.6,9.90824,435,0,2040.43,10.1385,520,0,1235.01,32.5743,-282.932,0
34.1586,5069.14,14.6977,620,0,4197.86,28.9692,-127.508,0,3046.62,9.91117,435,0,2040.46,10.1421,520,0,1235.1,32.5651,-282.871,0
34.1687,5069.18,14.702,620,0,4197.94,28.9657,-127.424,0,3046.65,9.9141,435,0,2040.49,10.1458,520,0,1235.19,32.5559,-282.811,0
34.1787,5069.22,14.7064,620,0,4198.02,28.9622,-127.339,0,3046.68,9.91702,435,0,2040.52,10.1494,520,0,1235.28,32.5467,-282.75,0
34.1888,5069.26,14.7107,620,0,4198.1,28.9586,-127.253,0,3046.71,9.91995,435,0,2040.54,10.1531,520,0,1235.37,32.5376,-282.688,0
34.1989,5069.3,14.7151,620,0,4198.18,28.9551,-127.167,0,3046.73,9.92288,435,0,2040.57,10.1567,520,0,1235.46,32.5284,-282.626,0
34.209,5069.34,14.7194,620,0,4198.26,28.9516,-127.08,0,3046.76,9.9258,435,0,2040.6,10.1603,520,0,1235.55,32.5192,-282.563,0
34.2191,5069.39,14.7237,620,0,4198.34,28.9481,-126.994,0,3046.79,9.92873,435,0,2040.63,10.164,520,0,1235.64,32.5101,-282.5,0
34.2292,5069.43,14.7281,620,0,4198.42,28.9446,-126.906,0,3046.82,9.93166,435,0,2040.66,10.1676,520,0,1235.74,32.5009,-282.437,0
34.2392,5069.47,14.7324,620,0,4198.5,28.9411,-126.82,0,3046.84,9.93459,435,0,2040.68,10.1713,520,0,1235.83,32.4918,-282.373,0
34.2493,5069.51,14.7368,620,0,4198.58,28.9376,-126.735,0,3046.87,9.93751,435,0,2040.71,10.1749,520,0,1235.92,32.4826,-282.309,0
34.2594,5069.55,14.7411,620,0,4198.66,28.9341,-126.65,0,3046.9,9.94044,435,0,2040.74,10.1785,520,0,1236.01,32.4735,-282.244,0
34.2694,5069.59,14.7454,620,0,4198.74,28.9306,-126.564,0,3046.93,9.94337,435,0,2040.77,10.1822,520,0,1236.1,32.4643,-282.179,0
34.2795,5069.63,14.7498,620,0,4198.82,28.9271,-126.479,0,3046.95,9.94629,435,0,2040.8,10.1858,520,0,1236.19,32.4552,-282.112,0
34.2896,5069.67,14.7541,620,0,4198.9,28.9236,-126.394,0,3046.98,9.94922,435,0,2040.83,10.1895,520,0,1236.28,32.446,-282.045,0
34.2996,5069.71,14.7585,620,0,4198.98,28.9201,-126.308,0,3047.01,9.95215,435,0,2040.85,10.1931,520,0,1236.37,32.4369,-281.977,0
34.3101,5069.75,14.7628,620,0,4199.06,28.9166,-126.222,0,3047.04,9.95508,435,0,2040.88,10.1967,520,0,1236.46,32.4277,-281.909,0
34.3201,5069.8,14.7671,620,0,4199.14,28.9131,-126.136,0,3047.07,9.958,435,0,2040.91,10.2004,520,0,1236.55,32.4186,-281.84,0
34.3302,5069.84,14.7715,620,0,4199.22,28.9096,-126.05,0,3047.09,9.96093,435,0,2040.94,10.204,520,0,1236.64,32.4094,-281.775,0
34.3403,5069.88,14.7758,620,0,4199.3,28.9062,-125.964,0,3047.12,9.96386,435,0,2040.97,10.2077,520,0,1236.73,32.4003,-281.711,0
34.3503,5069.92,14.7802,620,0,4199.38,28.9027,-125.878,0,3047.15,9.96678,435,0,2041,10.2113,520,0,1236.82,32.3912,-281.647,0
34.3604,5069.96,14.7845,620,0,4199.46,28.8992,-125.792,0,3047.18,9.96971,435,0,2041.02,10.2149,520,0,1236.91,32.382,-281.582,0
34.3705,5070,14.7888,620,0,4199.54,28.8957,-125.705,0,3047.2,9.97264,435,0,2041.05,10.2186,520,0,1237,32.3729,-281.517,0
34.3806,5070.04,14.7932,620,0,4199.62,28.8922,-125.617,0,3047.23,9.97557,435,0,2041.08,10.2222,520,0,1237.09,32.3638,-281.451,0
34.3906,5070.08,14.7975,620,0,4199.7,28.8888,-125.527,0,3047.26,9.97849,435,0,2041.11,10.2259,520,0,1237.18,32.3547,-281.386,0
34.4007,5070.12,14.8019,620,0,4199.79,28.8853,-125.438,0,3047.29,9.98142,435,0,2041.14,10.2295,520,0,1237.27,32.3455,-281.32,0
34.4108,5070.16,14.8062,620,0,4199.87,28.8818,-125.348,0,3047.31,9.98435,435,0,2041.17,10.2331,520,0,1237.36,32.3364,-281.253,0
34.4208,5070.21,14.8105,620,0,4199.95,28.8784,-125.259,0,3047.34,9.98727,435,0,2041.19,10.2368,520,0,1237.45,32.3273,-281.186,0
34.4309,5070.25,14.8149,620,0,4200.03,28.8749,-125.169,0,3047.37,9.9902,435,0,2041.22,10.2404,520,0,1237.54,32.3182,-281.119,0
34.441,5070.29,14.8192,620,0,4200.11,28.8715,-125.079,0,3047.4,9.99313,435,0,2041.25,10.2441,520,0,1237.63,32.3091,-281.051,0
34.4511,5070.33,14.8236,620,0,4200.19,28.868,-124.989,0,3047.43,9.99606,435,0,2041.28,10.2477,520,0,1237.71,32.2999,-280.983,0
34.4611,5070.37,14.8279,620,0,4200.27,28.8645,-124.899,0,3047.45,9.99898,435,0,2041.31,10.2514,520,0,1237.8,32.2908,-280.914,0
34.4712,5070.41,14.8323,620,0,4200.35,28.8611,-124.809,0,3047.48,10.0019,435,0,2041.34,10.255,520,0,1237.89,32.2817,-280.845,0
34.4813,5070.45,14.8366,620,0,4200.43,28.8576,-124.719,0,3047.51,10.0048,435,0,2041.37,10.2586,520,0,1237.98,32.2726,-280.777,0
34.4913,5070.49,14.8409,620,0,4200.51,28.8542,-124.628,0,3047.54,10.0078,435,0,2041.39,10.2623,520,0,1238.07,32.2635,-280.706,0
34.5014,5070.54,14.8453,620,0,4200.59,28.8508,-124.538,0,3047.56,10.0107,435,0,2041.42,10.2659,520,0,1238.16,32.2544,-280.636,0
34.5115,5070.58,14.8496,620,0,4200.67,28.8473,-124.447,0,3047.59,10.0136,435,0,2041.45,10.2696,520,0,1238.25,32.2453,-280.566,0
34.5216,5070.62,14.854,620,0,4200.75,28.8439,-124.356,0,3047.62,10.0165,435,0,2041.48,10.2732,520,0,1238.34,32.2362,-280.495,0
34.5316,5070.66,14.8583,620,0,4200.83,28.8404,-124.265,0,3047.65,10.0195,435,0,2041.51,10.2768,520,0,1238.43,32.2271,-280.423,0
34.5417,5070.7,14.8626,620,0,4200.91,28.837,-124.174,0,3047.68,10.0224,435,0,2041.54,10.2805,520,0,1238.52,32.218,-280.349,0
34.5518,5070.74,14.867,620,0,4200.99,28.8336,-124.083,0,3047.7,10.0253,435,0,2041.57,10.2841,520,0,1238.61,32.2089,-280.275,0
34.5618,5070.78,14.8713,620,0,4201.07,28.8302,-123.992,0,3047.73,10.0283,435,0,2041.59,10.2878,520,0,1238.7,32.1998,-280.202,0
34.5719,5070.82,14.8757,620,0,4201.15,28.8267,-123.9,0,3047.76,10.0312,435,0,2041.62,10.2914,520,0,1238.79,32.1908,-280.127,0
34.582,5070.87,14.88,620,0,4201.23,28.8233,-123.806,0,3047.79,10.0341,435,0,2041.65,10.295,520,0,1238.88,32.1817,-280.052,0
34.592,5070.91,14.8843,620,0,4201.31,28.8199,-123.712,0,3047.82,10.037,435,0,2041.68,10.2987,520,0,1238.97,32.1726,-279.977,0
34.6021,5070.95,14.8887,620,0,4201.39,28.8165,-123.618,0,3047.84,10.04,435,0,2041.71,10.3023,520,0,1239.06,32.1635,-279.901,0
34.6122,5070.99,14.893,620,0,4201.47,28.813,-123.523,0,3047.87,10.0429,435,0,2041.74,10.306,520,0,1239.15,32.1544,-279.825,0
34.6223,5071.03,14.8974,620,0,4201.55,28.8096,-123.429,0,3047.9,10.0458,435,0,2041.77,10.3096,520,0,1239.24,32.1454,-279.749,0
34.6324,5071.07,14.9017,620,0,4201.63,28.8062,-123.334,0,3047.93,10.0487,435,0,2041.79,10.3132,520,0,1239.33,32.1363,-279.672,0
34.6425,5071.11,14.906,620,0,4201.71,28.8028,-123.24,0,3047.95,10.0517,435,0,2041.82,10.3169,520,0,1239.41,32.1272,-279.596,0
34.6525,5071.16,14.9104,620,0,4201.79,28.7994,-123.146,0,3047.98,10.0546,435,0,2041.85,10.3205,520,0,1239.5,32.1182,-279.521,0
34.6626,5071.2,14.9147,620,0,4201.87,28.796,-123.05,0,3048.01,10.0575,435,0,2041.88,10.3242,520,0,1239.59,32.1091,-279.45,0
34.6727,5071.24,14.9191,620,0,4201.95,28.7926,-122.956,0,3048.04,10.0605,435,0,2041.91,10.3278,520,0,1239.68,32.1,-279.377,0
34.6828,5071.28,14.9234,620,0,4202.03,28.7892,-122.86,0,3048.07,10.0634,435,0,2041.94,10.3314,520,0,1239.77,32.091,-279.304,0
34.6929,5071.32,14.9277,620,0,4202.11,28.7858,-122.765,0,3048.09,10.0663,435,0,2041.97,10.3351,520,0,1239.86,32.0819,-279.23,0
34.7029,5071.36,14.9321,620,0,4202.19,28.7824,-122.67,0,3048.12,10.0692,435,0,2042,10.3387,520,0,1239.95,32.0729,-279.158,0
34.713,5071.4,14.9364,620,0,4202.27,28.779,-122.573,0,3048.15,10.0722,435,0,2042.02,10.3424,520,0,1240.04,32.0638,-279.084,0
34.7231,5071.45,14.9408,620,0,4202.35,28.7757,-122.479,0,3048.18,10.0751,435,0,2042.05,10.346,520,0,1240.13,32.0548,-279.009,0
34.7332,5071.49,14.9451,620,0,4202.43,28.7723,-122.384,0,3048.21,10.078,435,0,2042.08,10.3496,520,0,1240.22,32.0457,-278.934,0
34.7432,5071.53,14.9495,620,0,4202.51,28.7689,-122.287,0,3048.23,10.0809,435,0,2042.11,10.3533,520,0,1240.31,32.0367,-278.859,0
34.7533,5071.57,14.9538,620,0,4202.59,28.7655,-122.191,0,3048.26,10.0839,435,0,2042.14,10.3569,520,0,1240.39,32.0276,-278.784,0
34.7634,5071.61,14.9581,620,0,4202.67,28.7621,-122.095,0,3048.29,10.0868,435,0,2042.17,10.3606,520,0,1240.48,32.0186,-278.708,0
34.7734,5071.65,14.9625,620,0,4202.75,28.7588,-121.998,0,3048.32,10.0897,435,0,2042.2,10.3642,520,0,1240.57,32.0096,-278.631,0
34.7835,5071.7,14.9668,620,0,4202.83,28.7554,-121.899,0,3048.35,10.0926,435,0,2042.23,10.3679,520,0,1240.66,32.0005,-278.554,0
34.7936,5071.74,14.9712,620,0,4202.91,28.752,-121.801,0,3048.37,10.0956,435,0,2042.25,10.3715,520,0,1240.75,31.9915,-278.475,0
34.8037,5071.78,14.9755,620,0,4202.99,28.7487,-121.702,0,3048.4,10.0985,435,0,2042.28,10.3751,520,0,1240.84,31.9825,-278.395,0
34.8138,5071.82,14.9798,620,0,4203.07,28.7453,-121.603,0,3048.43,10.1014,435,0,2042.31,10.3788,520,0,1240.93,31.9734,-278.316,0
34.8238,5071.86,14.9842,620,0,4203.15,28.7419,-121.504,0,3048.46,10.1044,435,0,2042.34,10.3824,520,0,1241.02,31.9644,-278.236,0
34.8339,5071.9,14.9885,620,0,4203.23,28.7386,-121.405,0,3048.49,10.1073,435,0,2042.37,10.3861,520,0,1241.11,31.9554,-278.156,0
34.844,5071.94,14.9929,620,0,4203.31,28.7352,-121.305,0,3048.51,10.1102,435,0,2042.4,10.3897,520,0,1241.19,31.9464,-278.076,0
34.8541,5071.99,14.9972,620,0,4203.39,28.7319,-121.207,0,3048.54,10.1131,435,0,2042.43,10.3933,520,0,1241.28,31.9374,-277.995,0
34.8642,5072.03,15.0015,620,0,4203.47,28.7285,-121.107,0,3048.57,10.1161,435,0,2042.46,10.397,520,0,1241.37,31.9284,-277.913,0
34.8742,5072.07,15.0059,620,0,4203.55,28.7252,-121.008,0,3048.6,10.119,435,0,2042.48,10.4006,520,0,1241.46,31.9193,-277.832,0
34.8843,5072.11,15.0102,620,0,4203.63,28.7218,-120.908,0,3048.63,10.1219,435,0,2042.51,10.4043,520,0,1241.55,31.9103,-277.75,0
34.8944,5072.15,15.0146,620,0,4203.71,28.7185,-120.808,0,3048.66,10.1248,435,0,2042.54,10.4079,520,0,1241.64,31.9013,-277.668,0
34.9045,5072.2,15.0189,620,0,4203.78,28.7152,-120.708,0,3048.68,10.1278,435,0,2042.57,10.4115,520,0,1241.73,31.8923,-277.586,0
34.9145,5072.24,15.0232,620,0,4203.86,28.7118,-120.609,0,3048.71,10.1307,435,0,2042.6,10.4152,520,0,1241.81,31.8833,-277.503,0
34.9246,5072.28,15.0276,620,0,4203.94,28.7085,-120.509,0,3048.74,10.1336,435,0,2042.63,10.4188,520,0,1241.9,31.8743,-277.419,0
34.9347,5072.32,15.0319,620,0,4204.02,28.7052,-120.408,0,3048.77,10.1366,435,0,2042.66,10.4225,520,0,1241.99,31.8653,-277.336,0
34.9447,5072.36,15.0363,620,0,4204.1,28.7018,-120.308,0,3048.8,10.1395,435,0,2042.69,10.4261,520,0,1242.08,31.8563,-277.252,0
34.9548,5072.4,15.0406,620,0,4204.18,28.6985,-120.208,0,3048.82,10.1424,435,0,2042.72,10.4297,520,0,1242.17,31.8474,-277.168,0
34.9649,5072.45,15.0449,620,0,4204.26,28.6952,-120.107,0,3048.85,10.1453,435,0,2042.75,10.4334,520,0,1242.26,31.8384,-277.083,0
34.9749,5072.49,15.0493,620,0,4204.34,28.6919,-120.004,0,3048.88,10.1483,435,0,2042.77,10.437,520,0,1242.35,31.8294,-277,0
34.985,5072.53,15.0536,620,0,4204.42,28.6886,-119.902,0,3048.91,10.1512,435,0,2042.8,10.4407,520,0,1242.43,31.8204,-276.921,0
34.9951,5072.57,15.058,620,0,4204.5,28.6852,-119.798,0,3048.94,10.1541,435,0,2042.83,10.4443,520,0,1242.52,31.8114,-276.84,0
35.0052,5072.61,15.0623,620,0,4204.58,28.6819,-119.696,0,3048.97,10.157,435,0,2042.86,10.4479,520,0,1242.61,31.8024,-276.759,0
35.0152,5072.65,15.0667,620,0,4204.66,28.6786,-119.592,0,3048.99,10.16,435,0,2042.89,10.4516,520,0,1242.7,31.7935,-276.679,0
35.0253,5072.7,15.071,620,0,4204.74,28.6753,-119.489,0,3049.02,10.1629,435,0,2042.92,10.4552,520,0,1242.79,31.7845,-276.598,0
35.0354,5072.74,15.0753,620,0,4204.82,28.672,-119.385,0,3049.05,10.1658,435,0,2042.95,10.4589,520,0,1242.88,31.7755,-276.515,0
35.0454,5072.78,15.0797,620,0,4204.9,28.6687,-119.281,0,3049.08,10.1688,435,0,2042.98,10.4625,520,0,1242.96,31.7666,-276.432,0
35.0555,5072.82,15.084,620,0,4204.98,28.6654,-119.178,0,3049.11,10.1717,435,0,2043.01,10.4661,520,0,1243.05,31.7576,-276.347,0
35.0656,5072.86,15.0884,620,0,4205.06,28.6621,-119.075,0,3049.13,10.1746,435,0,2043.04,10.4698,520,0,1243.14,31.7486,-276.263,0
35.0756,5072.91,15.0927,620,0,4205.14,28.6588,-118.971,0,3049.16,10.1775,435,0,2043.06,10.4734,520,0,1243.23,31.7397,-276.179,0
35.0857,5072.95,15.097,620,0,4205.22,28.6556,-118.867,0,3049.19,10.1805,435,0,2043.09,10.4771,520,0,1243.32,31.7307,-276.094,0
35.0958,5072.99,15.1014,620,0,4205.3,28.6523,-118.763,0,3049.22,10.1834,435,0,2043.12,10.4807,520,0,1243.4,31.7218,-276.008,0
35.1059,5073.03,15.1057,620,0,4205.38,28.649,-118.659,0,3049.25,10.1863,435,0,2043.15,10.4844,520,0,1243.49,31.7128,-275.923,0
35.1159,5073.07,15.1101,620,0,4205.46,28.6457,-118.555,0,3049.28,10.1892,435,0,2043.18,10.488,520,0,1243.58,31.7039,-275.836,0
35.126,5073.12,15.1144,620,0,4205.54,28.6424,-118.45,0,3049.3,10.1922,435,0,2043.21,10.4916,520,0,1243.67,31.6949,-275.75,0
35.1361,5073.16,15.1187,620,0,4205.62,28.6392,-118.348,0,3049.33,10.1951,435,0,2043.24,10.4953,520,0,1243.76,31.686,-275.664,0
35.1461,5073.2,15.1231,620,0,4205.7,28.6359,-118.245,0,3049.36,10.198,435,0,2043.27,10.4989,520,0,1243.84,31.6771,-275.576,0
35.1562,5073.24,15.1274,620,0,4205.78,28.6326,-118.143,0,3049.39,10.201,435,0,2043.3,10.5026,520,0,1243.93,31.6681,-275.489,0
35.1663,5073.28,15.1318,620,0,4205.86,28.6294,-118.04,0,3049.42,10.2039,435,0,2043.33,10.5062,520,0,1244.02,31.6592,-275.402,0
35.1763,5073.33,15.1361,620,0,4205.93,28.6261,-117.935,0,3049.45,10.2068,435,0,2043.36,10.5098,520,0,1244.11,31.6503,-275.314,0
35.1864,5073.37,15.1404,620,0,4206.01,28.6229,-117.83,0,3049.47,10.2097,435,0,2043.39,10.5135,520,0,1244.2,31.6413,-275.225,0
35.1965,5073.41,15.1448,620,0,4206.09,28.6196,-117.725,0,3049.5,10.2127,435,0,2043.41,10.5171,520,0,1244.28,31.6324,-275.136,0
35.2066,5073.45,15.1491,620,0,4206.17,28.6163,-117.619,0,3049.53,10.2156,435,0,2043.44,10.5208,520,0,1244.37,31.6235,-275.048,0
35.2166,5073.49,15.1535,620,0,4206.25,28.6131,-117.514,0,3049.56,10.2185,435,0,2043.47,10.5244,520,0,1244.46,31.6146,-274.958,0
35.2267,5073.54,15.1578,620,0,4206.33,28.6098,-117.408,0,3049.59,10.2214,435,0,2043.5,10.528,520,0,1244.55,31.6057,-274.869,0
35.2368,5073.58,15.1621,620,0,4206.41,28.6066,-117.303,0,3049.62,10.2244,435,0,2043.53,10.5317,520,0,1244.64,31.5968,-274.779,0
35.2469,5073.62,15.1665,620,0,4206.49,28.6034,-117.197,0,3049.65,10.2273,435,0,2043.56,10.5353,520,0,1244.72,31.5878,-274.689,0
35.257,5073.66,15.1708,620,0,4206.57,28.6001,-117.091,0,3049.67,10.2302,435,0,2043.59,10.539,520,0,1244.81,31.5789,-274.598,0
35.2671,5073.7,15.1752,620,0,4206.65,28.5969,-116.985,0,3049.7,10.2332,435,0,2043.62,10.5426,520,0,1244.9,31.57,-274.507,0
35.2771,5073.75,15.1795,620,0,4206.73,28.5937,-116.88,0,3049.73,10.2361,435,0,2043.65,10.5462,520,0,1244.99,31.5611,-274.416,0
35.2872,5073.79,15.1838,620,0,4206.81,28.5904,-116.773,0,3049.76,10.239,435,0,2043.68,10.5499,520,0,1245.07,31.5522,-274.323,0
35.2973,5073.83,15.1882,620,0,4206.89,28.5872,-116.667,0,3049.79,10.2419,435,0,2043.71,10.5535,520,0,1245.16,31.5433,-274.23,0
35.3073,5073.87,15.1925,620,0,4206.97,28.584,-116.561,0,3049.82,10.2449,435,0,2043.74,10.5572,520,0,1245.25,31.5345,-274.138,0
35.3174,5073.92,15.1969,620,0,4207.05,28.5808,-116.455,0,3049.84,10.2478,435,0,2043.77,10.5608,520,0,1245.34,31.5256,-274.05,0
35.3275,5073.96,15.2012,620,0,4207.13,28.5775,-116.348,0,3049.87,10.2507,435,0,2043.8,10.5644,520,0,1245.42,31.5167,-273.961,0
35.3376,5074,15.2056,620,0,4207.21,28.5743,-116.242,0,3049.9,10.2536,435,0,2043.82,10.5681,520,0,1245.51,31.5078,-273.872,0
35.3477,5074.04,15.2099,620,0,4207.29,28.5711,-116.136,0,3049.93,10.2566,435,0,2043.85,10.5717,520,0,1245.6,31.4989,-273.782,0
35.3577,5074.08,15.2142,620,0,4207.36,28.5679,-116.029,0,3049.96,10.2595,435,0,2043.88,10.5754,520,0,1245.69,31.49,-273.692,0
35.3678,5074.13,15.2186,620,0,4207.44,28.5647,-115.92,0,3049.99,10.2624,435,0,2043.91,10.579,520,0,1245.77,31.4812,-273.601,0
35.3779,5074.17,15.2229,620,0,4207.52,28.5615,-115.811,0,3050.02,10.2653,435,0,2043.94,10.5826,520,0,1245.86,31.4723,-273.511,0
35.388,5074.21,15.2273,620,0,4207.6,28.5583,-115.702,0,3050.04,10.2683,435,0,2043.97,10.5863,520,0,1245.95,31.4634,-273.419,0
35.3981,5074.25,15.2316,620,0,4207.68,28.5551,-115.593,0,3050.07,10.2712,435,0,2044,10.5899,520,0,1246.04,31.4546,-273.328,0
35.4081,5074.3,15.2359,620,0,4207.76,28.5519,-115.484,0,3050.1,10.2741,435,0,2044.03,10.5936,520,0,1246.12,31.4457,-273.236,0
35.4182,5074.34,15.2403,620,0,4207.84,28.5487,-115.375,0,3050.13,10.2771,435,0,2044.06,10.5972,520,0,1246.21,31.4369,-273.145,0
35.4283,5074.38,15.2446,620,0,4207.92,28.5455,-115.264,0,3050.16,10.28,435,0,2044.09,10.6008,520,0,1246.3,31.428,-273.052,0
35.4384,5074.42,15.249,620,0,4208,28.5424,-115.155,0,3050.19,10.2829,435,0,2044.12,10.6045,520,0,1246.39,31.4191,-272.959,0
35.4484,5074.47,15.2533,620,0,4208.08,28.5392,-115.045,0,3050.21,10.2858,435,0,2044.15,10.6081,520,0,1246.47,31.4103,-272.867,0
35.4585,5074.51,15.2576,620,0,4208.16,28.536,-114.936,0,3050.24,10.2888,435,0,2044.18,10.6118,520,0,1246.56,31.4014,-272.774,0
35.4686,5074.55,15.262,620,0,4208.24,28.5328,-114.826,0,3050.27,10.2917,435,0,2044.21,10.6154,520,0,1246.65,31.3926,-272.681,0
35.4786,5074.59,15.2663,620,0,4208.32,28.5297,-114.716,0,3050.3,10.2946,435,0,2044.24,10.6191,520,0,1246.73,31.3838,-272.587,0
35.4887,5074.64,15.2707,620,0,4208.4,28.5265,-114.606,0,3050.33,10.2975,435,0,2044.27,10.6227,520,0,1246.82,31.3749,-272.492,0
35.4988,5074.68,15.275,620,0,4208.47,28.5233,-114.496,0,3050.36,10.3005,435,0,2044.3,10.6263,520,0,1246.91,31.3661,-272.398,0
35.5088,5074.72,15.2793,620,0,4208.55,28.5202,-114.386,0,3050.39,10.3034,435,0,2044.33,10.63,520,0,1247,31.3573,-272.303,0
35.5189,5074.76,15.2837,620,0,4208.63,28.517,-114.276,0,3050.42,10.3063,435,0,2044.36,10.6336,520,0,1247.08,31.3484,-272.208,0
35.529,5074.81,15.288,620,0,4208.71,28.5138,-114.166,0,3050.44,10.3093,435,0,2044.38,10.6373,520,0,1247.17,31.3396,-272.113,0
35.539,5074.85,15.2924,620,0,4208.79,28.5107,-114.055,0,3050.47,10.3122,435,0,2044.41,10.6409,520,0,1247.26,31.3308,-272.015,0
35.5491,5074.89,15.2967,620,0,4208.87,28.5075,-113.946,0,3050.5,10.3151,435,0,2044.44,10.6445,520,0,1247.34,31.322,-271.917,0
35.5592,5074.93,15.301,620,0,4208.95,28.5044,-113.833,0,3050.53,10.318,435,0,2044.47,10.6482,520,0,1247.43,31.3131,-271.82,0
35.5692,5074.98,15.3054,620,0,4209.03,28.5012,-113.721,0,3050.56,10.321,435,0,2044.5,10.6518,520,0,1247.52,31.3043,-271.721,0
35.5793,5075.02,15.3097,620,0,4209.11,28.4981,-113.608,0,3050.59,10.3239,435,0,2044.53,10.6555,520,0,1247.61,31.2955,-271.623,0
35.5894,5075.06,15.3141,620,0,4209.19,28.495,-113.495,0,3050.62,10.3268,435,0,2044.56,10.6591,520,0,1247.69,31.2867,-271.524,0
35.5995,5075.1,15.3184,620,0,4209.27,28.4918,-113.382,0,3050.64,10.3297,435,0,2044.59,10.6627,520,0,1247.78,31.2779,-271.425,0
35.6096,5075.15,15.3228,620,0,4209.35,28.4887,-113.268,0,3050.67,10.3327,435,0,2044.62,10.6664,520,0,1247.87,31.2691,-271.325,0
35.6196,5075.19,15.3271,620,0,4209.42,28.4856,-113.156,0,3050.7,10.3356,435,0,2044.65,10.67,520,0,1247.95,31.2603,-271.225,0
35.6297,5075.23,15.3314,620,0,4209.5,28.4824,-113.042,0,3050.73,10.3385,435,0,2044.68,10.6737,520,0,1248.04,31.2515,-271.125,0
35.6398,5075.27,15.3358,620,0,4209.58,28.4793,-112.929,0,3050.76,10.3415,435,0,2044.71,10.6773,520,0,1248.13,31.2427,-271.027,0
35.6498,5075.32,15.3401,620,0,4209.66,28.4762,-112.815,0,3050.79,10.3444,435,0,2044.74,10.6809,520,0,1248.21,31.2339,-270.932,0
35.6599,5075.36,15.3445,620,0,4209.74,28.4731,-112.702,0,3050.82,10.3473,435,0,2044.77,10.6846,520,0,1248.3,31.2252,-270.835,0
35.67,5075.4,15.3488,620,0,4209.82,28.47,-112.588,0,3050.85,10.3502,435,0,2044.8,10.6882,520,0,1248.39,31.2164,-270.74,0
35.6801,5075.44,15.3531,620,0,4209.9,28.4669,-112.475,0,3050.87,10.3532,435,0,2044.83,10.6919,520,0,1248.47,31.2076,-270.644,0
35.6901,5075.49,15.3575,620,0,4209.98,28.4638,-112.361,0,3050.9,10.3561,435,0,2044.86,10.6955,520,0,1248.56,31.1988,-270.547,0
35.7002,5075.53,15.3618,620,0,4210.06,28.4606,-112.248,0,3050.93,10.359,435,0,2044.89,10.6991,520,0,1248.65,31.1901,-270.45,0
35.7103,5075.57,15.3662,620,0,4210.14,28.4575,-112.134,0,3050.96,10.3619,435,0,2044.92,10.7028,520,0,1248.73,31.1813,-270.353,0
35.7203,5075.61,15.3705,620,0,4210.22,28.4545,-112.02,0,3050.99,10.3649,435,0,2044.95,10.7064,520,0,1248.82,31.1725,-270.255,0
35.7304,5075.66,15.3748,620,0,4210.29,28.4514,-111.906,0,3051.02,10.3678,435,0,2044.98,10.7101,520,0,1248.91,31.1638,-270.158,0
35.7405,5075.7,15.3792,620,0,4210.37,28.4483,-111.792,0,3051.05,10.3707,435,0,2045.01,10.7137,520,0,1248.99,31.155,-270.06,0
35.7505,5075.74,15.3835,620,0,4210.45,28.4452,-111.678,0,3051.08,10.3737,435,0,2045.04,10.7173,520,0,1249.08,31.1463,-269.962,0
35.7606,5075.79,15.3879,620,0,4210.53,28.4421,-111.562,0,3051.1,10.3766,435,0,2045.07,10.721,520,0,1249.17,31.1375,-269.863,0
35.7707,5075.83,15.3922,620,0,4210.61,28.439,-111.446,0,3051.13,10.3795,435,0,2045.1,10.7246,520,0,1249.25,31.1288,-269.765,0
35.7808,5075.87,15.3965,620,0,4210.69,28.4359,-111.329,0,3051.16,10.3824,435,0,2045.13,10.7283,520,0,1249.34,31.12,-269.665,0
35.7908,5075.91,15.4009,620,0,4210.77,28.4329,-111.212,0,3051.19,10.3854,435,0,2045.16,10.7319,520,0,1249.43,31.1113,-269.565,0
35.8009,5075.96,15.4052,620,0,4210.85,28.4298,-111.095,0,3051.22,10.3883,435,0,2045.19,10.7356,520,0,1249.51,31.1025,-269.463,0
35.811,5076,15.4096,620,0,4210.93,28.4267,-110.979,0,3051.25,10.3912,435,0,2045.22,10.7392,520,0,1249.6,31.0938,-269.361,0
35.8211,5076.04,15.4139,620,0,4211.01,28.4237,-110.862,0,3051.28,10.3941,435,0,2045.25,10.7428,520,0,1249.68,31.0851,-269.259,0
35.8311,5076.08,15.4182,620,0,4211.08,28.4206,-110.746,0,3051.31,10.3971,435,0,2045.28,10.7465,520,0,1249.77,31.0763,-269.156,0
35.8412,5076.13,15.4226,620,0,4211.16,28.4175,-110.628,0,3051.34,10.4,435,0,2045.31,10.7501,520,0,1249.86,31.0676,-269.054,0
35.8513,5076.17,15.4269,620,0,4211.24,28.4145,-110.512,0,3051.36,10.4029,435,0,2045.34,10.7538,520,0,1249.94,31.0589,-268.951,0
35.8613,5076.21,15.4313,620,0,4211.32,28.4114,-110.394,0,3051.39,10.4058,435,0,2045.37,10.7574,520,0,1250.03,31.0502,-268.847,0
35.8714,5076.26,15.4356,620,0,4211.4,28.4084,-110.278,0,3051.42,10.4088,435,0,2045.4,10.761,520,0,1250.12,31.0414,-268.744,0
35.8815,5076.3,15.44,620,0,4211.48,28.4053,-110.16,0,3051.45,10.4117,435,0,2045.43,10.7647,520,0,1250.2,31.0327,-268.64,0
35.8916,5076.34,15.4443,620,0,4211.56,28.4023,-110.043,0,3051.48,10.4146,435,0,2045.46,10.7683,520,0,1250.29,31.024,-268.536,0
35.9016,5076.38,15.4486,620,0,4211.64,28.3992,-109.926,0,3051.51,10.4176,435,0,2045.48,10.772,520,0,1250.37,31.0153,-268.431,0
35.9117,5076.43,15.453,620,0,4211.72,28.3962,-109.808,0,3051.54,10.4205,435,0,2045.51,10.7756,520,0,1250.46,31.0066,-268.328,0
35.9218,5076.47,15.4573,620,0,4211.79,28.3932,-109.691,0,3051.57,10.4234,435,0,2045.54,10.7792,520,0,1250.55,30.9979,-268.222,0
35.9318,5076.51,15.4617,620,0,4211.87,28.3901,-109.574,0,3051.6,10.4263,435,0,2045.57,10.7829,520,0,1250.63,30.9892,-268.117,0
35.9419,5076.56,15.466,620,0,4211.95,28.3871,-109.456,0,3051.62,10.4293,435,0,2045.6,10.7865,520,0,1250.72,30.9805,-268.012,0
35.952,5076.6,15.4703,620,0,4212.03,28.3841,-109.338,0,3051.65,10.4322,435,0,2045.63,10.7902,520,0,1250.8,30.9718,-267.906,0
35.9621,5076.64,15.4747,620,0,4212.11,28.3811,-109.218,0,3051.68,10.4351,435,0,2045.66,10.7938,520,0,1250.89,30.9631,-267.8,0
35.9721,5076.69,15.479,620,0,4212.19,28.3781,-109.099,0,3051.71,10.438,435,0,2045.69,10.7974,520,0,1250.98,30.9545,-267.694,0
35.9822,5076.73,15.4834,620,0,4212.27,28.375,-108.978,0,3051.74,10.441,435,0,2045.72,10.8011,520,0,1251.06,30.9458,-267.591,0
35.9928,5076.77,15.4877,620,0,4212.35,28.372,-108.858,0,3051.77,10.4439,435,0,2045.75,10.8047,520,0,1251.15,30.9371,-267.49,0
36.0029,5076.81,15.492,620,0,4212.43,28.369,-108.738,0,3051.8,10.4468,435,0,2045.78,10.8084,520,0,1251.23,30.9284,-267.387,0
36.0129,5076.86,15.4964,620,0,4212.5,28.366,-108.618,0,3051.83,10.4498,435,0,2045.81,10.812,520,0,1251.32,30.9198,-267.286,0
36.023,5076.9,15.5007,620,0,4212.58,28.363,-108.498,0,3051.86,10.4527,435,0,2045.84,10.8156,520,0,1251.41,30.9111,-267.183,0
36.0331,5076.94,15.5051,620,0,4212.66,28.36,-108.377,0,3051.89,10.4556,435,0,2045.87,10.8193,520,0,1251.49,30.9024,-267.081,0
36.0431,5076.99,15.5094,620,0,4212.74,28.357,-108.257,0,3051.92,10.4585,435,0,2045.9,10.8229,520,0,1251.58,30.8938,-266.976,0
36.0532,5077.03,15.5137,620,0,4212.82,28.354,-108.137,0,3051.94,10.4615,435,0,2045.93,10.8266,520,0,1251.66,30.8851,-266.871,0
36.0633,5077.07,15.5181,620,0,4212.9,28.3511,-108.017,0,3051.97,10.4644,435,0,2045.97,10.8302,520,0,1251.75,30.8765,-266.766,0
36.0734,5077.12,15.5224,620,0,4212.98,28.3481,-107.897,0,3052,10.4673,435,0,2046,10.8338,520,0,1251.84,30.8678,-266.66,0
36.0834,5077.16,15.5268,620,0,4213.06,28.3451,-107.777,0,3052.03,10.4702,435,0,2046.03,10.8375,520,0,1251.92,30.8592,-266.554,0
36.0935,5077.2,15.5311,620,0,4213.13,28.3421,-107.656,0,3052.06,10.4732,435,0,2046.06,10.8411,520,0,1252.01,30.8505,-266.448,0
36.1035,5077.25,15.5354,620,0,4213.21,28.3391,-107.538,0,3052.09,10.4761,435,0,2046.09,10.8448,520,0,1252.09,30.8419,-266.342,0
36.1136,5077.29,15.5398,620,0,4213.29,28.3362,-107.419,0,3052.12,10.479,435,0,2046.12,10.8484,520,0,1252.18,30.8333,-266.236,0
36.1237,5077.33,15.5441,620,0,4213.37,28.3332,-107.301,0,3052.15,10.482,435,0,2046.15,10.8521,520,0,1252.26,30.8246,-266.129,0
36.1337,5077.38,15.5485,620,0,4213.45,28.3302,-107.182,0,3052.18,10.4849,435,0,2046.18,10.8557,520,0,1252.35,30.816,-266.021,0
36.1438,5077.42,15.5528,620,0,4213.53,28.3273,-107.063,0,3052.21,10.4878,435,0,2046.21,10.8593,520,0,1252.43,30.8074,-265.914,0
36.1539,5077.46,15.5572,620,0,4213.61,28.3243,-106.942,0,3052.24,10.4907,435,0,2046.24,10.863,520,0,1252.52,30.7988,-265.807,0
36.1639,5077.5,15.5615,620,0,4213.69,28.3214,-106.821,0,3052.26,10.4937,435,0,2046.27,10.8666,520,0,1252.61,30.7901,-265.699,0
36.174,5077.55,15.5658,620,0,4213.76,28.3184,-106.699,0,3052.29,10.4966,435,0,2046.3,10.8703,520,0,1252.69,30.7815,-265.59,0
36.1841,5077.59,15.5702,620,0,4213.84,28.3155,-106.578,0,3052.32,10.4995,435,0,2046.33,10.8739,520,0,1252.78,30.7729,-265.482,0
36.1942,5077.63,15.5745,620,0,4213.92,28.3125,-106.456,0,3052.35,10.5024,435,0,2046.36,10.8775,520,0,1252.86,30.7643,-265.374,0
36.2042,5077.68,15.5789,620,0,4214,28.3096,-106.335,0,3052.38,10.5054,435,0,2046.39,10.8812,520,0,1252.95,30.7557,-265.264,0
36.2143,5077.72,15.5832,620,0,4214.08,28.3067,-106.213,0,3052.41,10.5083,435,0,2046.42,10.8848,520,0,1253.03,30.7471,-265.155,0
36.2244,5077.76,15.5875,620,0,4214.16,28.3037,-106.092,0,3052.44,10.5112,435,0,2046.45,10.8885,520,0,1253.12,30.7385,-265.046,0
36.2344,5077.81,15.5919,620,0,4214.24,28.3008,-105.97,0,3052.47,10.5142,435,0,2046.48,10.8921,520,0,1253.2,30.7299,-264.935,0
36.2445,5077.85,15.5962,620,0,4214.31,28.2979,-105.848,0,3052.5,10.5171,435,0,2046.51,10.8957,520,0,1253.29,30.7213,-264.826,0
36.2546,5077.89,15.6006,620,0,4214.39,28.2949,-105.727,0,3052.53,10.52,435,0,2046.54,10.8994,520,0,1253.37,30.7128,-264.716,0
36.2646,5077.94,15.6049,620,0,4214.47,28.292,-105.604,0,3052.56,10.5229,435,0,2046.57,10.903,520,0,1253.46,30.7042,-264.605,0
36.2747,5077.98,15.6092,620,0,4214.55,28.2891,-105.483,0,3052.59,10.5259,435,0,2046.6,10.9067,520,0,1253.54,30.6956,-264.494,0
36.2848,5078.02,15.6136,620,0,4214.63,28.2862,-105.361,0,3052.61,10.5288,435,0,2046.63,10.9103,520,0,1253.63,30.687,-264.383,0
36.2948,5078.07,15.6179,620,0,4214.71,28.2833,-105.24,0,3052.64,10.5317,435,0,2046.66,10.9139,520,0,1253.72,30.6784,-264.27,0
36.3049,5078.11,15.6223,620,0,4214.79,28.2804,-105.118,0,3052.67,10.5346,435,0,2046.69,10.9176,520,0,1253.8,30.6699,-264.157,0
36.315,5078.15,15.6266,620,0,4214.86,28.2775,-104.996,0,3052.7,10.5376,435,0,2046.72,10.9212,520,0,1253.89,30.6613,-264.043,0
36.3251,5078.2,15.6309,620,0,4214.94,28.2746,-104.874,0,3052.73,10.5405,435,0,2046.75,10.9249,520,0,1253.97,30.6528,-263.932,0
36.3351,5078.24,15.6353,620,0,4215.02,28.2717,-104.752,0,3052.76,10.5434,435,0,2046.78,10.9285,520,0,1254.06,30.6442,-263.823,0
36.3452,5078.29,15.6396,620,0,4215.1,28.2688,-104.629,0,3052.79,10.5464,435,0,2046.81,10.9321,520,0,1254.14,30.6356,-263.715,0
36.3553,5078.33,15.644,620,0,4215.18,28.2659,-104.504,0,3052.82,10.5493,435,0,2046.84,10.9358,520,0,1254.23,30.6271,-263.605,0
36.3653,5078.37,15.6483,620,0,4215.26,28.263,-104.38,0,3052.85,10.5522,435,0,2046.87,10.9394,520,0,1254.31,30.6186,-263.495,0
36.3754,5078.42,15.6526,620,0,4215.34,28.2601,-104.255,0,3052.88,10.5551,435,0,2046.9,10.9431,520,0,1254.4,30.61,-263.385,0
36.3854,5078.46,15.657,620,0,4215.41,28.2573,-104.131,0,3052.91,10.5581,435,0,2046.93,10.9467,520,0,1254.48,30.6015,-263.275,0
36.3955,5078.5,15.6613,620,0,4215.49,28.2544,-104.006,0,3052.94,10.561,435,0,2046.96,10.9503,520,0,1254.57,30.5929,-263.165,0
36.4056,5078.55,15.6657,620,0,4215.57,28.2515,-103.881,0,3052.97,10.5639,435,0,2046.99,10.954,520,0,1254.65,30.5844,-263.054,0
36.4157,5078.59,15.67,620,0,4215.65,28.2486,-103.757,0,3053,10.5668,435,0,2047.02,10.9576,520,0,1254.74,30.5759,-262.943,0
36.4257,5078.63,15.6744,620,0,4215.73,28.2458,-103.632,0,3053.03,10.5698,435,0,2047.05,10.9613,520,0,1254.82,30.5674,-262.832,0
36.4358,5078.68,15.6787,620,0,4215.81,28.2429,-103.507,0,3053.05,10.5727,435,0,2047.09,10.9649,520,0,1254.91,30.5588,-262.72,0
36.4459,5078.72,15.683,620,0,4215.88,28.24,-103.383,0,3053.08,10.5756,435,0,2047.12,10.9686,520,0,1254.99,30.5503,-262.608,0
36.456,5078.76,15.6874,620,0,4215.96,28.2372,-103.259,0,3053.11,10.5785,435,0,2047.15,10.9722,520,0,1255.08,30.5418,-262.498,0
36.466,5078.81,15.6917,620,0,4216.04,28.2343,-103.133,0,3053.14,10.5815,435,0,2047.18,10.9758,520,0,1255.16,30.5333,-262.384,0
36.4761,5078.85,15.6961,620,0,4216.12,28.2315,-103.008,0,3053.17,10.5844,435,0,2047.21,10.9795,520,0,1255.25,30.5248,-262.272,0
36.4862,5078.89,15.7004,620,0,4216.2,28.2286,-102.883,0,3053.2,10.5873,435,0,2047.24,10.9831,520,0,1255.33,30.5163,-262.16,0
36.4962,5078.94,15.7047,620,0,4216.28,28.2258,-102.758,0,3053.23,10.5903,435,0,2047.27,10.9868,520,0,1255.41,30.5078,-262.048,0
36.5063,5078.98,15.7091,620,0,4216.36,28.223,-102.634,0,3053.26,10.5932,435,0,2047.3,10.9904,520,0,1255.5,30.4993,-261.934,0
36.5164,5079.03,15.7134,620,0,4216.43,28.2201,-102.508,0,3053.29,10.5961,435,0,2047.33,10.994,520,0,1255.58,30.4908,-261.821,0
36.5265,5079.07,15.7178,620,0,4216.51,28.2173,-102.384,0,3053.32,10.599,435,0,2047.36,10.9977,520,0,1255.67,30.4823,-261.707,0
36.5365,5079.11,15.7221,620,0,4216.59,28.2145,-102.259,0,3053.35,10.602,435,0,2047.39,11.0013,520,0,1255.75,30.4738,-261.592,0
36.5466,5079.16,15.7264,620,0,4216.67,28.2117,-102.131,0,3053.38,10.6049,435,0,2047.42,11.005,520,0,1255.84,30.4653,-261.476,0
36.5567,5079.2,15.7308,620,0,4216.75,28.2088,-102.004,0,3053.41,10.6078,435,0,2047.45,11.0086,520,0,1255.92,30.4569,-261.36,0
36.5667,5079.24,15.7351,620,0,4216.83,28.206,-101.877,0,3053.44,10.6107,435,0,2047.48,11.0122,520,0,1256.01,30.4484,-261.244,0
36.5768,5079.29,15.7395,620,0,4216.9,28.2032,-101.749,0,3053.47,10.6137,435,0,2047.51,11.0159,520,0,1256.09,30.4399,-261.127,0
36.5869,5079.33,15.7438,620,0,4216.98,28.2004,-101.622,0,3053.5,10.6166,435,0,2047.54,11.0195,520,0,1256.18,30.4315,-261.01,0
36.5969,5079.38,15.7481,620,0,4217.06,28.1976,-101.494,0,3053.53,10.6195,435,0,2047.57,11.0232,520,0,1256.26,30.423,-260.894,0
36.607,5079.42,15.7525,620,0,4217.14,28.1948,-101.367,0,3053.55,10.6225,435,0,2047.6,11.0268,520,0,1256.35,30.4145,-260.776,0
36.6171,5079.46,15.7568,620,0,4217.22,28.192,-101.239,0,3053.58,10.6254,435,0,2047.64,11.0304,520,0,1256.43,30.4061,-260.657,0
36.6272,5079.51,15.7612,620,0,4217.3,28.1892,-101.112,0,3053.61,10.6283,435,0,2047.67,11.0341,520,0,1256.51,30.3976,-260.54,0
36.6373,5079.55,15.7655,620,0,4217.37,28.1864,-100.984,0,3053.64,10.6312,435,0,2047.7,11.0377,520,0,1256.6,30.3892,-260.422,0
36.6473,5079.59,15.7698,620,0,4217.45,28.1836,-100.856,0,3053.67,10.6342,435,0,2047.73,11.0414,520,0,1256.68,30.3808,-260.304,0
36.6574,5079.64,15.7742,620,0,4217.53,28.1808,-100.729,0,3053.7,10.6371,435,0,2047.76,11.045,520,0,1256.77,30.3723,-260.186,0
36.6675,5079.68,15.7785,620,0,4217.61,28.178,-100.601,0,3053.73,10.64,435,0,2047.79,11.0486,520,0,1256.85,30.3639,-260.067,0
36.6775,5079.73,15.7829,620,0,4217.69,28.1753,-100.473,0,3053.76,10.6429,435,0,2047.82,11.0523,520,0,1256.94,30.3554,-259.952,0
36.6876,5079.77,15.7872,620,0,4217.76,28.1725,-100.345,0,3053.79,10.6459,435,0,2047.85,11.0559,520,0,1257.02,30.347,-259.838,0
36.6977,5079.81,15.7916,620,0,4217.84,28.1697,-100.218,0,3053.82,10.6488,435,0,2047.88,11.0596,520,0,1257.1,30.3386,-259.723,0
36.7078,5079.86,15.7959,620,0,4217.92,28.167,-100.089,0,3053.85,10.6517,435,0,2047.91,11.0632,520,0,1257.19,30.3302,-259.609,0
36.7178,5079.9,15.8002,620,0,4218,28.1642,-99.9626,0,3053.88,10.6547,435,0,2047.94,11.0668,520,0,1257.27,30.3218,-259.494,0
36.7279,5079.94,15.8046,620,0,4218.08,28.1614,-99.8349,0,3053.91,10.6576,435,0,2047.97,11.0705,520,0,1257.36,30.3133,-259.38,0
36.738,5079.99,15.8089,620,0,4218.16,28.1587,-99.706,0,3053.94,10.6605,435,0,2048,11.0741,520,0,1257.44,30.3049,-259.265,0
36.7481,5080.03,15.8133,620,0,4218.23,28.1559,-99.5755,0,3053.97,10.6634,435,0,2048.03,11.0778,520,0,1257.53,30.2965,-259.149,0
36.7582,5080.08,15.8176,620,0,4218.31,28.1532,-99.4455,0,3054,10.6664,435,0,2048.07,11.0814,520,0,1257.61,30.2881,-259.033,0
36.7682,5080.12,15.8219,620,0,4218.39,28.1504,-99.3155,0,3054.03,10.6693,435,0,2048.1,11.0851,520,0,1257.69,30.2797,-258.918,0
36.7783,5080.16,15.8263,620,0,4218.47,28.1477,-99.1845,0,3054.06,10.6722,435,0,2048.13,11.0887,520,0,1257.78,30.2713,-258.801,0
36.7884,5080.21,15.8306,620,0,4218.55,28.1449,-99.055,0,3054.09,10.6751,435,0,2048.16,11.0923,520,0,1257.86,30.263,-258.683,0
36.7984,5080.25,15.835,620,0,4218.63,28.1422,-98.9249,0,3054.12,10.6781,435,0,2048.19,11.096,520,0,1257.95,30.2546,-258.565,0
36.8085,5080.3,15.8393,620,0,4218.7,28.1395,-98.794,0,3054.15,10.681,435,0,2048.22,11.0996,520,0,1258.03,30.2462,-258.446,0
36.8186,5080.34,15.8436,620,0,4218.78,28.1367,-98.6643,0,3054.18,10.6839,435,0,2048.25,11.1033,520,0,1258.11,30.2378,-258.327,0
36.8286,5080.38,15.848,620,0,4218.86,28.134,-98.5333,0,3054.21,10.6869,435,0,2048.28,11.1069,520,0,1258.2,30.2294,-258.208,0
36.8387,5080.43,15.8523,620,0,4218.94,28.1313,-98.4024,0,3054.24,10.6898,435,0,2048.31,11.1105,520,0,1258.28,30.2211,-258.089,0
36.8488,5080.47,15.8567,620,0,4219.02,28.1286,-98.2725,0,3054.27,10.6927,435,0,2048.34,11.1142,520,0,1258.37,30.2127,-257.97,0
36.8588,5080.52,15.861,620,0,4219.09,28.1259,-98.142,0,3054.3,10.6956,435,0,2048.37,11.1178,520,0,1258.45,30.2043,-257.849,0
36.8689,5080.56,15.8653,620,0,4219.17,28.1232,-98.012,0,3054.32,10.6986,435,0,2048.4,11.1215,520,0,1258.53,30.196,-257.73,0
36.879,5080.6,15.8697,620,0,4219.25,28.1205,-97.8814,0,3054.35,10.7015,435,0,2048.44,11.1251,520,0,1258.62,30.1876,-257.609,0
36.8891,5080.65,15.874,620,0,4219.33,28.1177,-97.7513,0,3054.38,10.7044,435,0,2048.47,11.1287,520,0,1258.7,30.1793,-257.488,0
36.8992,5080.69,15.8784,620,0,4219.41,28.1151,-97.6214,0,3054.41,10.7073,435,0,2048.5,11.1324,520,0,1258.79,30.1709,-257.368,0
36.9093,5080.74,15.8827,620,0,4219.48,28.1124,-97.4901,0,3054.44,10.7103,435,0,2048.53,11.136,520,0,1258.87,30.1626,-257.247,0
36.9193,5080.78,15.887,620,0,4219.56,28.1097,-97.3601,0,3054.47,10.7132,435,0,2048.56,11.1397,520,0,1258.95,30.1542,-257.125,0
36.9294,5080.83,15.8914,620,0,4219.64,28.107,-97.2294,0,3054.5,10.7161,435,0,2048.59,11.1433,520,0,1259.04,30.1459,-257.004,0
36.9395,5080.87,15.8957,620,0,4219.72,28.1043,-97.0973,0,3054.53,10.719,435,0,2048.62,11.1469,520,0,1259.12,30.1376,-256.882,0
36.9497,5080.91,15.9001,620,0,4219.8,28.1016,-96.9643,0,3054.56,10.722,435,0,2048.65,11.1506,520,0,1259.2,30.1292,-256.761,0
36.9598,5080.96,15.9044,620,0,4219.87,28.0989,-96.8309,0,3054.59,10.7249,435,0,2048.68,11.1542,520,0,1259.29,30.1209,-256.639,0
36.9699,5081,15.9088,620,0,4219.95,28.0963,-96.6985,0,3054.62,10.7278,435,0,2048.71,11.1579,520,0,1259.37,30.1126,-256.516,0
36.98,5081.05,15.9131,620,0,4220.03,28.0936,-96.5653,0,3054.65,10.7308,435,0,2048.75,11.1615,520,0,1259.45,30.1043,-256.394,0
36.9901,5081.09,15.9174,620,0,4220.11,28.0909,-96.4331,0,3054.68,10.7337,435,0,2048.78,11.1651,520,0,1259.54,30.096,-256.271,0
37.0002,5081.13,15.9218,620,0,4220.19,28.0883,-96.2996,0,3054.71,10.7366,435,0,2048.81,11.1688,520,0,1259.62,30.0877,-256.148,0
37.0111,5081.18,15.9261,620,0,4220.27,28.0856,-96.1668,0,3054.74,10.7395,435,0,2048.84,11.1724,520,0,1259.71,30.0794,-256.025,0
37.0211,5081.22,15.9305,620,0,4220.34,28.0829,-96.0341,0,3054.77,10.7425,435,0,2048.87,11.1761,520,0,1259.79,30.0711,-255.902,0
37.0312,5081.27,15.9348,620,0,4220.42,28.0803,-95.9016,0,3054.8,10.7454,435,0,2048.9,11.1797,520,0,1259.87,30.0628,-255.781,0
37.0414,5081.31,15.9391,620,0,4220.5,28.0776,-95.7684,0,3054.83,10.7483,435,0,2048.93,11.1833,520,0,1259.96,30.0545,-255.661,0
37.0516,5081.36,15.9435,620,0,4220.58,28.075,-95.6357,0,3054.86,10.7512,435,0,2048.96,11.187,520,0,1260.04,30.0462,-255.54,0
37.0616,5081.4,15.9478,620,0,4220.65,28.0724,-95.503,0,3054.89,10.7542,435,0,2048.99,11.1906,520,0,1260.12,30.0379,-255.419,0
37.0718,5081.44,15.9522,620,0,4220.73,28.0697,-95.3693,0,3054.92,10.7571,435,0,2049.02,11.1943,520,0,1260.21,30.0296,-255.298,0
37.0819,5081.49,15.9565,620,0,4220.81,28.0671,-95.2378,0,3054.95,10.76,435,0,2049.06,11.1979,520,0,1260.29,30.0213,-255.176,0
37.092,5081.53,15.9608,620,0,4220.89,28.0645,-95.1041,0,3054.98,10.763,435,0,2049.09,11.2015,520,0,1260.37,30.0131,-255.054,0
37.1021,5081.58,15.9652,620,0,4220.97,28.0618,-94.9721,0,3055.01,10.7659,435,0,2049.12,11.2052,520,0,1260.46,30.0048,-254.932,0
37.1121,5081.62,15.9695,620,0,4221.04,28.0592,-94.8388,0,3055.04,10.7688,435,0,2049.15,11.2088,520,0,1260.54,29.9965,-254.811,0
37.1222,5081.67,15.9739,620,0,4221.12,28.0566,-94.7056,0,3055.07,10.7717,435,0,2049.18,11.2125,520,0,1260.62,29.9883,-254.688,0
37.1323,5081.71,15.9782,620,0,4221.2,28.054,-94.5711,0,3055.1,10.7747,435,0,2049.21,11.2161,520,0,1260.71,29.98,-254.566,0
37.1431,5081.76,15.9825,620,0,4221.28,28.0514,-94.436,0,3055.13,10.7776,435,0,2049.24,11.2198,520,0,1260.79,29.9718,-254.443,0
37.1531,5081.8,15.9869,620,0,4221.36,28.0488,-94.301,0,3055.16,10.7805,435,0,2049.27,11.2234,520,0,1260.87,29.9635,-254.321,0
37.1632,5081.84,15.9912,620,0,4221.43,28.0462,-94.1653,0,3055.19,10.7834,435,0,2049.3,11.227,520,0,1260.96,29.9553,-254.198,0
37.1733,5081.89,15.9956,620,0,4221.51,28.0436,-94.0307,0,3055.22,10.7864,435,0,2049.34,11.2307,520,0,1261.04,29.947,-254.074,0
37.1834,5081.93,15.9999,620,0,4221.59,28.041,-93.8975,0,3055.25,10.7893,435,0,2049.37,11.2343,520,0,1261.12,29.9388,-253.951,0
37.1935,5081.98,16.0042,620,0,4221.67,28.0384,-93.7633,0,3055.28,10.7922,435,0,2049.4,11.238,520,0,1261.21,29.9306,-253.827,0
37.2036,5082.02,16.0086,620,0,4221.75,28.0358,-93.6302,0,3055.31,10.7952,435,0,2049.43,11.2416,520,0,1261.29,29.9223,-253.703,0
37.2137,5082.07,16.0129,620,0,4221.82,28.0332,-93.4966,0,3055.34,10.7981,435,0,2049.46,11.2452,520,0,1261.37,29.9141,-253.579,0
37.2238,5082.11,16.0173,620,0,4221.9,28.0306,-93.3629,0,3055.37,10.801,435,0,2049.49,11.2489,520,0,1261.45,29.9059,-253.455,0
37.2338,5082.16,16.0216,620,0,4221.98,28.028,-93.2292,0,3055.4,10.8039,435,0,2049.52,11.2525,520,0,1261.54,29.8977,-253.33,0
37.2439,5082.2,16.026,620,0,4222.06,28.0255,-93.0958,0,3055.43,10.8069,435,0,2049.55,11.2562,520,0,1261.62,29.8895,-253.206,0
37.254,5082.24,16.0303,620,0,4222.14,28.0229,-92.9618,0,3055.46,10.8098,435,0,2049.59,11.2598,520,0,1261.7,29.8813,-253.08,0
37.2641,5082.29,16.0346,620,0,4222.21,28.0203,-92.8284,0,3055.49,10.8127,435,0,2049.62,11.2634,520,0,1261.79,29.8731,-252.955,0
37.2742,5082.33,16.039,620,0,4222.29,28.0178,-92.6946,0,3055.52,10.8156,435,0,2049.65,11.2671,520,0,1261.87,29.8649,-252.83,0
37.2842,5082.38,16.0433,620,0,4222.37,28.0152,-92.5604,0,3055.55,10.8186,435,0,2049.68,11.2707,520,0,1261.95,29.8567,-252.704,0
37.2943,5082.42,16.0477,620,0,4222.45,28.0126,-92.4274,0,3055.58,10.8215,435,0,2049.71,11.2744,520,0,1262.04,29.8485,-252.575,0
37.3044,5082.47,16.052,620,0,4222.52,28.0101,-92.2932,0,3055.61,10.8244,435,0,2049.74,11.278,520,0,1262.12,29.8403,-252.448,0
37.3145,5082.51,16.0563,620,0,4222.6,28.0075,-92.1597,0,3055.64,10.8274,435,0,2049.77,11.2816,520,0,1262.2,29.8321,-252.32,0
37.3245,5082.56,16.0607,620,0,4222.68,28.005,-92.0261,0,3055.67,10.8303,435,0,2049.81,11.2853,520,0,1262.28,29.8239,-252.192,0
37.3346,5082.6,16.065,620,0,4222.76,28.0025,-91.8895,0,3055.7,10.8332,435,0,2049.84,11.2889,520,0,1262.37,29.8158,-252.063,0
37.3447,5082.65,16.0694,620,0,4222.84,27.9999,-91.7533,0,3055.73,10.8361,435,0,2049.87,11.2926,520,0,1262.45,29.8076,-251.935,0
37.3547,5082.69,16.0737,620,0,4222.91,27.9974,-91.6172,0,3055.76,10.8391,435,0,2049.9,11.2962,520,0,1262.53,29.7994,-251.806,0
37.3648,5082.73,16.078,620,0,4222.99,27.9949,-91.4814,0,3055.79,10.842,435,0,2049.93,11.2998,520,0,1262.62,29.7913,-251.677,0
37.375,5082.78,16.0824,620,0,4223.07,27.9923,-91.3445,0,3055.82,10.8449,435,0,2049.96,11.3035,520,0,1262.7,29.7831,-251.548,0
37.3851,5082.82,16.0867,620,0,4223.15,27.9898,-91.2091,0,3055.85,10.8478,435,0,2049.99,11.3071,520,0,1262.78,29.7749,-251.418,0
37.3952,5082.87,16.0911,620,0,4223.22,27.9873,-91.0735,0,3055.88,10.8508,435,0,2050.02,11.3108,520,0,1262.86,29.7668,-251.291,0
37.4053,5082.91,16.0954,620,0,4223.3,27.9848,-90.9371,0,3055.91,10.8537,435,0,2050.06,11.3144,520,0,1262.95,29.7586,-251.166,0
37.4153,5082.96,16.0997,620,0,4223.38,27.9823,-90.8017,0,3055.94,10.8566,435,0,2050.09,11.318,520,0,1263.03,29.7505,-251.041,0
37.4254,5083,16.1041,620,0,4223.46,27.9798,-90.6655,0,3055.97,10.8596,435,0,2050.12,11.3217,520,0,1263.11,29.7424,-250.916,0
37.4355,5083.05,16.1084,620,0,4223.54,27.9773,-90.5291,0,3056,10.8625,435,0,2050.15,11.3253,520,0,1263.19,29.7342,-250.791,0
37.4455,5083.09,16.1128,620,0,4223.61,27.9748,-90.3933,0,3056.03,10.8654,435,0,2050.18,11.329,520,0,1263.28,29.7261,-250.665,0
37.4556,5083.14,16.1171,620,0,4223.69,27.9723,-90.2573,0,3056.06,10.8683,435,0,2050.21,11.3326,520,0,1263.36,29.718,-250.539,0
37.4657,5083.18,16.1214,620,0,4223.77,27.9698,-90.1214,0,3056.09,10.8713,435,0,2050.25,11.3363,520,0,1263.44,29.7099,-250.414,0
37.4758,5083.23,16.1258,620,0,4223.85,27.9673,-89.9851,0,3056.12,10.8742,435,0,2050.28,11.3399,520,0,1263.52,29.7017,-250.288,0
37.4858,5083.27,16.1301,620,0,4223.92,27.9648,-89.8501,0,3056.15,10.8771,435,0,2050.31,11.3435,520,0,1263.61,29.6936,-250.162,0
37.4959,5083.32,16.1345,620,0,4224,27.9623,-89.7135,0,3056.18,10.88,435,0,2050.34,11.3472,520,0,1263.69,29.6855,-250.035,0
37.5059,5083.36,16.1388,620,0,4224.08,27.9598,-89.578,0,3056.21,10.883,435,0,2050.37,11.3508,520,0,1263.77,29.6774,-249.908,0
37.516,5083.41,16.1431,620,0,4224.16,27.9574,-89.4413,0,3056.24,10.8859,435,0,2050.4,11.3545,520,0,1263.85,29.6693,-249.781,0
37.5261,5083.45,16.1475,620,0,4224.23,27.9549,-89.3036,0,3056.27,10.8888,435,0,2050.43,11.3581,520,0,1263.94,29.6612,-249.654,0
37.5362,5083.5,16.1518,620,0,4224.31,27.9524,-89.166,0,3056.3,10.8917,435,0,2050.47,11.3617,520,0,1264.02,29.6531,-249.525,0
37.5463,5083.54,16.1562,620,0,4224.39,27.95,-89.0272,0,3056.33,10.8947,435,0,2050.5,11.3654,520,0,1264.1,29.645,-249.395,0
37.5564,5083.59,16.1605,620,0,4224.47,27.9475,-88.8888,0,3056.36,10.8976,435,0,2050.53,11.369,520,0,1264.18,29.6369,-249.266,0
37.5664,5083.63,16.1649,620,0,4224.54,27.9451,-88.751,0,3056.4,10.9005,435,0,2050.56,11.3727,520,0,1264.27,29.6289,-249.136,0
37.5765,5083.68,16.1692,620,0,4224.62,27.9426,-88.6131,0,3056.43,10.9035,435,0,2050.59,11.3763,520,0,1264.35,29.6208,-249.006,0
37.5866,5083.72,16.1735,620,0,4224.7,27.9402,-88.4743,0,3056.46,10.9064,435,0,2050.62,11.3799,520,0,1264.43,29.6127,-248.876,0
37.5967,5083.77,16.1779,620,0,4224.78,27.9377,-88.336,0,3056.49,10.9093,435,0,2050.66,11.3836,520,0,1264.51,29.6046,-248.745,0
37.6068,5083.81,16.1822,620,0,4224.86,27.9353,-88.1984,0,3056.52,10.9122,435,0,2050.69,11.3872,520,0,1264.59,29.5966,-248.615,0
37.6168,5083.86,16.1866,620,0,4224.93,27.9328,-88.0601,0,3056.55,10.9152,435,0,2050.72,11.3909,520,0,1264.68,29.5885,-248.484,0
37.6269,5083.9,16.1909,620,0,4225.01,27.9304,-87.9219,0,3056.58,10.9181,435,0,2050.75,11.3945,520,0,1264.76,29.5805,-248.353,0
37.637,5083.95,16.1952,620,0,4225.09,27.928,-87.7833,0,3056.61,10.921,435,0,2050.78,11.3981,520,0,1264.84,29.5724,-248.222,0
37.6471,5083.99,16.1996,620,0,4225.17,27.9256,-87.6457,0,3056.64,10.9239,435,0,2050.81,11.4018,520,0,1264.92,29.5644,-248.091,0
37.6571,5084.04,16.2039,620,0,4225.24,27.9231,-87.5068,0,3056.67,10.9269,435,0,2050.85,11.4054,520,0,1265.01,29.5563,-247.959,0
37.6672,5084.08,16.2083,620,0,4225.32,27.9207,-87.3694,0,3056.7,10.9298,435,0,2050.88,11.4091,520,0,1265.09,29.5483,-247.828,0
37.6773,5084.13,16.2126,620,0,4225.4,27.9183,-87.2312,0,3056.73,10.9327,435,0,2050.91,11.4127,520,0,1265.17,29.5403,-247.696,0
37.6873,5084.17,16.2169,620,0,4225.48,27.9159,-87.0928,0,3056.76,10.9357,435,0,2050.94,11.4163,520,0,1265.25,29.5322,-247.564,0
37.6974,5084.22,16.2213,620,0,4225.55,27.9135,-86.955,0,3056.79,10.9386,435,0,2050.97,11.42,520,0,1265.33,29.5242,-247.432,0
37.7075,5084.26,16.2256,620,0,4225.63,27.9111,-86.8179,0,3056.82,10.9415,435,0,2051,11.4236,520,0,1265.42,29.5162,-247.3,0
37.7176,5084.31,16.23,620,0,4225.71,27.9087,-86.6777,0,3056.85,10.9444,435,0,2051.04,11.4273,520,0,1265.5,29.5082,-247.167,0
37.7276,5084.35,16.2343,620,0,4225.79,27.9063,-86.5373,0,3056.88,10.9474,435,0,2051.07,11.4309,520,0,1265.58,29.5002,-247.034,0
37.7377,5084.4,16.2386,620,0,4225.86,27.9039,-86.3976,0,3056.91,10.9503,435,0,2051.1,11.4345,520,0,1265.66,29.4922,-246.901,0
37.7479,5084.44,16.243,620,0,4225.94,27.9015,-86.2562,0,3056.94,10.9532,435,0,2051.13,11.4382,520,0,1265.74,29.4841,-246.768,0
37.758,5084.49,16.2473,620,0,4226.02,27.8992,-86.1164,0,3056.97,10.9561,435,0,2051.16,11.4418,520,0,1265.83,29.4761,-246.635,0
37.769,5084.53,16.2517,620,0,4226.1,27.8968,-85.9755,0,3057,10.9591,435,0,2051.19,11.4455,520,0,1265.91,29.4682,-246.505,0
37.7791,5084.58,16.256,620,0,4226.17,27.8944,-85.836,0,3057.03,10.962,435,0,2051.23,11.4491,520,0,1265.99,29.4602,-246.376,0
37.7892,5084.62,16.2603,620,0,4226.25,27.892,-85.696,0,3057.06,10.9649,435,0,2051.26,11.4528,520,0,1266.07,29.4522,-246.245,0
37.7993,5084.67,16.2647,620,0,4226.33,27.8897,-85.5551,0,3057.09,10.9679,435,0,2051.29,11.4564,520,0,1266.15,29.4442,-246.115,0
37.8093,5084.71,16.269,620,0,4226.41,27.8873,-85.4157,0,3057.12,10.9708,435,0,2051.32,11.46,520,0,1266.23,29.4362,-245.983,0
37.8194,5084.76,16.2734,620,0,4226.48,27.885,-85.2755,0,3057.15,10.9737,435,0,2051.35,11.4637,520,0,1266.32,29.4282,-245.852,0
37.8295,5084.8,16.2777,620,0,4226.56,27.8826,-85.1351,0,3057.19,10.9766,435,0,2051.39,11.4673,520,0,1266.4,29.4203,-245.721,0
37.8396,5084.85,16.2821,620,0,4226.64,27.8803,-84.9945,0,3057.22,10.9796,435,0,2051.42,11.471,520,0,1266.48,29.4123,-245.589,0
37.8496,5084.89,16.2864,620,0,4226.72,27.8779,-84.855,0,3057.25,10.9825,435,0,2051.45,11.4746,520,0,1266.56,29.4043,-245.457,0
37.8597,5084.94,16.2907,620,0,4226.79,27.8756,-84.7149,0,3057.28,10.9854,435,0,2051.48,11.4782,520,0,1266.64,29.3964,-245.324,0
37.8698,5084.98,16.2951,620,0,4226.87,27.8732,-84.5746,0,3057.31,10.9883,435,0,2051.51,11.4819,520,0,1266.72,29.3884,-245.193,0
37.8799,5085.03,16.2994,620,0,4226.95,27.8709,-84.4349,0,3057.34,10.9913,435,0,2051.54,11.4855,520,0,1266.81,29.3805,-245.06,0
37.89,5085.07,16.3038,620,0,4227.03,27.8686,-84.2948,0,3057.37,10.9942,435,0,2051.58,11.4892,520,0,1266.89,29.3725,-244.927,0
37.9001,5085.12,16.3081,620,0,4227.1,27.8662,-84.1543,0,3057.4,10.9971,435,0,2051.61,11.4928,520,0,1266.97,29.3646,-244.795,0
37.9101,5085.16,16.3124,620,0,4227.18,27.8639,-84.0144,0,3057.43,11.0001,435,0,2051.64,11.4964,520,0,1267.05,29.3567,-244.662,0
37.9202,5085.21,16.3168,620,0,4227.26,27.8616,-83.8718,0,3057.46,11.003,435,0,2051.67,11.5001,520,0,1267.13,29.3487,-244.529,0
37.9303,5085.26,16.3211,620,0,4227.33,27.8593,-83.7291,0,3057.49,11.0059,435,0,2051.7,11.5037,520,0,1267.21,29.3408,-244.396,0
37.9404,5085.3,16.3255,620,0,4227.41,27.857,-83.5871,0,3057.52,11.0088,435,0,2051.74,11.5074,520,0,1267.3,29.3329,-244.262,0
37.9505,5085.35,16.3298,620,0,4227.49,27.8547,-83.445,0,3057.55,11.0118,435,0,2051.77,11.511,520,0,1267.38,29.325,-244.129,0
37.9605,5085.39,16.3341,620,0,4227.57,27.8524,-83.303,0,3057.58,11.0147,435,0,2051.8,11.5146,520,0,1267.46,29.3171,-243.995,0
37.9706,5085.44,16.3385,620,0,4227.64,27.8501,-83.1609,0,3057.61,11.0176,435,0,2051.83,11.5183,520,0,1267.54,29.3092,-243.861,0
37.9807,5085.48,16.3428,620,0,4227.72,27.8478,-83.0183,0,3057.64,11.0205,435,0,2051.86,11.5219,520,0,1267.62,29.3013,-243.727,0
37.9907,5085.53,16.3472,620,0,4227.8,27.8455,-82.8761,0,3057.67,11.0235,435,0,2051.9,11.5256,520,0,1267.7,29.2934,-243.593,0
38.0008,5085.57,16.3515,620,0,4227.88,27.8432,-82.7343,0,3057.7,11.0264,435,0,2051.93,11.5292,520,0,1267.78,29.2855,-243.458,0
38.0109,5085.62,16.3558,620,0,4227.95,27.8409,-82.5927,0,3057.74,11.0293,435,0,2051.96,11.5328,520,0,1267.87,29.2776,-243.323,0
38.021,5085.66,16.3602,620,0,4228.03,27.8386,-82.4507,0,3057.77,11.0322,435,0,2051.99,11.5365,520,0,1267.95,29.2697,-243.189,0
38.031,5085.71,16.3645,620,0,4228.11,27.8363,-82.3077,0,3057.8,11.0352,435,0,2052.02,11.5401,520,0,1268.03,29.2618,-243.052,0
38.0411,5085.75,16.3689,620,0,4228.19,27.8341,-82.1659,0,3057.83,11.0381,435,0,2052.06,11.5438,520,0,1268.11,29.2539,-242.915,0
38.0512,5085.8,16.3732,620,0,4228.26,27.8318,-82.024,0,3057.86,11.041,435,0,2052.09,11.5474,520,0,1268.19,29.246,-242.778,0
38.0612,5085.85,16.3775,620,0,4228.34,27.8295,-81.8818,0,3057.89,11.044,435,0,2052.12,11.551,520,0,1268.27,29.2382,-242.641,0
38.0713,5085.89,16.3819,620,0,4228.42,27.8273,-81.7407,0,3057.92,11.0469,435,0,2052.15,11.5547,520,0,1268.35,29.2303,-242.504,0
38.0814,5085.94,16.3862,620,0,4228.49,27.825,-81.5981,0,3057.95,11.0498,435,0,2052.19,11.5583,520,0,1268.43,29.2224,-242.366,0
38.0914,5085.98,16.3906,620,0,4228.57,27.8228,-81.457,0,3057.98,11.0527,435,0,2052.22,11.562,520,0,1268.52,29.2146,-242.228,0
38.1015,5086.03,16.3949,620,0,4228.65,27.8205,-81.3158,0,3058.01,11.0557,435,0,2052.25,11.5656,520,0,1268.6,29.2067,-242.09,0
38.1116,5086.07,16.3993,620,0,4228.73,27.8183,-81.1714,0,3058.04,11.0586,435,0,2052.28,11.5693,520,0,1268.68,29.1989,-241.952,0
38.1217,5086.12,16.4036,620,0,4228.8,27.816,-81.0272,0,3058.07,11.0615,435,0,2052.31,11.5729,520,0,1268.76,29.191,-241.813,0
38.1317,5086.16,16.4079,620,0,4228.88,27.8138,-80.883,0,3058.1,11.0644,435,0,2052.35,11.5765,520,0,1268.84,29.1832,-241.675,0
38.1418,5086.21,16.4123,620,0,4228.96,27.8116,-80.7389,0,3058.13,11.0674,435,0,2052.38,11.5802,520,0,1268.92,29.1754,-241.538,0
38.1519,5086.26,16.4166,620,0,4229.04,27.8093,-80.5953,0,3058.17,11.0703,435,0,2052.41,11.5838,520,0,1269,29.1675,-241.403,0
38.1619,5086.3,16.421,620,0,4229.11,27.8071,-80.4505,0,3058.2,11.0732,435,0,2052.44,11.5875,520,0,1269.08,29.1597,-241.269,0
38.172,5086.35,16.4253,620,0,4229.19,27.8049,-80.3069,0,3058.23,11.0762,435,0,2052.47,11.5911,520,0,1269.16,29.1519,-241.134,0
38.1821,5086.39,16.4296,620,0,4229.27,27.8027,-80.1631,0,3058.26,11.0791,435,0,2052.51,11.5947,520,0,1269.24,29.1441,-241.001,0
38.1922,5086.44,16.434,620,0,4229.34,27.8005,-80.0195,0,3058.29,11.082,435,0,2052.54,11.5984,520,0,1269.33,29.1363,-240.866,0
38.2022,5086.48,16.4383,620,0,4229.42,27.7983,-79.8757,0,3058.32,11.0849,435,0,2052.57,11.602,520,0,1269.41,29.1285,-240.731,0
38.2123,5086.53,16.4427,620,0,4229.5,27.7961,-79.732,0,3058.35,11.0879,435,0,2052.6,11.6057,520,0,1269.49,29.1207,-240.596,0
38.2224,5086.58,16.447,620,0,4229.58,27.7939,-79.5872,0,3058.38,11.0908,435,0,2052.64,11.6093,520,0,1269.57,29.1129,-240.461,0
38.2325,5086.62,16.4513,620,0,4229.65,27.7917,-79.4441,0,3058.41,11.0937,435,0,2052.67,11.6129,520,0,1269.65,29.1051,-240.326,0
38.2425,5086.67,16.4557,620,0,4229.73,27.7895,-79.3007,0,3058.44,11.0966,435,0,2052.7,11.6166,520,0,1269.73,29.0973,-240.19,0
38.2526,5086.71,16.46,620,0,4229.81,27.7873,-79.1569,0,3058.47,11.0996,435,0,2052.73,11.6202,520,0,1269.81,29.0895,-240.055,0
38.2627,5086.76,16.4644,620,0,4229.89,27.7851,-79.0134,0,3058.5,11.1025,435,0,2052.76,11.6239,520,0,1269.89,29.0817,-239.919,0
38.2728,5086.8,16.4687,620,0,4229.96,27.7829,-78.8702,0,3058.53,11.1054,435,0,2052.8,11.6275,520,0,1269.97,29.0739,-239.783,0
38.2828,5086.85,16.473,620,0,4230.04,27.7807,-78.7262,0,3058.57,11.1084,435,0,2052.83,11.6311,520,0,1270.05,29.0662,-239.645,0
38.2929,5086.9,16.4774,620,0,4230.12,27.7786,-78.583,0,3058.6,11.1113,435,0,2052.86,11.6348,520,0,1270.13,29.0584,-239.506,0
38.3029,5086.94,16.4817,620,0,4230.19,27.7764,-78.4378,0,3058.63,11.1142,435,0,2052.89,11.6384,520,0,1270.21,29.0506,-239.367,0
38.313,5086.99,16.4861,620,0,4230.27,27.7742,-78.292,0,3058.66,11.1171,435,0,2052.93,11.6421,520,0,1270.29,29.0429,-239.23,0
38.3231,5087.03,16.4904,620,0,4230.35,27.7721,-78.1458,0,3058.69,11.1201,435,0,2052.96,11.6457,520,0,1270.38,29.0351,-239.092,0
38.3332,5087.08,16.4947,620,0,4230.43,27.7699,-78.0006,0,3058.72,11.123,435,0,2052.99,11.6493,520,0,1270.46,29.0274,-238.952,0
38.3432,5087.12,16.4991,620,0,4230.5,27.7678,-77.8546,0,3058.75,11.1259,435,0,2053.02,11.653,520,0,1270.54,29.0196,-238.813,0
38.3533,5087.17,16.5034,620,0,4230.58,27.7656,-77.7094,0,3058.78,11.1288,435,0,2053.06,11.6566,520,0,1270.62,29.0119,-238.674,0
38.3634,5087.22,16.5078,620,0,4230.66,27.7635,-77.5643,0,3058.81,11.1318,435,0,2053.09,11.6603,520,0,1270.7,29.0041,-238.535,0
38.3734,5087.26,16.5121,620,0,4230.73,27.7613,-77.4184,0,3058.84,11.1347,435,0,2053.12,11.6639,520,0,1270.78,28.9964,-238.396,0
38.3835,5087.31,16.5165,620,0,4230.81,27.7592,-77.2727,0,3058.87,11.1376,435,0,2053.15,11.6675,520,0,1270.86,28.9887,-238.256,0
38.3936,5087.35,16.5208,620,0,4230.89,27.7571,-77.1272,0,3058.91,11.1406,435,0,2053.19,11.6712,520,0,1270.94,28.981,-238.116,0
38.4036,5087.4,16.5251,620,0,4230.96,27.7549,-76.9822,0,3058.94,11.1435,435,0,2053.22,11.6748,520,0,1271.02,28.9732,-237.977,0
38.4137,5087.45,16.5295,620,0,4231.04,27.7528,-76.8363,0,3058.97,11.1464,435,0,2053.25,11.6785,520,0,1271.1,28.9655,-237.837,0
38.4238,5087.49,16.5338,620,0,4231.12,27.7507,-76.6915,0,3059,11.1493,435,0,2053.28,11.6821,520,0,1271.18,28.9578,-237.697,0
38.4338,5087.54,16.5382,620,0,4231.2,27.7486,-76.5464,0,3059.03,11.1523,435,0,2053.32,11.6858,520,0,1271.26,28.9501,-237.556,0
38.4439,5087.58,16.5425,620,0,4231.27,27.7465,-76.401,0,3059.06,11.1552,435,0,2053.35,11.6894,520,0,1271.34,28.9424,-237.415,0
38.454,5087.63,16.5468,620,0,4231.35,27.7443,-76.2567,0,3059.09,11.1581,435,0,2053.38,11.693,520,0,1271.42,28.9347,-237.275,0
38.464,5087.68,16.5512,620,0,4231.43,27.7422,-76.1125,0,3059.12,11.161,435,0,2053.41,11.6967,520,0,1271.5,28.927,-237.134,0
38.4741,5087.72,16.5555,620,0,4231.5,27.7401,-75.9693,0,3059.15,11.164,435,0,2053.45,11.7003,520,0,1271.58,28.9193,-236.993,0
38.4842,5087.77,16.5599,620,0,4231.58,27.738,-75.8247,0,3059.18,11.1669,435,0,2053.48,11.704,520,0,1271.66,28.9117,-236.853,0
38.4943,5087.81,16.5642,620,0,4231.66,27.7359,-75.6796,0,3059.22,11.1698,435,0,2053.51,11.7076,520,0,1271.74,28.904,-236.711,0
38.5044,5087.86,16.5685,620,0,4231.74,27.7339,-75.5339,0,3059.25,11.1728,435,0,2053.54,11.7112,520,0,1271.82,28.8963,-236.57,0
38.5145,5087.91,16.5729,620,0,4231.81,27.7318,-75.389,0,3059.28,11.1757,435,0,2053.58,11.7149,520,0,1271.9,28.8887,-236.429,0
38.5245,5087.95,16.5772,620,0,4231.89,27.7297,-75.2419,0,3059.31,11.1786,435,0,2053.61,11.7185,520,0,1271.98,28.881,-236.286,0
38.5346,5088,16.5816,620,0,4231.97,27.7276,-75.0964,0,3059.34,11.1815,435,0,2053.64,11.7222,520,0,1272.06,28.8733,-236.146,0
38.5447,5088.04,16.5859,620,0,4232.04,27.7255,-74.9504,0,3059.37,11.1845,435,0,2053.67,11.7258,520,0,1272.14,28.8657,-236.007,0
38.5548,5088.09,16.5902,620,0,4232.12,27.7235,-74.8049,0,3059.4,11.1874,435,0,2053.71,11.7294,520,0,1272.22,28.858,-235.867,0
38.5648,5088.14,16.5946,620,0,4232.2,27.7214,-74.6584,0,3059.43,11.1903,435,0,2053.74,11.7331,520,0,1272.3,28.8504,-235.728,0
38.5749,5088.18,16.5989,620,0,4232.27,27.7194,-74.5135,0,3059.46,11.1932,435,0,2053.77,11.7367,520,0,1272.38,28.8427,-235.588,0
38.5849,5088.23,16.6033,620,0,4232.35,27.7173,-74.3676,0,3059.5,11.1962,435,0,2053.8,11.7404,520,0,1272.46,28.8351,-235.449,0
38.595,5088.27,16.6076,620,0,4232.43,27.7152,-74.2218,0,3059.53,11.1991,435,0,2053.84,11.744,520,0,1272.55,28.8275,-235.309,0
38.6051,5088.32,16.6119,620,0,4232.51,27.7132,-74.0754,0,3059.56,11.202,435,0,2053.87,11.7476,520,0,1272.63,28.8198,-235.169,0
38.6152,5088.37,16.6163,620,0,4232.58,27.7112,-73.9304,0,3059.59,11.2049,435,0,2053.9,11.7513,520,0,1272.71,28.8122,-235.029,0
38.6253,5088.41,16.6206,620,0,4232.66,27.7091,-73.7844,0,3059.62,11.2079,435,0,2053.93,11.7549,520,0,1272.79,28.8046,-234.889,0
38.6353,5088.46,16.625,620,0,4232.74,27.7071,-73.639,0,3059.65,11.2108,435,0,2053.97,11.7586,520,0,1272.87,28.797,-234.749,0
38.6454,5088.5,16.6293,620,0,4232.81,27.705,-73.4931,0,3059.68,11.2137,435,0,2054,11.7622,520,0,1272.95,28.7894,-234.608,0
38.6555,5088.55,16.6337,620,0,4232.89,27.703,-73.3483,0,3059.71,11.2167,435,0,2054.03,11.7658,520,0,1273.03,28.7818,-234.467,0
38.6656,5088.6,16.638,620,0,4232.97,27.701,-73.2029,0,3059.74,11.2196,435,0,2054.06,11.7695,520,0,1273.1,28.7742,-234.326,0
38.6756,5088.64,16.6423,620,0,4233.04,27.699,-73.0585,0,3059.78,11.2225,435,0,2054.1,11.7731,520,0,1273.18,28.7666,-234.186,0
38.6857,5088.69,16.6467,620,0,4233.12,27.697,-72.9116,0,3059.81,11.2254,435,0,2054.13,11.7768,520,0,1273.26,28.759,-234.044,0
38.6958,5088.74,16.651,620,0,4233.2,27.6949,-72.7642,0,3059.84,11.2284,435,0,2054.16,11.7804,520,0,1273.34,28.7514,-233.903,0
38.7059,5088.78,16.6554,620,0,4233.28,27.6929,-72.6171,0,3059.87,11.2313,435,0,2054.2,11.784,520,0,1273.42,28.7438,-233.762,0
38.7159,5088.83,16.6597,620,0,4233.35,27.6909,-72.4693,0,3059.9,11.2342,435,0,2054.23,11.7877,520,0,1273.5,28.7362,-233.62,0
38.726,5088.87,16.664,620,0,4233.43,27.6889,-72.3222,0,3059.93,11.2371,435,0,2054.26,11.7913,520,0,1273.58,28.7287,-233.479,0
38.7361,5088.92,16.6684,620,0,4233.51,27.6869,-72.174,0,3059.96,11.2401,435,0,2054.29,11.795,520,0,1273.66,28.7211,-233.336,0
38.7462,5088.97,16.6727,620,0,4233.58,27.6849,-72.027,0,3059.99,11.243,435,0,2054.33,11.7986,520,0,1273.74,28.7135,-233.194,0
38.7562,5089.01,16.6771,620,0,4233.66,27.683,-71.8803,0,3060.03,11.2459,435,0,2054.36,11.8022,520,0,1273.82,28.706,-233.052,0
38.7663,5089.06,16.6814,620,0,4233.74,27.681,-71.7326,0,3060.06,11.2489,435,0,2054.39,11.8059,520,0,1273.9,28.6984,-232.91,0
38.7765,5089.11,16.6857,620,0,4233.81,27.679,-71.5863,0,3060.09,11.2518,435,0,2054.42,11.8095,520,0,1273.98,28.6909,-232.765,0
38.7866,5089.15,16.6901,620,0,4233.89,27.677,-71.4379,0,3060.12,11.2547,435,0,2054.46,11.8132,520,0,1274.06,28.6833,-232.622,0
38.7968,5089.2,16.6944,620,0,4233.97,27.675,-71.2913,0,3060.15,11.2576,435,0,2054.49,11.8168,520,0,1274.14,28.6758,-232.477,0
38.8068,5089.25,16.6988,620,0,4234.04,27.6731,-71.1449,0,3060.18,11.2606,435,0,2054.52,11.8205,520,0,1274.22,28.6683,-232.332,0
38.8171,5089.29,16.7031,620,0,4234.12,27.6711,-70.9972,0,3060.21,11.2635,435,0,2054.56,11.8241,520,0,1274.3,28.6607,-232.187,0
38.8271,5089.34,16.7074,620,0,4234.2,27.6692,-70.8504,0,3060.24,11.2664,435,0,2054.59,11.8277,520,0,1274.38,28.6532,-232.042,0
38.8372,5089.38,16.7118,620,0,4234.27,27.6672,-70.7038,0,3060.28,11.2693,435,0,2054.62,11.8314,520,0,1274.46,28.6457,-231.897,0
38.8473,5089.43,16.7161,620,0,4234.35,27.6653,-70.5568,0,3060.31,11.2723,435,0,2054.65,11.835,520,0,1274.54,28.6382,-231.753,0
38.8576,5089.48,16.7205,620,0,4234.43,27.6633,-70.4101,0,3060.34,11.2752,435,0,2054.69,11.8387,520,0,1274.62,28.6307,-231.607,0
38.8676,5089.52,16.7248,620,0,4234.51,27.6614,-70.2631,0,3060.37,11.2781,435,0,2054.72,11.8423,520,0,1274.7,28.6232,-231.461,0
38.8777,5089.57,16.7291,620,0,4234.58,27.6594,-70.1163,0,3060.4,11.2811,435,0,2054.75,11.8459,520,0,1274.78,28.6156,-231.316,0
38.8878,5089.62,16.7335,620,0,4234.66,27.6575,-69.9679,0,3060.43,11.284,435,0,2054.79,11.8496,520,0,1274.86,28.6082,-231.17,0
38.8979,5089.66,16.7378,620,0,4234.74,27.6556,-69.819,0,3060.46,11.2869,435,0,2054.82,11.8532,520,0,1274.94,28.6007,-231.024,0
38.9079,5089.71,16.7422,620,0,4234.81,27.6536,-69.6701,0,3060.49,11.2898,435,0,2054.85,11.8569,520,0,1275.02,28.5932,-230.878,0
38.918,5089.76,16.7465,620,0,4234.89,27.6517,-69.5205,0,3060.53,11.2928,435,0,2054.89,11.8605,520,0,1275.1,28.5857,-230.732,0
38.9281,5089.8,16.7509,620,0,4234.97,27.6498,-69.3724,0,3060.56,11.2957,435,0,2054.92,11.8641,520,0,1275.18,28.5782,-230.587,0
38.9381,5089.85,16.7552,620,0,4235.04,27.6479,-69.2239,0,3060.59,11.2986,435,0,2054.95,11.8678,520,0,1275.26,28.5707,-230.446,0
38.9482,5089.9,16.7595,620,0,4235.12,27.646,-69.0751,0,3060.62,11.3015,435,0,2054.98,11.8714,520,0,1275.33,28.5633,-230.304,0
38.9582,5089.94,16.7639,620,0,4235.2,27.6441,-68.9268,0,3060.65,11.3045,435,0,2055.02,11.8751,520,0,1275.41,28.5558,-230.162,0
38.9683,5089.99,16.7682,620,0,4235.27,27.6422,-68.7777,0,3060.68,11.3074,435,0,2055.05,11.8787,520,0,1275.49,28.5483,-230.019,0
38.9784,5090.04,16.7726,620,0,4235.35,27.6403,-68.6298,0,3060.71,11.3103,435,0,2055.08,11.8823,520,0,1275.57,28.5409,-229.877,0
38.9884,5090.08,16.7769,620,0,4235.43,27.6384,-68.4811,0,3060.75,11.3133,435,0,2055.12,11.886,520,0,1275.65,28.5334,-229.735,0
38.9985,5090.13,16.7812,620,0,4235.5,27.6365,-68.3332,0,3060.78,11.3162,435,0,2055.15,11.8896,520,0,1275.73,28.526,-229.592,0
39.0086,5090.18,16.7856,620,0,4235.58,27.6346,-68.1851,0,3060.81,11.3191,435,0,2055.18,11.8933,520,0,1275.81,28.5185,-229.449,0
39.0187,5090.22,16.7899,620,0,4235.66,27.6327,-68.036,0,3060.84,11.322,435,0,2055.22,11.8969,520,0,1275.89,28.5111,-229.306,0
39.0287,5090.27,16.7943,620,0,4235.73,27.6308,-67.8881,0,3060.87,11.325,435,0,2055.25,11.9005,520,0,1275.97,28.5037,-229.161,0
39.0388,5090.32,16.7986,620,0,4235.81,27.629,-67.7395,0,3060.9,11.3279,435,0,2055.28,11.9042,520,0,1276.05,28.4962,-229.017,0
39.0489,5090.36,16.8029,620,0,4235.89,27.6271,-67.5922,0,3060.93,11.3308,435,0,2055.31,11.9078,520,0,1276.13,28.4888,-228.871,0
39.0589,5090.41,16.8073,620,0,4235.96,27.6252,-67.4441,0,3060.97,11.3337,435,0,2055.35,11.9115,520,0,1276.21,28.4814,-228.726,0
39.069,5090.46,16.8116,620,0,4236.04,27.6234,-67.2962,0,3061,11.3367,435,0,2055.38,11.9151,520,0,1276.28,28.474,-228.58,0
39.0791,5090.5,16.816,620,0,4236.12,27.6215,-67.146,0,3061.03,11.3396,435,0,2055.41,11.9187,520,0,1276.36,28.4666,-228.434,0
39.0891,5090.55,16.8203,620,0,4236.19,27.6197,-66.9959,0,3061.06,11.3425,435,0,2055.45,11.9224,520,0,1276.44,28.4592,-228.289,0
39.0992,5090.6,16.8246,620,0,4236.27,27.6178,-66.8457,0,3061.09,11.3454,435,0,2055.48,11.926,520,0,1276.52,28.4518,-228.143,0
39.1093,5090.64,16.829,620,0,4236.35,27.616,-66.6956,0,3061.12,11.3484,435,0,2055.51,11.9297,520,0,1276.6,28.4444,-227.997,0
39.1194,5090.69,16.8333,620,0,4236.42,27.6141,-66.546,0,3061.16,11.3513,435,0,2055.55,11.9333,520,0,1276.68,28.437,-227.852,0
39.1295,5090.74,16.8377,620,0,4236.5,27.6123,-66.3956,0,3061.19,11.3542,435,0,2055.58,11.937,520,0,1276.76,28.4296,-227.705,0
39.1396,5090.78,16.842,620,0,4236.58,27.6105,-66.246,0,3061.22,11.3572,435,0,2055.61,11.9406,520,0,1276.84,28.4222,-227.559,0
39.1496,5090.83,16.8463,620,0,4236.65,27.6086,-66.0956,0,3061.25,11.3601,435,0,2055.65,11.9442,520,0,1276.92,28.4149,-227.413,0
39.1597,5090.88,16.8507,620,0,4236.73,27.6068,-65.9468,0,3061.28,11.363,435,0,2055.68,11.9479,520,0,1277,28.4075,-227.266,0
39.1698,5090.92,16.855,620,0,4236.81,27.605,-65.7963,0,3061.31,11.3659,435,0,2055.71,11.9515,520,0,1277.07,28.4001,-227.12,0
39.1798,5090.97,16.8594,620,0,4236.88,27.6032,-65.6464,0,3061.34,11.3689,435,0,2055.75,11.9552,520,0,1277.15,28.3928,-226.973,0
39.1899,5091.02,16.8637,620,0,4236.96,27.6014,-65.4972,0,3061.38,11.3718,435,0,2055.78,11.9588,520,0,1277.23,28.3854,-226.826,0
39.2,5091.06,16.8681,620,0,4237.04,27.5996,-65.3477,0,3061.41,11.3747,435,0,2055.81,11.9624,520,0,1277.31,28.3781,-226.679,0
39.2101,5091.11,16.8724,620,0,4237.11,27.5978,-65.1985,0,3061.44,11.3776,435,0,2055.85,11.9661,520,0,1277.39,28.3707,-226.532,0
39.2201,5091.16,16.8767,620,0,4237.19,27.596,-65.0487,0,3061.47,11.3806,435,0,2055.88,11.9697,520,0,1277.47,28.3634,-226.385,0
39.2302,5091.2,16.8811,620,0,4237.27,27.5942,-64.8995,0,3061.5,11.3835,435,0,2055.91,11.9734,520,0,1277.55,28.356,-226.237,0
39.2403,5091.25,16.8854,620,0,4237.34,27.5924,-64.7503,0,3061.53,11.3864,435,0,2055.94,11.977,520,0,1277.63,28.3487,-226.09,0
39.2504,5091.3,16.8898,620,0,4237.42,27.5906,-64.601,0,3061.57,11.3894,435,0,2055.98,11.9806,520,0,1277.71,28.3414,-225.943,0
39.2605,5091.35,16.8941,620,0,4237.5,27.5888,-64.4523,0,3061.6,11.3923,435,0,2056.01,11.9843,520,0,1277.78,28.334,-225.795,0
39.2706,5091.39,16.8984,620,0,4237.57,27.587,-64.3014,0,3061.63,11.3952,435,0,2056.04,11.9879,520,0,1277.86,28.3267,-225.645,0
39.2806,5091.44,16.9028,620,0,4237.65,27.5853,-64.1496,0,3061.66,11.3981,435,0,2056.08,11.9916,520,0,1277.94,28.3194,-225.495,0
39.2907,5091.49,16.9071,620,0,4237.73,27.5835,-63.9984,0,3061.69,11.4011,435,0,2056.11,11.9952,520,0,1278.02,28.3121,-225.346,0
39.3008,5091.53,16.9115,620,0,4237.8,27.5817,-63.8477,0,3061.72,11.404,435,0,2056.14,11.9988,520,0,1278.1,28.3048,-225.195,0
39.3109,5091.58,16.9158,620,0,4237.88,27.58,-63.6962,0,3061.76,11.4069,435,0,2056.18,12.0025,520,0,1278.18,28.2975,-225.045,0
39.3209,5091.63,16.9201,620,0,4237.96,27.5782,-63.5453,0,3061.79,11.4098,435,0,2056.21,12.0061,520,0,1278.26,28.2902,-224.895,0
39.331,5091.67,16.9245,620,0,4238.03,27.5764,-63.3942,0,3061.82,11.4128,435,0,2056.24,12.0098,520,0,1278.33,28.2829,-224.745,0
39.3411,5091.72,16.9288,620,0,4238.11,27.5747,-63.2423,0,3061.85,11.4157,435,0,2056.28,12.0134,520,0,1278.41,28.2756,-224.598,0
39.3512,5091.77,16.9332,620,0,4238.19,27.573,-63.0921,0,3061.88,11.4186,435,0,2056.31,12.017,520,0,1278.49,28.2684,-224.452,0
39.3612,5091.82,16.9375,620,0,4238.26,27.5712,-62.9418,0,3061.91,11.4216,435,0,2056.34,12.0207,520,0,1278.57,28.2611,-224.306,0
39.3713,5091.86,16.9418,620,0,4238.34,27.5695,-62.7895,0,3061.95,11.4245,435,0,2056.38,12.0243,520,0,1278.65,28.2538,-224.159,0
39.3814,5091.91,16.9462,620,0,4238.42,27.5677,-62.6403,0,3061.98,11.4274,435,0,2056.41,12.028,520,0,1278.73,28.2465,-224.013,0
39.3914,5091.96,16.9505,620,0,4238.49,27.566,-62.4893,0,3062.01,11.4303,435,0,2056.45,12.0316,520,0,1278.81,28.2393,-223.866,0
39.4015,5092,16.9549,620,0,4238.57,27.5643,-62.3384,0,3062.04,11.4333,435,0,2056.48,12.0352,520,0,1278.88,28.232,-223.719,0
39.4116,5092.05,16.9592,620,0,4238.65,27.5626,-62.1881,0,3062.07,11.4362,435,0,2056.51,12.0389,520,0,1278.96,28.2248,-223.573,0
39.4217,5092.1,16.9635,620,0,4238.72,27.5609,-62.0383,0,3062.1,11.4391,435,0,2056.55,12.0425,520,0,1279.04,28.2175,-223.426,0
39.4317,5092.15,16.9679,620,0,4238.8,27.5591,-61.8873,0,3062.14,11.442,435,0,2056.58,12.0462,520,0,1279.12,28.2103,-223.278,0
39.4418,5092.19,16.9722,620,0,4238.88,27.5574,-61.7372,0,3062.17,11.445,435,0,2056.61,12.0498,520,0,1279.2,28.2031,-223.132,0
39.4519,5092.24,16.9766,620,0,4238.95,27.5557,-61.587,0,3062.2,11.4479,435,0,2056.65,12.0535,520,0,1279.28,28.1958,-222.984,0
39.4619,5092.29,16.9809,620,0,4239.03,27.554,-61.436,0,3062.23,11.4508,435,0,2056.68,12.0571,520,0,1279.35,28.1886,-222.837,0
39.472,5092.33,16.9853,620,0,4239.11,27.5523,-61.2833,0,3062.26,11.4538,435,0,2056.71,12.0607,520,0,1279.43,28.1814,-222.689,0
39.4821,5092.38,16.9896,620,0,4239.18,27.5507,-61.1311,0,3062.3,11.4567,435,0,2056.75,12.0644,520,0,1279.51,28.1742,-222.541,0
39.4921,5092.43,16.9939,620,0,4239.26,27.549,-60.9785,0,3062.33,11.4596,435,0,2056.78,12.068,520,0,1279.59,28.1669,-222.394,0
39.5022,5092.48,16.9983,620,0,4239.34,27.5473,-60.8267,0,3062.36,11.4625,435,0,2056.81,12.0717,520,0,1279.67,28.1597,-222.246,0
39.5123,5092.52,17.0026,620,0,4239.41,27.5456,-60.6741,0,3062.39,11.4655,435,0,2056.85,12.0753,520,0,1279.74,28.1525,-222.097,0
39.5223,5092.57,17.007,620,0,4239.49,27.5439,-60.5225,0,3062.42,11.4684,435,0,2056.88,12.0789,520,0,1279.82,28.1453,-221.946,0
39.5324,5092.62,17.0113,620,0,4239.57,27.5423,-60.3701,0,3062.45,11.4713,435,0,2056.91,12.0826,520,0,1279.9,28.1381,-221.797,0
39.5425,5092.66,17.0156,620,0,4239.64,27.5406,-60.2185,0,3062.49,11.4742,435,0,2056.95,12.0862,520,0,1279.98,28.1309,-221.646,0
39.5525,5092.71,17.02,620,0,4239.72,27.5389,-60.0662,0,3062.52,11.4772,435,0,2056.98,12.0899,520,0,1280.06,28.1238,-221.496,0
39.5626,5092.76,17.0243,620,0,4239.79,27.5373,-59.915,0,3062.55,11.4801,435,0,2057.01,12.0935,520,0,1280.14,28.1166,-221.346,0
39.5727,5092.81,17.0287,620,0,4239.87,27.5356,-59.763,0,3062.58,11.483,435,0,2057.05,12.0971,520,0,1280.21,28.1094,-221.195,0
39.5828,5092.85,17.033,620,0,4239.95,27.534,-59.6113,0,3062.61,11.486,435,0,2057.08,12.1008,520,0,1280.29,28.1022,-221.045,0
39.5928,5092.9,17.0373,620,0,4240.02,27.5323,-59.4601,0,3062.65,11.4889,435,0,2057.12,12.1044,520,0,1280.37,28.0951,-220.894,0
39.6029,5092.95,17.0417,620,0,4240.1,27.5307,-59.3083,0,3062.68,11.4918,435,0,2057.15,12.1081,520,0,1280.45,28.0879,-220.743,0
39.613,5093,17.046,620,0,4240.18,27.5291,-59.1569,0,3062.71,11.4947,435,0,2057.18,12.1117,520,0,1280.53,28.0808,-220.592,0
39.6232,5093.04,17.0504,620,0,4240.25,27.5274,-59.0062,0,3062.74,11.4977,435,0,2057.22,12.1153,520,0,1280.6,28.0736,-220.441,0
39.6333,5093.09,17.0547,620,0,4240.33,27.5258,-58.8547,0,3062.77,11.5006,435,0,2057.25,12.119,520,0,1280.68,28.0665,-220.29,0
39.6433,5093.14,17.059,620,0,4240.41,27.5242,-58.7031,0,3062.81,11.5035,435,0,2057.28,12.1226,520,0,1280.76,28.0593,-220.139,0
39.6534,5093.19,17.0634,620,0,4240.48,27.5226,-58.5511,0,3062.84,11.5064,435,0,2057.32,12.1263,520,0,1280.84,28.0522,-219.987,0
39.6635,5093.23,17.0677,620,0,4240.56,27.5209,-58.3981,0,3062.87,11.5094,435,0,2057.35,12.1299,520,0,1280.92,28.0451,-219.837,0
39.6736,5093.28,17.0721,620,0,4240.64,27.5193,-58.2449,0,3062.9,11.5123,435,0,2057.38,12.1335,520,0,1280.99,28.0379,-219.685,0
39.6836,5093.33,17.0764,620,0,4240.71,27.5177,-58.0916,0,3062.93,11.5152,435,0,2057.42,12.1372,520,0,1281.07,28.0308,-219.533,0
39.6937,5093.37,17.0807,620,0,4240.79,27.5161,-57.9382,0,3062.97,11.5181,435,0,2057.45,12.1408,520,0,1281.15,28.0237,-219.381,0
39.7038,5093.42,17.0851,620,0,4240.87,27.5145,-57.7853,0,3063,11.5211,435,0,2057.49,12.1445,520,0,1281.23,28.0166,-219.23,0
39.7138,5093.47,17.0894,620,0,4240.94,27.5129,-57.6325,0,3063.03,11.524,435,0,2057.52,12.1481,520,0,1281.3,28.0095,-219.078,0
39.7239,5093.52,17.0938,620,0,4241.02,27.5113,-57.4796,0,3063.06,11.5269,435,0,2057.55,12.1517,520,0,1281.38,28.0024,-218.926,0
39.734,5093.56,17.0981,620,0,4241.09,27.5098,-57.3265,0,3063.09,11.5299,435,0,2057.59,12.1554,520,0,1281.46,27.9953,-218.774,0
39.7441,5093.61,17.1024,620,0,4241.17,27.5082,-57.1735,0,3063.13,11.5328,435,0,2057.62,12.159,520,0,1281.54,27.9882,-218.622,0
39.7541,5093.66,17.1068,620,0,4241.25,27.5066,-57.0209,0,3063.16,11.5357,435,0,2057.65,12.1627,520,0,1281.62,27.9811,-218.469,0
39.7642,5093.71,17.1111,620,0,4241.32,27.505,-56.8683,0,3063.19,11.5386,435,0,2057.69,12.1663,520,0,1281.69,27.974,-218.319,0
39.7743,5093.75,17.1155,620,0,4241.4,27.5035,-56.7161,0,3063.22,11.5416,435,0,2057.72,12.17,520,0,1281.77,27.967,-218.169,0
39.7843,5093.8,17.1198,620,0,4241.48,27.5019,-56.5633,0,3063.25,11.5445,435,0,2057.76,12.1736,520,0,1281.85,27.9599,-218.019,0
39.7944,5093.85,17.1242,620,0,4241.55,27.5003,-56.411,0,3063.29,11.5474,435,0,2057.79,12.1772,520,0,1281.93,27.9528,-217.869,0
39.8045,5093.9,17.1285,620,0,4241.63,27.4988,-56.2588,0,3063.32,11.5503,435,0,2057.82,12.1809,520,0,1282,27.9458,-217.719,0
39.8145,5093.95,17.1328,620,0,4241.71,27.4972,-56.1065,0,3063.35,11.5533,435,0,2057.86,12.1845,520,0,1282.08,27.9387,-217.568,0
39.8246,5093.99,17.1372,620,0,4241.78,27.4957,-55.9552,0,3063.38,11.5562,435,0,2057.89,12.1882,520,0,1282.16,27.9317,-217.417,0
39.8347,5094.04,17.1415,620,0,4241.86,27.4941,-55.8026,0,3063.41,11.5591,435,0,2057.93,12.1918,520,0,1282.24,27.9246,-217.267,0
39.8448,5094.09,17.1459,620,0,4241.93,27.4926,-55.6504,0,3063.45,11.5621,435,0,2057.96,12.1954,520,0,1282.31,27.9176,-217.116,0
39.855,5094.14,17.1502,620,0,4242.01,27.4911,-55.4961,0,3063.48,11.565,435,0,2057.99,12.1991,520,0,1282.39,27.9105,-216.965,0
39.865,5094.18,17.1545,620,0,4242.09,27.4895,-55.3413,0,3063.51,11.5679,435,0,2058.03,12.2027,520,0,1282.47,27.9035,-216.814,0
39.8751,5094.23,17.1589,620,0,4242.16,27.488,-55.1873,0,3063.54,11.5708,435,0,2058.06,12.2064,520,0,1282.55,27.8965,-216.663,0
39.8851,5094.28,17.1632,620,0,4242.24,27.4865,-55.0333,0,3063.58,11.5738,435,0,2058.1,12.21,520,0,1282.62,27.8895,-216.512,0
39.8952,5094.33,17.1676,620,0,4242.32,27.485,-54.8788,0,3063.61,11.5767,435,0,2058.13,12.2136,520,0,1282.7,27.8824,-216.36,0
39.9053,5094.37,17.1719,620,0,4242.39,27.4835,-54.7255,0,3063.64,11.5796,435,0,2058.16,12.2173,520,0,1282.78,27.8754,-216.209,0
39.9153,5094.42,17.1762,620,0,4242.47,27.482,-54.5721,0,3063.67,11.5825,435,0,2058.2,12.2209,520,0,1282.86,27.8684,-216.057,0
39.9254,5094.47,17.1806,620,0,4242.55,27.4805,-54.4183,0,3063.7,11.5855,435,0,2058.23,12.2246,520,0,1282.93,27.8614,-215.906,0
39.9359,5094.52,17.1849,620,0,4242.62,27.4789,-54.265,0,3063.74,11.5884,435,0,2058.26,12.2282,520,0,1283.01,27.8544,-215.754,0
39.9459,5094.56,17.1893,620,0,4242.7,27.4775,-54.1107,0,3063.77,11.5913,435,0,2058.3,12.2318,520,0,1283.09,27.8474,-215.602,0
39.956,5094.61,17.1936,620,0,4242.77,27.476,-53.9577,0,3063.8,11.5943,435,0,2058.33,12.2355,520,0,1283.17,27.8404,-215.451,0
39.9661,5094.66,17.1979,620,0,4242.85,27.4745,-53.8045,0,3063.83,11.5972,435,0,2058.37,12.2391,520,0,1283.24,27.8335,-215.299,0
39.9761,5094.71,17.2023,620,0,4242.93,27.473,-53.6516,0,3063.87,11.6001,435,0,2058.4,12.2428,520,0,1283.32,27.8265,-215.147,0
39.9862,5094.76,17.2066,620,0,4243,27.4715,-53.4982,0,3063.9,11.603,435,0,2058.43,12.2464,520,0,1283.4,27.8195,-214.995,0
39.9963,5094.8,17.211,620,0,4243.08,27.47,-53.3448,0,3063.93,11.606,435,0,2058.47,12.25,520,0,1283.48,27.8125,-214.843,0
40.0064,5094.85,17.2153,620,0,4243.16,27.4686,-53.1922,0,3063.96,11.6089,435,0,2058.5,12.2537,520,0,1283.55,27.8056,-214.689,0
40.0164,5094.9,17.2196,620,0,4243.23,27.4671,-53.0393,0,3063.99,11.6118,435,0,2058.54,12.2573,520,0,1283.63,27.7986,-214.534,0
40.0265,5094.95,17.224,620,0,4243.31,27.4656,-52.8864,0,3064.03,11.6147,435,0,2058.57,12.261,520,0,1283.71,27.7917,-214.379,0
40.0366,5095,17.2283,620,0,4243.38,27.4642,-52.7332,0,3064.06,11.6177,435,0,2058.61,12.2646,520,0,1283.78,27.7847,-214.225,0
40.0466,5095.04,17.2327,620,0,4243.46,27.4627,-52.5785,0,3064.09,11.6206,435,0,2058.64,12.2682,520,0,1283.86,27.7778,-214.07,0
40.0567,5095.09,17.237,620,0,4243.54,27.4613,-52.4236,0,3064.12,11.6235,435,0,2058.67,12.2719,520,0,1283.94,27.7708,-213.916,0
40.0668,5095.14,17.2414,620,0,4243.61,27.4598,-52.2686,0,3064.16,11.6265,435,0,2058.71,12.2755,520,0,1284.02,27.7639,-213.761,0
40.0769,5095.19,17.2457,620,0,4243.69,27.4584,-52.1142,0,3064.19,11.6294,435,0,2058.74,12.2792,520,0,1284.09,27.757,-213.607,0
40.0869,5095.23,17.25,620,0,4243.77,27.457,-51.9592,0,3064.22,11.6323,435,0,2058.78,12.2828,520,0,1284.17,27.75,-213.452,0
40.097,5095.28,17.2544,620,0,4243.84,27.4555,-51.8047,0,3064.25,11.6352,435,0,2058.81,12.2865,520,0,1284.25,27.7431,-213.296,0
40.1071,5095.33,17.2587,620,0,4243.92,27.4541,-51.6503,0,3064.28,11.6382,435,0,2058.84,12.2901,520,0,1284.32,27.7362,-213.142,0
40.1171,5095.38,17.2631,620,0,4243.99,27.4527,-51.4953,0,3064.32,11.6411,435,0,2058.88,12.2937,520,0,1284.4,27.7293,-212.987,0
40.1272,5095.43,17.2674,620,0,4244.07,27.4512,-51.3413,0,3064.35,11.644,435,0,2058.91,12.2974,520,0,1284.48,27.7224,-212.831,0
40.1373,5095.47,17.2717,620,0,4244.15,27.4498,-51.1877,0,3064.38,11.6469,435,0,2058.95,12.301,520,0,1284.55,27.7155,-212.676,0
40.1474,5095.52,17.2761,620,0,4244.22,27.4484,-51.033,0,3064.41,11.6499,435,0,2058.98,12.3047,520,0,1284.63,27.7086,-212.521,0
40.1575,5095.57,17.2804,620,0,4244.3,27.447,-50.8793,0,3064.45,11.6528,435,0,2059.01,12.3083,520,0,1284.71,27.7017,-212.366,0
40.1675,5095.62,17.2848,620,0,4244.38,27.4456,-50.7253,0,3064.48,11.6557,435,0,2059.05,12.3119,520,0,1284.79,27.6948,-212.21,0
40.1776,5095.67,17.2891,620,0,4244.45,27.4442,-50.5725,0,3064.51,11.6586,435,0,2059.08,12.3156,520,0,1284.86,27.688,-212.054,0
40.1877,5095.71,17.2934,620,0,4244.53,27.4428,-50.4186,0,3064.54,11.6616,435,0,2059.12,12.3192,520,0,1284.94,27.6811,-211.899,0
40.1977,5095.76,17.2978,620,0,4244.6,27.4414,-50.2662,0,3064.58,11.6645,435,0,2059.15,12.3229,520,0,1285.02,27.6742,-211.748,0
40.2078,5095.81,17.3021,620,0,4244.68,27.44,-50.1135,0,3064.61,11.6674,435,0,2059.19,12.3265,520,0,1285.09,27.6674,-211.596,0
40.2179,5095.86,17.3065,620,0,4244.76,27.4387,-49.9611,0,3064.64,11.6704,435,0,2059.22,12.3301,520,0,1285.17,27.6605,-211.444,0
40.228,5095.91,17.3108,620,0,4244.83,27.4373,-49.809,0,3064.67,11.6733,435,0,2059.25,12.3338,520,0,1285.25,27.6537,-211.292,0
40.238,5095.95,17.3151,620,0,4244.91,27.4359,-49.6542,0,3064.71,11.6762,435,0,2059.29,12.3374,520,0,1285.32,27.6468,-211.14,0
40.2481,5096,17.3195,620,0,4244.99,27.4345,-49.4991,0,3064.74,11.6791,435,0,2059.32,12.3411,520,0,1285.4,27.64,-210.987,0
40.2582,5096.05,17.3238,620,0,4245.06,27.4332,-49.3443,0,3064.77,11.6821,435,0,2059.36,12.3447,520,0,1285.48,27.6331,-210.832,0
40.2683,5096.1,17.3282,620,0,4245.14,27.4318,-49.1896,0,3064.8,11.685,435,0,2059.39,12.3483,520,0,1285.55,27.6263,-210.678,0
40.2783,5096.15,17.3325,620,0,4245.21,27.4305,-49.0352,0,3064.84,11.6879,435,0,2059.43,12.352,520,0,1285.63,27.6195,-210.524,0
40.2884,5096.2,17.3368,620,0,4245.29,27.4291,-48.8802,0,3064.87,11.6908,435,0,2059.46,12.3556,520,0,1285.71,27.6126,-210.37,0
40.2985,5096.24,17.3412,620,0,4245.37,27.4278,-48.7265,0,3064.9,11.6938,435,0,2059.49,12.3593,520,0,1285.78,27.6058,-210.216,0
40.3085,5096.29,17.3455,620,0,4245.44,27.4264,-48.5724,0,3064.93,11.6967,435,0,2059.53,12.3629,520,0,1285.86,27.599,-210.061,0
40.3186,5096.34,17.3499,620,0,4245.52,27.4251,-48.4177,0,3064.97,11.6996,435,0,2059.56,12.3665,520,0,1285.94,27.5922,-209.907,0
40.3287,5096.39,17.3542,620,0,4245.6,27.4237,-48.264,0,3065,11.7026,435,0,2059.6,12.3702,520,0,1286.01,27.5854,-209.752,0
40.3387,5096.44,17.3586,620,0,4245.67,27.4224,-48.11,0,3065.03,11.7055,435,0,2059.63,12.3738,520,0,1286.09,27.5786,-209.597,0
40.3489,5096.48,17.3629,620,0,4245.75,27.4211,-47.9561,0,3065.06,11.7084,435,0,2059.67,12.3775,520,0,1286.17,27.5718,-209.443,0
40.359,5096.53,17.3672,620,0,4245.82,27.4198,-47.8015,0,3065.1,11.7113,435,0,2059.7,12.3811,520,0,1286.24,27.565,-209.287,0
40.3691,5096.58,17.3716,620,0,4245.9,27.4185,-47.6487,0,3065.13,11.7143,435,0,2059.73,12.3847,520,0,1286.32,27.5582,-209.133,0
40.3791,5096.63,17.3759,620,0,4245.98,27.4171,-47.4955,0,3065.16,11.7172,435,0,2059.77,12.3884,520,0,1286.4,27.5515,-208.978,0
40.3892,5096.68,17.3803,620,0,4246.05,27.4158,-47.3412,0,3065.19,11.7201,435,0,2059.8,12.392,520,0,1286.47,27.5447,-208.823,0
40.3993,5096.73,17.3846,620,0,4246.13,27.4145,-47.188,0,3065.23,11.723,435,0,2059.84,12.3957,520,0,1286.55,27.5379,-208.667,0
40.4093,5096.77,17.3889,620,0,4246.2,27.4132,-47.0355,0,3065.26,11.726,435,0,2059.87,12.3993,520,0,1286.63,27.5312,-208.512,0
40.4194,5096.82,17.3933,620,0,4246.28,27.4119,-46.8815,0,3065.29,11.7289,435,0,2059.91,12.4029,520,0,1286.7,27.5244,-208.356,0
40.4295,5096.87,17.3976,620,0,4246.36,27.4106,-46.727,0,3065.32,11.7318,435,0,2059.94,12.4066,520,0,1286.78,27.5177,-208.201,0
40.4395,5096.92,17.402,620,0,4246.43,27.4094,-46.5714,0,3065.36,11.7348,435,0,2059.98,12.4102,520,0,1286.86,27.5109,-208.046,0
40.4496,5096.97,17.4063,620,0,4246.51,27.4081,-46.4161,0,3065.39,11.7377,435,0,2060.01,12.4139,520,0,1286.93,27.5042,-207.89,0
40.4597,5097.02,17.4106,620,0,4246.59,27.4068,-46.2602,0,3065.42,11.7406,435,0,2060.05,12.4175,520,0,1287.01,27.4974,-207.735,0
40.4697,5097.06,17.415,620,0,4246.66,27.4055,-46.1058,0,3065.45,11.7435,435,0,2060.08,12.4212,520,0,1287.08,27.4907,-207.579,0
40.4798,5097.11,17.4193,620,0,4246.74,27.4042,-45.9503,0,3065.49,11.7465,435,0,2060.11,12.4248,520,0,1287.16,27.484,-207.423,0
40.4899,5097.16,17.4237,620,0,4246.81,27.403,-45.795,0,3065.52,11.7494,435,0,2060.15,12.4284,520,0,1287.24,27.4772,-207.267,0
40.5,5097.21,17.428,620,0,4246.89,27.4017,-45.6406,0,3065.55,11.7523,435,0,2060.18,12.4321,520,0,1287.31,27.4705,-207.109,0
40.51,5097.26,17.4323,620,0,4246.97,27.4005,-45.485,0,3065.58,11.7552,435,0,2060.22,12.4357,520,0,1287.39,27.4638,-206.951,0
40.5201,5097.31,17.4367,620,0,4247.04,27.3992,-45.3306,0,3065.62,11.7582,435,0,2060.25,12.4394,520,0,1287.47,27.4571,-206.793,0
40.5302,5097.35,17.441,620,0,4247.12,27.398,-45.1772,0,3065.65,11.7611,435,0,2060.29,12.443,520,0,1287.54,27.4504,-206.635,0
40.5403,5097.4,17.4454,620,0,4247.19,27.3967,-45.0216,0,3065.68,11.764,435,0,2060.32,12.4466,520,0,1287.62,27.4437,-206.477,0
40.5504,5097.45,17.4497,620,0,4247.27,27.3955,-44.868,0,3065.72,11.767,435,0,2060.36,12.4503,520,0,1287.7,27.437,-206.318,0
40.5604,5097.5,17.454,620,0,4247.35,27.3942,-44.7137,0,3065.75,11.7699,435,0,2060.39,12.4539,520,0,1287.77,27.4303,-206.16,0
40.5705,5097.55,17.4584,620,0,4247.42,27.393,-44.5596,0,3065.78,11.7728,435,0,2060.43,12.4576,520,0,1287.85,27.4237,-206.001,0
40.5806,5097.6,17.4627,620,0,4247.5,27.3918,-44.4046,0,3065.81,11.7757,435,0,2060.46,12.4612,520,0,1287.92,27.417,-205.844,0
40.5907,5097.65,17.4671,620,0,4247.57,27.3905,-44.252,0,3065.85,11.7787,435,0,2060.49,12.4648,520,0,1288,27.4103,-205.685,0
40.6007,5097.69,17.4714,620,0,4247.65,27.3893,-44.0977,0,3065.88,11.7816,435,0,2060.53,12.4685,520,0,1288.08,27.4036,-205.527,0
40.6108,5097.74,17.4758,620,0,4247.73,27.3881,-43.9435,0,3065.91,11.7845,435,0,2060.56,12.4721,520,0,1288.15,27.397,-205.368,0
40.6209,5097.79,17.4801,620,0,4247.8,27.3869,-43.7875,0,3065.94,11.7874,435,0,2060.6,12.4758,520,0,1288.23,27.3903,-205.209,0
40.6309,5097.84,17.4844,620,0,4247.88,27.3857,-43.6319,0,3065.98,11.7904,435,0,2060.63,12.4794,520,0,1288.3,27.3837,-205.051,0
40.641,5097.89,17.4888,620,0,4247.96,27.3845,-43.4763,0,3066.01,11.7933,435,0,2060.67,12.483,520,0,1288.38,27.377,-204.894,0
40.6511,5097.94,17.4931,620,0,4248.03,27.3833,-43.3207,0,3066.04,11.7962,435,0,2060.7,12.4867,520,0,1288.46,27.3704,-204.74,0
40.6612,5097.99,17.4975,620,0,4248.11,27.3821,-43.1646,0,3066.08,11.7992,435,0,2060.74,12.4903,520,0,1288.53,27.3638,-204.585,0
40.6712,5098.03,17.5018,620,0,4248.18,27.3809,-43.0094,0,3066.11,11.8021,435,0,2060.77,12.494,520,0,1288.61,27.3571,-204.43,0
40.6813,5098.08,17.5061,620,0,4248.26,27.3797,-42.8535,0,3066.14,11.805,435,0,2060.81,12.4976,520,0,1288.68,27.3505,-204.275,0
40.6914,5098.13,17.5105,620,0,4248.34,27.3785,-42.6978,0,3066.17,11.8079,435,0,2060.84,12.5012,520,0,1288.76,27.3439,-204.119,0
40.7014,5098.18,17.5148,620,0,4248.41,27.3774,-42.5428,0,3066.21,11.8109,435,0,2060.88,12.5049,520,0,1288.84,27.3373,-203.965,0
40.7115,5098.23,17.5192,620,0,4248.49,27.3762,-42.3875,0,3066.24,11.8138,435,0,2060.91,12.5085,520,0,1288.91,27.3307,-203.809,0
40.7216,5098.28,17.5235,620,0,4248.56,27.375,-42.2332,0,3066.27,11.8167,435,0,2060.95,12.5122,520,0,1288.99,27.324,-203.653,0
40.7317,5098.33,17.5278,620,0,4248.64,27.3739,-42.078,0,3066.3,11.8196,435,0,2060.98,12.5158,520,0,1289.06,27.3174,-203.498,0
40.7417,5098.38,17.5322,620,0,4248.72,27.3727,-41.923,0,3066.34,11.8226,435,0,2061.01,12.5194,520,0,1289.14,27.3109,-203.341,0
40.7518,5098.42,17.5365,620,0,4248.79,27.3716,-41.7678,0,3066.37,11.8255,435,0,2061.05,12.5231,520,0,1289.22,27.3043,-203.183,0
40.7619,5098.47,17.5409,620,0,4248.87,27.3704,-41.6141,0,3066.4,11.8284,435,0,2061.08,12.5267,520,0,1289.29,27.2977,-203.026,0
40.7719,5098.52,17.5452,620,0,4248.94,27.3693,-41.4584,0,3066.44,11.8313,435,0,2061.12,12.5304,520,0,1289.37,27.2911,-202.868,0
40.782,5098.57,17.5495,620,0,4249.02,27.3681,-41.3051,0,3066.47,11.8343,435,0,2061.15,12.534,520,0,1289.44,27.2845,-202.711,0
40.7921,5098.62,17.5539,620,0,4249.1,27.367,-41.1501,0,3066.5,11.8372,435,0,2061.19,12.5377,520,0,1289.52,27.278,-202.553,0
40.8022,5098.67,17.5582,620,0,4249.17,27.3658,-40.9958,0,3066.53,11.8401,435,0,2061.22,12.5413,520,0,1289.59,27.2714,-202.395,0
40.8122,5098.72,17.5626,620,0,4249.25,27.3647,-40.8399,0,3066.57,11.8431,435,0,2061.26,12.5449,520,0,1289.67,27.2648,-202.237,0
40.8223,5098.77,17.5669,620,0,4249.32,27.3636,-40.6824,0,3066.6,11.846,435,0,2061.29,12.5486,520,0,1289.75,27.2583,-202.079,0
40.8323,5098.81,17.5712,620,0,4249.4,27.3625,-40.5266,0,3066.63,11.8489,435,0,2061.33,12.5522,520,0,1289.82,27.2517,-201.921,0
40.8424,5098.86,17.5756,620,0,4249.48,27.3614,-40.3709,0,3066.67,11.8518,435,0,2061.36,12.5559,520,0,1289.9,27.2452,-201.763,0
40.8525,5098.91,17.5799,620,0,4249.55,27.3602,-40.2146,0,3066.7,11.8548,435,0,2061.4,12.5595,520,0,1289.97,27.2386,-201.605,0
40.8626,5098.96,17.5843,620,0,4249.63,27.3591,-40.0584,0,3066.73,11.8577,435,0,2061.43,12.5631,520,0,1290.05,27.2321,-201.446,0
40.8726,5099.01,17.5886,620,0,4249.7,27.358,-39.9028,0,3066.77,11.8606,435,0,2061.47,12.5668,520,0,1290.12,27.2256,-201.289,0
40.8827,5099.06,17.593,620,0,4249.78,27.3569,-39.7461,0,3066.8,11.8635,435,0,2061.5,12.5704,520,0,1290.2,27.2191,-201.131,0
40.8928,5099.11,17.5973,620,0,4249.86,27.3558,-39.5914,0,3066.83,11.8665,435,0,2061.54,12.5741,520,0,1290.28,27.2125,-200.972,0
40.9028,5099.16,17.6016,620,0,4249.93,27.3547,-39.4355,0,3066.86,11.8694,435,0,2061.57,12.5777,520,0,1290.35,27.206,-200.814,0
40.9129,5099.2,17.606,620,0,4250.01,27.3537,-39.2796,0,3066.9,11.8723,435,0,2061.61,12.5813,520,0,1290.43,27.1995,-200.655,0
40.923,5099.25,17.6103,620,0,4250.08,27.3526,-39.1247,0,3066.93,11.8753,435,0,2061.64,12.585,520,0,1290.5,27.193,-200.497,0
40.9331,5099.3,17.6147,620,0,4250.16,27.3515,-38.9692,0,3066.96,11.8782,435,0,2061.68,12.5886,520,0,1290.58,27.1865,-200.338,0
40.9431,5099.35,17.619,620,0,4250.24,27.3504,-38.814,0,3067,11.8811,435,0,2061.71,12.5923,520,0,1290.65,27.18,-200.18,0
40.9532,5099.4,17.6233,620,0,4250.31,27.3494,-38.6595,0,3067.03,11.884,435,0,2061.75,12.5959,520,0,1290.73,27.1735,-200.021,0
40.9633,5099.45,17.6277,620,0,4250.39,27.3483,-38.5043,0,3067.06,11.887,435,0,2061.78,12.5995,520,0,1290.8,27.1671,-199.862,0
40.9733,5099.5,17.632,620,0,4250.46,27.3472,-38.3494,0,3067.1,11.8899,435,0,2061.82,12.6032,520,0,1290.88,27.1606,-199.703,0
40.9834,5099.55,17.6364,620,0,4250.54,27.3462,-38.1944,0,3067.13,11.8928,435,0,2061.85,12.6068,520,0,1290.95,27.1541,-199.543,0
40.9935,5099.6,17.6407,620,0,4250.62,27.3451,-38.0399,0,3067.16,11.8957,435,0,2061.89,12.6105,520,0,1291.03,27.1476,-199.382,0
41.0036,5099.65,17.645,620,0,4250.69,27.3441,-37.8834,0,3067.19,11.8987,435,0,2061.92,12.6141,520,0,1291.11,27.1412,-199.221,0
41.0137,5099.69,17.6494,620,0,4250.77,27.343,-37.7261,0,3067.23,11.9016,435,0,2061.96,12.6177,520,0,1291.18,27.1347,-199.06,0
41.0238,5099.74,17.6537,620,0,4250.84,27.342,-37.5694,0,3067.26,11.9045,435,0,2061.99,12.6214,520,0,1291.26,27.1283,-198.899,0
41.0339,5099.79,17.6581,620,0,4250.92,27.341,-37.4126,0,3067.29,11.9075,435,0,2062.03,12.625,520,0,1291.33,27.1218,-198.738,0
41.0439,5099.84,17.6624,620,0,4251,27.3399,-37.256,0,3067.33,11.9104,435,0,2062.06,12.6287,520,0,1291.41,27.1154,-198.577,0
41.054,5099.89,17.6667,620,0,4251.07,27.3389,-37.0998,0,3067.36,11.9133,435,0,2062.1,12.6323,520,0,1291.48,27.109,-198.416,0
41.0641,5099.94,17.6711,620,0,4251.15,27.3379,-36.9437,0,3067.39,11.9162,435,0,2062.13,12.6359,520,0,1291.56,27.1025,-198.255,0
41.0741,5099.99,17.6754,620,0,4251.22,27.3369,-36.787,0,3067.43,11.9192,435,0,2062.17,12.6396,520,0,1291.63,27.0961,-198.094,0
41.0842,5100.04,17.6798,620,0,4251.3,27.3359,-36.6325,0,3067.46,11.9221,435,0,2062.2,12.6432,520,0,1291.71,27.0897,-197.932,0
41.0943,5100.09,17.6841,620,0,4251.38,27.3348,-36.4755,0,3067.49,11.925,435,0,2062.24,12.6469,520,0,1291.78,27.0833,-197.771,0
41.1044,5100.14,17.6884,620,0,4251.45,27.3338,-36.3191,0,3067.53,11.9279,435,0,2062.27,12.6505,520,0,1291.86,27.0769,-197.611,0
41.1144,5100.19,17.6928,620,0,4251.53,27.3328,-36.1637,0,3067.56,11.9309,435,0,2062.31,12.6542,520,0,1291.93,27.0705,-197.453,0
41.1245,5100.23,17.6971,620,0,4251.6,27.3318,-36.0084,0,3067.59,11.9338,435,0,2062.34,12.6578,520,0,1292.01,27.0641,-197.296,0
41.1346,5100.28,17.7015,620,0,4251.68,27.3309,-35.8523,0,3067.62,11.9367,435,0,2062.38,12.6614,520,0,1292.08,27.0577,-197.138,0
41.1446,5100.33,17.7058,620,0,4251.75,27.3299,-35.6972,0,3067.66,11.9397,435,0,2062.41,12.6651,520,0,1292.16,27.0513,-196.98,0
41.1547,5100.38,17.7102,620,0,4251.83,27.3289,-35.542,0,3067.69,11.9426,435,0,2062.45,12.6687,520,0,1292.23,27.0449,-196.822,0
41.1648,5100.43,17.7145,620,0,4251.91,27.3279,-35.3863,0,3067.72,11.9455,435,0,2062.48,12.6724,520,0,1292.31,27.0385,-196.665,0
41.1749,5100.48,17.7188,620,0,4251.98,27.3269,-35.2317,0,3067.76,11.9484,435,0,2062.52,12.676,520,0,1292.38,27.0321,-196.507,0
41.1849,5100.53,17.7232,620,0,4252.06,27.326,-35.077,0,3067.79,11.9514,435,0,2062.56,12.6796,520,0,1292.46,27.0258,-196.349,0
41.195,5100.58,17.7275,620,0,4252.13,27.325,-34.9201,0,3067.82,11.9543,435,0,2062.59,12.6833,520,0,1292.53,27.0194,-196.191,0
41.2051,5100.63,17.7319,620,0,4252.21,27.324,-34.763,0,3067.86,11.9572,435,0,2062.63,12.6869,520,0,1292.61,27.0131,-196.032,0
41.2152,5100.68,17.7362,620,0,4252.29,27.3231,-34.6054,0,3067.89,11.9601,435,0,2062.66,12.6906,520,0,1292.68,27.0067,-195.874,0
41.2253,5100.73,17.7405,620,0,4252.36,27.3221,-34.4492,0,3067.92,11.9631,435,0,2062.7,12.6942,520,0,1292.76,27.0004,-195.715,0
41.2353,5100.78,17.7449,620,0,4252.44,27.3212,-34.292,0,3067.96,11.966,435,0,2062.73,12.6978,520,0,1292.83,26.994,-195.555,0
41.2454,5100.83,17.7492,620,0,4252.51,27.3202,-34.1346,0,3067.99,11.9689,435,0,2062.77,12.7015,520,0,1292.91,26.9877,-195.394,0
41.2555,5100.87,17.7536,620,0,4252.59,27.3193,-33.9787,0,3068.02,11.9718,435,0,2062.8,12.7051,520,0,1292.98,26.9813,-195.235,0
41.2655,5100.92,17.7579,620,0,4252.67,27.3184,-33.822,0,3068.06,11.9748,435,0,2062.84,12.7088,520,0,1293.06,26.975,-195.074,0
41.2756,5100.97,17.7622,620,0,4252.74,27.3174,-33.6666,0,3068.09,11.9777,435,0,2062.87,12.7124,520,0,1293.13,26.9687,-194.914,0
41.2856,5101.02,17.7666,620,0,4252.82,27.3165,-33.5103,0,3068.12,11.9806,435,0,2062.91,12.716,520,0,1293.21,26.9624,-194.753,0
41.2957,5101.07,17.7709,620,0,4252.89,27.3156,-33.3532,0,3068.16,11.9836,435,0,2062.94,12.7197,520,0,1293.28,26.9561,-194.593,0
41.3058,5101.12,17.7753,620,0,4252.97,27.3147,-33.1978,0,3068.19,11.9865,435,0,2062.98,12.7233,520,0,1293.36,26.9498,-194.432,0
41.3158,5101.17,17.7796,620,0,4253.04,27.3138,-33.0413,0,3068.22,11.9894,435,0,2063.01,12.727,520,0,1293.43,26.9435,-194.272,0
41.3259,5101.22,17.7839,620,0,4253.12,27.3128,-32.8857,0,3068.26,11.9923,435,0,2063.05,12.7306,520,0,1293.51,26.9372,-194.111,0
41.336,5101.27,17.7883,620,0,4253.2,27.3119,-32.7301,0,3068.29,11.9953,435,0,2063.08,12.7342,520,0,1293.58,26.9309,-193.95,0
41.3461,5101.32,17.7926,620,0,4253.27,27.311,-32.5748,0,3068.32,11.9982,435,0,2063.12,12.7379,520,0,1293.66,26.9246,-193.79,0
41.3561,5101.37,17.797,620,0,4253.35,27.3101,-32.4188,0,3068.36,12.0011,435,0,2063.16,12.7415,520,0,1293.73,26.9183,-193.629,0
41.3662,5101.42,17.8013,620,0,4253.42,27.3092,-32.2637,0,3068.39,12.004,435,0,2063.19,12.7452,520,0,1293.81,26.912,-193.468,0
41.3763,5101.47,17.8056,620,0,4253.5,27.3084,-32.1085,0,3068.42,12.007,435,0,2063.23,12.7488,520,0,1293.88,26.9058,-193.307,0
41.3864,5101.52,17.81,620,0,4253.58,27.3075,-31.9518,0,3068.46,12.0099,435,0,2063.26,12.7524,520,0,1293.96,26.8995,-193.146,0
41.3965,5101.57,17.8143,620,0,4253.65,27.3066,-31.7938,0,3068.49,12.0128,435,0,2063.3,12.7561,520,0,1294.03,26.8932,-192.986,0
41.4066,5101.62,17.8187,620,0,4253.73,27.3057,-31.6375,0,3068.52,12.0158,435,0,2063.33,12.7597,520,0,1294.11,26.887,-192.824,0
41.4167,5101.67,17.823,620,0,4253.8,27.3049,-31.4802,0,3068.56,12.0187,435,0,2063.37,12.7634,520,0,1294.18,26.8807,-192.664,0
41.4267,5101.71,17.8274,620,0,4253.88,27.304,-31.3225,0,3068.59,12.0216,435,0,2063.4,12.767,520,0,1294.26,26.8745,-192.503,0
41.4368,5101.76,17.8317,620,0,4253.96,27.3031,-31.1663,0,3068.62,12.0245,435,0,2063.44,12.7707,520,0,1294.33,26.8683,-192.341,0
41.4469,5101.81,17.836,620,0,4254.03,27.3023,-31.0091,0,3068.66,12.0275,435,0,2063.47,12.7743,520,0,1294.41,26.862,-192.18,0
41.457,5101.86,17.8404,620,0,4254.11,27.3014,-30.8521,0,3068.69,12.0304,435,0,2063.51,12.7779,520,0,1294.48,26.8558,-192.019,0
41.4671,5101.91,17.8447,620,0,4254.18,27.3006,-30.6966,0,3068.72,12.0333,435,0,2063.55,12.7816,520,0,1294.55,26.8496,-191.857,0
41.4772,5101.96,17.8491,620,0,4254.26,27.2997,-30.5392,0,3068.76,12.0362,435,0,2063.58,12.7852,520,0,1294.63,26.8434,-191.693,0
41.4873,5102.01,17.8534,620,0,4254.33,27.2989,-30.383,0,3068.79,12.0392,435,0,2063.62,12.7889,520,0,1294.7,26.8371,-191.53,0
41.4973,5102.06,17.8577,620,0,4254.41,27.298,-30.2267,0,3068.82,12.0421,435,0,2063.65,12.7925,520,0,1294.78,26.8309,-191.367,0
41.5074,5102.11,17.8621,620,0,4254.49,27.2972,-30.0704,0,3068.86,12.045,435,0,2063.69,12.7961,520,0,1294.85,26.8247,-191.203,0
41.5174,5102.16,17.8664,620,0,4254.56,27.2964,-29.915,0,3068.89,12.048,435,0,2063.72,12.7998,520,0,1294.93,26.8185,-191.04,0
41.5275,5102.21,17.8708,620,0,4254.64,27.2956,-29.7592,0,3068.92,12.0509,435,0,2063.76,12.8034,520,0,1295,26.8124,-190.877,0
41.5376,5102.26,17.8751,620,0,4254.71,27.2947,-29.6035,0,3068.96,12.0538,435,0,2063.79,12.8071,520,0,1295.08,26.8062,-190.713,0
41.5477,5102.31,17.8794,620,0,4254.79,27.2939,-29.4476,0,3068.99,12.0567,435,0,2063.83,12.8107,520,0,1295.15,26.8,-190.549,0
41.5577,5102.36,17.8838,620,0,4254.86,27.2931,-29.2925,0,3069.02,12.0597,435,0,2063.87,12.8143,520,0,1295.23,26.7938,-190.386,0
41.5678,5102.41,17.8881,620,0,4254.94,27.2923,-29.1371,0,3069.06,12.0626,435,0,2063.9,12.818,520,0,1295.3,26.7876,-190.223,0
41.5779,5102.46,17.8925,620,0,4255.02,27.2915,-28.9799,0,3069.09,12.0655,435,0,2063.94,12.8216,520,0,1295.37,26.7815,-190.059,0
41.5879,5102.51,17.8968,620,0,4255.09,27.2907,-28.8213,0,3069.13,12.0684,435,0,2063.97,12.8253,520,0,1295.45,26.7753,-189.897,0
41.598,5102.56,17.9011,620,0,4255.17,27.2899,-28.6638,0,3069.16,12.0714,435,0,2064.01,12.8289,520,0,1295.52,26.7692,-189.738,0
41.6081,5102.61,17.9055,620,0,4255.24,27.2891,-28.5072,0,3069.19,12.0743,435,0,2064.04,12.8325,520,0,1295.6,26.763,-189.577,0
41.6181,5102.66,17.9098,620,0,4255.32,27.2884,-28.35,0,3069.23,12.0772,435,0,2064.08,12.8362,520,0,1295.67,26.7569,-189.417,0
41.6282,5102.71,17.9142,620,0,4255.4,27.2876,-28.1926,0,3069.26,12.0802,435,0,2064.11,12.8398,520,0,1295.75,26.7507,-189.257,0
41.6383,5102.76,17.9185,620,0,4255.47,27.2868,-28.036,0,3069.29,12.0831,435,0,2064.15,12.8435,520,0,1295.82,26.7446,-189.097,0
41.6484,5102.81,17.9228,620,0,4255.55,27.286,-27.8784,0,3069.33,12.086,435,0,2064.19,12.8471,520,0,1295.89,26.7385,-188.936,0
41.6584,5102.86,17.9272,620,0,4255.62,27.2853,-27.7225,0,3069.36,12.0889,435,0,2064.22,12.8507,520,0,1295.97,26.7324,-188.777,0
41.6685,5102.91,17.9315,620,0,4255.7,27.2845,-27.5657,0,3069.39,12.0919,435,0,2064.26,12.8544,520,0,1296.04,26.7262,-188.617,0
41.6786,5102.96,17.9359,620,0,4255.77,27.2837,-27.4093,0,3069.43,12.0948,435,0,2064.29,12.858,520,0,1296.12,26.7201,-188.457,0
41.6886,5103.01,17.9402,620,0,4255.85,27.283,-27.2525,0,3069.46,12.0977,435,0,2064.33,12.8617,520,0,1296.19,26.714,-188.296,0
41.6987,5103.06,17.9445,620,0,4255.93,27.2822,-27.0963,0,3069.49,12.1006,435,0,2064.36,12.8653,520,0,1296.27,26.7079,-188.136,0
41.7088,5103.11,17.9489,620,0,4256,27.2815,-26.9403,0,3069.53,12.1036,435,0,2064.4,12.8689,520,0,1296.34,26.7018,-187.974,0
41.7188,5103.16,17.9532,620,0,4256.08,27.2808,-26.7852,0,3069.56,12.1065,435,0,2064.44,12.8726,520,0,1296.41,26.6957,-187.812,0
41.7289,5103.21,17.9576,620,0,4256.15,27.28,-26.6288,0,3069.6,12.1094,435,0,2064.47,12.8762,520,0,1296.49,26.6896,-187.65,0
41.739,5103.26,17.9619,620,0,4256.23,27.2793,-26.4734,0,3069.63,12.1124,435,0,2064.51,12.8799,520,0,1296.56,26.6836,-187.487,0
41.7491,5103.31,17.9663,620,0,4256.31,27.2786,-26.317,0,3069.66,12.1153,435,0,2064.54,12.8835,520,0,1296.64,26.6775,-187.325,0
41.7591,5103.36,17.9706,620,0,4256.38,27.2778,-26.1622,0,3069.7,12.1182,435,0,2064.58,12.8872,520,0,1296.71,26.6714,-187.162,0
41.7692,5103.41,17.9749,620,0,4256.46,27.2771,-26.0046,0,3069.73,12.1211,435,0,2064.62,12.8908,520,0,1296.78,26.6653,-187,0
41.7796,5103.46,17.9793,620,0,4256.53,27.2764,-25.8466,0,3069.76,12.1241,435,0,2064.65,12.8944,520,0,1296.86,26.6593,-186.837,0
41.7897,5103.51,17.9836,620,0,4256.61,27.2757,-25.6896,0,3069.8,12.127,435,0,2064.69,12.8981,520,0,1296.93,26.6532,-186.675,0
41.8001,5103.56,17.988,620,0,4256.68,27.275,-25.5323,0,3069.83,12.1299,435,0,2064.72,12.9017,520,0,1297.01,26.6472,-186.512,0
41.8101,5103.61,17.9923,620,0,4256.76,27.2743,-25.3753,0,3069.86,12.1328,435,0,2064.76,12.9054,520,0,1297.08,26.6411,-186.349,0
41.8202,5103.66,17.9966,620,0,4256.84,27.2736,-25.2172,0,3069.9,12.1358,435,0,2064.79,12.909,520,0,1297.15,26.6351,-186.186,0
41.8303,5103.71,18.001,620,0,4256.91,27.2729,-25.0602,0,3069.93,12.1387,435,0,2064.83,12.9126,520,0,1297.23,26.6291,-186.024,0
41.8404,5103.76,18.0053,620,0,4256.99,27.2722,-24.9037,0,3069.97,12.1416,435,0,2064.87,12.9163,520,0,1297.3,26.623,-185.861,0
41.8505,5103.81,18.0097,620,0,4257.06,27.2715,-24.7469,0,3070,12.1445,435,0,2064.9,12.9199,520,0,1297.38,26.617,-185.698,0
41.8605,5103.86,18.014,620,0,4257.14,27.2708,-24.5901,0,3070.03,12.1475,435,0,2064.94,12.9236,520,0,1297.45,26.611,-185.535,0
41.8706,5103.91,18.0183,620,0,4257.21,27.2702,-24.4339,0,3070.07,12.1504,435,0,2064.97,12.9272,520,0,1297.52,26.605,-185.372,0
41.8807,5103.96,18.0227,620,0,4257.29,27.2695,-24.2778,0,3070.1,12.1533,435,0,2065.01,12.9308,520,0,1297.6,26.599,-185.209,0
41.8907,5104.01,18.027,620,0,4257.37,27.2688,-24.1213,0,3070.13,12.1563,435,0,2065.05,12.9345,520,0,1297.67,26.593,-185.047,0
41.9008,5104.06,18.0314,620,0,4257.44,27.2682,-23.9654,0,3070.17,12.1592,435,0,2065.08,12.9381,520,0,1297.75,26.587,-184.884,0
41.9109,5104.11,18.0357,620,0,4257.52,27.2675,-23.8096,0,3070.2,12.1621,435,0,2065.12,12.9418,520,0,1297.82,26.581,-184.721,0
41.921,5104.16,18.04,620,0,4257.59,27.2668,-23.6525,0,3070.24,12.165,435,0,2065.15,12.9454,520,0,1297.89,26.575,-184.558,0
41.931,5104.21,18.0444,620,0,4257.67,27.2662,-23.4975,0,3070.27,12.168,435,0,2065.19,12.949,520,0,1297.97,26.569,-184.395,0
41.9411,5104.26,18.0487,620,0,4257.74,27.2656,-23.342,0,3070.3,12.1709,435,0,2065.23,12.9527,520,0,1298.04,26.5631,-184.232,0
41.9512,5104.31,18.0531,620,0,4257.82,27.2649,-23.1859,0,3070.34,12.1738,435,0,2065.26,12.9563,520,0,1298.11,26.5571,-184.068,0
41.9613,5104.36,18.0574,620,0,4257.9,27.2643,-23.0287,0,3070.37,12.1767,435,0,2065.3,12.96,520,0,1298.19,26.5511,-183.903,0
41.9713,5104.41,18.0617,620,0,4257.97,27.2636,-22.871,0,3070.41,12.1797,435,0,2065.33,12.9636,520,0,1298.26,26.5452,-183.738,0
41.9814,5104.46,18.0661,620,0,4258.05,27.263,-22.7138,0,3070.44,12.1826,435,0,2065.37,12.9672,520,0,1298.34,26.5392,-183.573,0
41.9915,5104.51,18.0704,620,0,4258.12,27.2624,-22.5562,0,3070.47,12.1855,435,0,2065.41,12.9709,520,0,1298.41,26.5333,-183.408,0
42.0015,5104.56,18.0748,620,0,4258.2,27.2618,-22.399,0,3070.51,12.1885,435,0,2065.44,12.9745,520,0,1298.48,26.5273,-183.242,0
42.0116,5104.61,18.0791,620,0,4258.27,27.2612,-22.2414,0,3070.54,12.1914,435,0,2065.48,12.9782,520,0,1298.56,26.5214,-183.078,0
42.0217,5104.66,18.0835,620,0,4258.35,27.2605,-22.0843,0,3070.57,12.1943,435,0,2065.51,12.9818,520,0,1298.63,26.5154,-182.912,0
42.0317,5104.71,18.0878,620,0,4258.43,27.2599,-21.9283,0,3070.61,12.1972,435,0,2065.55,12.9854,520,0,1298.7,26.5095,-182.747,0
42.0418,5104.76,18.0921,620,0,4258.5,27.2593,-21.7703,0,3070.64,12.2002,435,0,2065.59,12.9891,520,0,1298.78,26.5036,-182.582,0
42.0519,5104.81,18.0965,620,0,4258.58,27.2587,-21.614,0,3070.68,12.2031,435,0,2065.62,12.9927,520,0,1298.85,26.4977,-182.417,0
42.0619,5104.86,18.1008,620,0,4258.65,27.2581,-21.4584,0,3070.71,12.206,435,0,2065.66,12.9964,520,0,1298.92,26.4918,-182.252,0
42.072,5104.91,18.1052,620,0,4258.73,27.2576,-21.3012,0,3070.74,12.2089,435,0,2065.69,13,520,0,1299,26.4859,-182.086,0
42.0821,5104.96,18.1095,620,0,4258.8,27.257,-21.1454,0,3070.78,12.2119,435,0,2065.73,13.0036,520,0,1299.07,26.48,-181.921,0
42.0921,5105.01,18.1138,620,0,4258.88,27.2564,-20.9888,0,3070.81,12.2148,435,0,2065.77,13.0073,520,0,1299.15,26.4741,-181.756,0
42.1022,5105.06,18.1182,620,0,4258.96,27.2558,-20.8335,0,3070.85,12.2177,435,0,2065.8,13.0109,520,0,1299.22,26.4682,-181.594,0
42.1123,5105.11,18.1225,620,0,4259.03,27.2552,-20.6771,0,3070.88,12.2207,435,0,2065.84,13.0146,520,0,1299.29,26.4623,-181.432,0
42.1223,5105.16,18.1269,620,0,4259.11,27.2547,-20.5212,0,3070.91,12.2236,435,0,2065.87,13.0182,520,0,1299.37,26.4564,-181.271,0
42.1324,5105.21,18.1312,620,0,4259.18,27.2541,-20.3668,0,3070.95,12.2265,435,0,2065.91,13.0219,520,0,1299.44,26.4505,-181.108,0
42.1425,5105.26,18.1355,620,0,4259.26,27.2536,-20.2102,0,3070.98,12.2294,435,0,2065.95,13.0255,520,0,1299.51,26.4447,-180.946,0
42.1526,5105.31,18.1399,620,0,4259.33,27.253,-20.053,0,3071.02,12.2324,435,0,2065.98,13.0291,520,0,1299.59,26.4388,-180.785,0
42.1626,5105.36,18.1442,620,0,4259.41,27.2525,-19.8948,0,3071.05,12.2353,435,0,2066.02,13.0328,520,0,1299.66,26.433,-180.623,0
42.1727,5105.41,18.1486,620,0,4259.49,27.2519,-19.7383,0,3071.08,12.2382,435,0,2066.06,13.0364,520,0,1299.73,26.4271,-180.46,0
42.1828,5105.46,18.1529,620,0,4259.56,27.2514,-19.5803,0,3071.12,12.2411,435,0,2066.09,13.0401,520,0,1299.81,26.4213,-180.298,0
42.1928,5105.51,18.1572,620,0,4259.64,27.2508,-19.4233,0,3071.15,12.2441,435,0,2066.13,13.0437,520,0,1299.88,26.4154,-180.136,0
42.2029,5105.56,18.1616,620,0,4259.71,27.2503,-19.2656,0,3071.19,12.247,435,0,2066.16,13.0473,520,0,1299.95,26.4096,-179.972,0
42.213,5105.61,18.1659,620,0,4259.79,27.2498,-19.1095,0,3071.22,12.2499,435,0,2066.2,13.051,520,0,1300.03,26.4037,-179.808,0
42.2231,5105.67,18.1703,620,0,4259.86,27.2492,-18.9523,0,3071.25,12.2529,435,0,2066.24,13.0546,520,0,1300.1,26.3979,-179.644,0
42.2331,5105.72,18.1746,620,0,4259.94,27.2487,-18.7955,0,3071.29,12.2558,435,0,2066.27,13.0583,520,0,1300.17,26.3921,-179.48,0
42.2432,5105.77,18.1789,620,0,4260.02,27.2482,-18.6385,0,3071.32,12.2587,435,0,2066.31,13.0619,520,0,1300.25,26.3863,-179.316,0
42.2533,5105.82,18.1833,620,0,4260.09,27.2477,-18.4827,0,3071.36,12.2616,435,0,2066.35,13.0655,520,0,1300.32,26.3805,-179.151,0
42.2633,5105.87,18.1876,620,0,4260.17,27.2472,-18.3269,0,3071.39,12.2646,435,0,2066.38,13.0692,520,0,1300.39,26.3747,-178.987,0
42.2734,5105.92,18.192,620,0,4260.24,27.2467,-18.1708,0,3071.42,12.2675,435,0,2066.42,13.0728,520,0,1300.47,26.3689,-178.823,0
42.2835,5105.97,18.1963,620,0,4260.32,27.2462,-18.0147,0,3071.46,12.2704,435,0,2066.45,13.0765,520,0,1300.54,26.3631,-178.659,0
42.2935,5106.02,18.2007,620,0,4260.39,27.2457,-17.8582,0,3071.49,12.2733,435,0,2066.49,13.0801,520,0,1300.61,26.3573,-178.495,0
42.3036,5106.07,18.205,620,0,4260.47,27.2452,-17.7025,0,3071.53,12.2763,435,0,2066.53,13.0837,520,0,1300.69,26.3515,-178.331,0
42.3137,5106.12,18.2093,620,0,4260.55,27.2447,-17.5466,0,3071.56,12.2792,435,0,2066.56,13.0874,520,0,1300.76,26.3457,-178.166,0
42.3241,5106.17,18.2137,620,0,4260.62,27.2442,-17.3913,0,3071.59,12.2821,435,0,2066.6,13.091,520,0,1300.83,26.3399,-178.002,0
42.3341,5106.22,18.218,620,0,4260.7,27.2438,-17.2361,0,3071.63,12.285,435,0,2066.64,13.0947,520,0,1300.91,26.3342,-177.837,0
42.3442,5106.27,18.2224,620,0,4260.77,27.2433,-17.0789,0,3071.66,12.288,435,0,2066.67,13.0983,520,0,1300.98,26.3284,-177.673,0
42.3543,5106.32,18.2267,620,0,4260.85,27.2428,-16.9205,0,3071.7,12.2909,435,0,2066.71,13.1019,520,0,1301.05,26.3227,-177.509,0
42.3644,5106.37,18.231,620,0,4260.92,27.2424,-16.7632,0,3071.73,12.2938,435,0,2066.75,13.1056,520,0,1301.12,26.3169,-177.344,0
42.3745,5106.42,18.2354,620,0,4261,27.2419,-16.6068,0,3071.77,12.2968,435,0,2066.78,13.1092,520,0,1301.2,26.3112,-177.18,0
42.3846,5106.47,18.2397,620,0,4261.08,27.2414,-16.4484,0,3071.8,12.2997,435,0,2066.82,13.1129,520,0,1301.27,26.3054,-177.016,0
42.3947,5106.53,18.2441,620,0,4261.15,27.241,-16.292,0,3071.83,12.3026,435,0,2066.86,13.1165,520,0,1301.34,26.2997,-176.852,0
42.4048,5106.58,18.2484,620,0,4261.23,27.2406,-16.1356,0,3071.87,12.3055,435,0,2066.89,13.1201,520,0,1301.42,26.294,-176.687,0
42.4149,5106.63,18.2527,620,0,4261.3,27.2401,-15.978,0,3071.9,12.3085,435,0,2066.93,13.1238,520,0,1301.49,26.2882,-176.523,0
42.4261,5106.68,18.2571,620,0,4261.38,27.2397,-15.8218,0,3071.94,12.3114,435,0,2066.96,13.1274,520,0,1301.56,26.2825,-176.358,0
42.4361,5106.73,18.2614,620,0,4261.45,27.2392,-15.6662,0,3071.97,12.3143,435,0,2067,13.1311,520,0,1301.64,26.2768,-176.193,0
42.4462,5106.78,18.2658,620,0,4261.53,27.2388,-15.5093,0,3072,12.3172,435,0,2067.04,13.1347,520,0,1301.71,26.2711,-176.027,0
42.4563,5106.83,18.2701,620,0,4261.6,27.2384,-15.3534,0,3072.04,12.3202,435,0,2067.07,13.1384,520,0,1301.78,26.2654,-175.861,0
42.4663,5106.88,18.2744,620,0,4261.68,27.238,-15.1969,0,3072.07,12.3231,435,0,2067.11,13.142,520,0,1301.86,26.2597,-175.694,0
42.4764,5106.93,18.2788,620,0,4261.76,27.2375,-15.0405,0,3072.11,12.326,435,0,2067.15,13.1456,520,0,1301.93,26.254,-175.527,0
42.4865,5106.98,18.2831,620,0,4261.83,27.2371,-14.8858,0,3072.14,12.329,435,0,2067.18,13.1493,520,0,1302,26.2483,-175.361,0
42.4966,5107.03,18.2875,620,0,4261.91,27.2367,-14.7303,0,3072.18,12.3319,435,0,2067.22,13.1529,520,0,1302.07,26.2426,-175.195,0
42.5066,5107.08,18.2918,620,0,4261.98,27.2363,-14.574,0,3072.21,12.3348,435,0,2067.26,13.1566,520,0,1302.15,26.2369,-175.028,0
42.5167,5107.13,18.2961,620,0,4262.06,27.2359,-14.4192,0,3072.24,12.3377,435,0,2067.29,13.1602,520,0,1302.22,26.2313,-174.862,0
42.5268,5107.18,18.3005,620,0,4262.13,27.2355,-14.2632,0,3072.28,12.3407,435,0,2067.33,13.1638,520,0,1302.29,26.2256,-174.695,0
42.5368,5107.24,18.3048,620,0,4262.21,27.2351,-14.1061,0,3072.31,12.3436,435,0,2067.37,13.1675,520,0,1302.37,26.2199,-174.529,0
42.5469,5107.29,18.3092,620,0,4262.29,27.2348,-13.949,0,3072.35,12.3465,435,0,2067.4,13.1711,520,0,1302.44,26.2143,-174.362,0
42.557,5107.34,18.3135,620,0,4262.36,27.2344,-13.7913,0,3072.38,12.3494,435,0,2067.44,13.1748,520,0,1302.51,26.2086,-174.195,0
42.5671,5107.39,18.3179,620,0,4262.44,27.234,-13.6346,0,3072.42,12.3524,435,0,2067.48,13.1784,520,0,1302.58,26.203,-174.029,0
42.5772,5107.44,18.3222,620,0,4262.51,27.2336,-13.4781,0,3072.45,12.3553,435,0,2067.51,13.182,520,0,1302.66,26.1974,-173.862,0
42.5873,5107.49,18.3265,620,0,4262.59,27.2333,-13.3209,0,3072.48,12.3582,435,0,2067.55,13.1857,520,0,1302.73,26.1917,-173.696,0
42.5973,5107.54,18.3309,620,0,4262.66,27.2329,-13.1646,0,3072.52,12.3612,435,0,2067.59,13.1893,520,0,1302.8,26.1861,-173.529,0
42.6075,5107.59,18.3352,620,0,4262.74,27.2325,-13.0071,0,3072.55,12.3641,435,0,2067.62,13.193,520,0,1302.87,26.1805,-173.363,0
42.6175,5107.64,18.3396,620,0,4262.82,27.2322,-12.8516,0,3072.59,12.367,435,0,2067.66,13.1966,520,0,1302.95,26.1749,-173.197,0
42.6277,5107.69,18.3439,620,0,4262.89,27.2318,-12.6946,0,3072.62,12.3699,435,0,2067.7,13.2002,520,0,1303.02,26.1692,-173.031,0
42.6378,5107.74,18.3482,620,0,4262.97,27.2315,-12.5391,0,3072.66,12.3729,435,0,2067.73,13.2039,520,0,1303.09,26.1636,-172.868,0
42.6479,5107.8,18.3526,620,0,4263.04,27.2311,-12.3825,0,3072.69,12.3758,435,0,2067.77,13.2075,520,0,1303.17,26.158,-172.704,0
42.658,5107.85,18.3569,620,0,4263.12,27.2308,-12.2267,0,3072.72,12.3787,435,0,2067.81,13.2112,520,0,1303.24,26.1524,-172.541,0
42.6681,5107.9,18.3613,620,0,4263.19,27.2305,-12.071,0,3072.76,12.3816,435,0,2067.84,13.2148,520,0,1303.31,26.1469,-172.378,0
42.6781,5107.95,18.3656,620,0,4263.27,27.2301,-11.9163,0,3072.79,12.3846,435,0,2067.88,13.2184,520,0,1303.38,26.1413,-172.215,0
42.6882,5108,18.3699,620,0,4263.34,27.2298,-11.7604,0,3072.83,12.3875,435,0,2067.92,13.2221,520,0,1303.46,26.1357,-172.049,0
42.6983,5108.05,18.3743,620,0,4263.42,27.2295,-11.6052,0,3072.86,12.3904,435,0,2067.95,13.2257,520,0,1303.53,26.1301,-171.884,0
42.7083,5108.1,18.3786,620,0,4263.5,27.2292,-11.4494,0,3072.9,12.3934,435,0,2067.99,13.2294,520,0,1303.6,26.1245,-171.719,0
42.7184,5108.15,18.383,620,0,4263.57,27.2289,-11.2944,0,3072.93,12.3963,435,0,2068.03,13.233,520,0,1303.67,26.119,-171.554,0
42.7285,5108.2,18.3873,620,0,4263.65,27.2286,-11.137,0,3072.97,12.3992,435,0,2068.06,13.2366,520,0,1303.75,26.1134,-171.388,0
42.7386,5108.26,18.3916,620,0,4263.72,27.2283,-10.9797,0,3073,12.4021,435,0,2068.1,13.2403,520,0,1303.82,26.1079,-171.223,0
42.7487,5108.31,18.396,620,0,4263.8,27.228,-10.8236,0,3073.03,12.4051,435,0,2068.14,13.2439,520,0,1303.89,26.1023,-171.058,0
42.7587,5108.36,18.4003,620,0,4263.87,27.2277,-10.6663,0,3073.07,12.408,435,0,2068.17,13.2476,520,0,1303.96,26.0968,-170.892,0
42.7691,5108.41,18.4047,620,0,4263.95,27.2274,-10.5101,0,3073.1,12.4109,435,0,2068.21,13.2512,520,0,1304.04,26.0912,-170.727,0
42.7791,5108.46,18.409,620,0,4264.03,27.2271,-10.3525,0,3073.14,12.4138,435,0,2068.25,13.2549,520,0,1304.11,26.0857,-170.561,0
42.7892,5108.51,18.4133,620,0,4264.1,27.2268,-10.1964,0,3073.17,12.4168,435,0,2068.28,13.2585,520,0,1304.18,26.0802,-170.396,0
42.7993,5108.56,18.4177,620,0,4264.18,27.2265,-10.0405,0,3073.21,12.4197,435,0,2068.32,13.2621,520,0,1304.25,26.0747,-170.231,0
42.8093,5108.61,18.422,620,0,4264.25,27.2262,-9.88365,0,3073.24,12.4226,435,0,2068.36,13.2658,520,0,1304.33,26.0691,-170.066,0
42.8194,5108.66,18.4264,620,0,4264.33,27.226,-9.72872,0,3073.28,12.4256,435,0,2068.39,13.2694,520,0,1304.4,26.0636,-169.901,0
42.8295,5108.72,18.4307,620,0,4264.4,27.2257,-9.57295,0,3073.31,12.4285,435,0,2068.43,13.2731,520,0,1304.47,26.0581,-169.735,0
42.8395,5108.77,18.4351,620,0,4264.48,27.2255,-9.4159,0,3073.35,12.4314,435,0,2068.47,13.2767,520,0,1304.54,26.0526,-169.569,0
42.8496,5108.82,18.4394,620,0,4264.55,27.2252,-9.26124,0,3073.38,12.4343,435,0,2068.51,13.2803,520,0,1304.62,26.0471,-169.404,0
42.8597,5108.87,18.4437,620,0,4264.63,27.2249,-9.1053,0,3073.41,12.4373,435,0,2068.54,13.284,520,0,1304.69,26.0416,-169.239,0
42.8698,5108.92,18.4481,620,0,4264.71,27.2247,-8.9506,0,3073.45,12.4402,435,0,2068.58,13.2876,520,0,1304.76,26.0362,-169.074,0
42.8798,5108.97,18.4524,620,0,4264.78,27.2245,-8.79485,0,3073.48,12.4431,435,0,2068.62,13.2913,520,0,1304.83,26.0307,-168.908,0
42.8899,5109.02,18.4568,620,0,4264.86,27.2242,-8.64034,0,3073.52,12.446,435,0,2068.65,13.2949,520,0,1304.9,26.0252,-168.743,0
42.9,5109.07,18.4611,620,0,4264.93,27.224,-8.48593,0,3073.55,12.449,435,0,2068.69,13.2985,520,0,1304.98,26.0197,-168.577,0
42.91,5109.13,18.4654,620,0,4265.01,27.2238,-8.33001,0,3073.59,12.4519,435,0,2068.73,13.3022,520,0,1305.05,26.0143,-168.412,0
42.9201,5109.18,18.4698,620,0,4265.08,27.2235,-8.17327,0,3073.62,12.4548,435,0,2068.76,13.3058,520,0,1305.12,26.0088,-168.246,0
42.9302,5109.23,18.4741,620,0,4265.16,27.2233,-8.01619,0,3073.66,12.4577,435,0,2068.8,13.3095,520,0,1305.19,26.0034,-168.079,0
42.9402,5109.28,18.4785,620,0,4265.24,27.2231,-7.85963,0,3073.69,12.4607,435,0,2068.84,13.3131,520,0,1305.27,25.9979,-167.912,0
42.9503,5109.33,18.4828,620,0,4265.31,27.2229,-7.70317,0,3073.73,12.4636,435,0,2068.87,13.3167,520,0,1305.34,25.9925,-167.744,0
42.9604,5109.38,18.4871,620,0,4265.39,27.2227,-7.54636,0,3073.76,12.4665,435,0,2068.91,13.3204,520,0,1305.41,25.9871,-167.576,0
42.9705,5109.43,18.4915,620,0,4265.46,27.2225,-7.3908,0,3073.79,12.4695,435,0,2068.95,13.324,520,0,1305.48,25.9816,-167.409,0
42.9805,5109.48,18.4958,620,0,4265.54,27.2223,-7.23418,0,3073.83,12.4724,435,0,2068.99,13.3277,520,0,1305.55,25.9762,-167.242,0
42.9906,5109.54,18.5002,620,0,4265.61,27.2221,-7.07834,0,3073.86,12.4753,435,0,2069.02,13.3313,520,0,1305.63,25.9708,-167.075,0
43.0007,5109.59,18.5045,620,0,4265.69,27.2219,-6.92258,0,3073.9,12.4782,435,0,2069.06,13.3349,520,0,1305.7,25.9654,-166.907,0
43.0108,5109.64,18.5088,620,0,4265.76,27.2217,-6.76672,0,3073.93,12.4812,435,0,2069.1,13.3386,520,0,1305.77,25.96,-166.74,0
43.0208,5109.69,18.5132,620,0,4265.84,27.2215,-6.61117,0,3073.97,12.4841,435,0,2069.13,13.3422,520,0,1305.84,25.9546,-166.573,0
43.0309,5109.74,18.5175,620,0,4265.92,27.2213,-6.45549,0,3074,12.487,435,0,2069.17,13.3459,520,0,1305.92,25.9492,-166.405,0
43.041,5109.79,18.5219,620,0,4265.99,27.2212,-6.3008,0,3074.04,12.4899,435,0,2069.21,13.3495,520,0,1305.99,25.9438,-166.238,0
43.0511,5109.84,18.5262,620,0,4266.07,27.221,-6.14532,0,3074.07,12.4929,435,0,2069.25,13.3531,520,0,1306.06,25.9384,-166.071,0
43.0611,5109.9,18.5305,620,0,4266.14,27.2208,-5.98993,0,3074.11,12.4958,435,0,2069.28,13.3568,520,0,1306.13,25.933,-165.903,0
43.0712,5109.95,18.5349,620,0,4266.22,27.2207,-5.83578,0,3074.14,12.4987,435,0,2069.32,13.3604,520,0,1306.2,25.9276,-165.736,0
43.0813,5110,18.5392,620,0,4266.29,27.2205,-5.68125,0,3074.18,12.5017,435,0,2069.36,13.3641,520,0,1306.28,25.9223,-165.569,0
43.0914,5110.05,18.5436,620,0,4266.37,27.2203,-5.52637,0,3074.21,12.5046,435,0,2069.39,13.3677,520,0,1306.35,25.9169,-165.401,0
43.1014,5110.1,18.5479,620,0,4266.45,27.2202,-5.37068,0,3074.25,12.5075,435,0,2069.43,13.3714,520,0,1306.42,25.9115,-165.234,0
43.1115,5110.15,18.5523,620,0,4266.52,27.2201,-5.21483,0,3074.28,12.5104,435,0,2069.47,13.375,520,0,1306.49,25.9062,-165.067,0
43.1215,5110.21,18.5566,620,0,4266.6,27.2199,-5.05795,0,3074.32,12.5134,435,0,2069.5,13.3786,520,0,1306.56,25.9008,-164.899,0
43.1316,5110.26,18.5609,620,0,4266.67,27.2198,-4.90139,0,3074.35,12.5163,435,0,2069.54,13.3823,520,0,1306.64,25.8955,-164.732,0
43.1417,5110.31,18.5653,620,0,4266.75,27.2196,-4.74513,0,3074.39,12.5192,435,0,2069.58,13.3859,520,0,1306.71,25.8902,-164.565,0
43.1518,5110.36,18.5696,620,0,4266.82,27.2195,-4.58901,0,3074.42,12.5221,435,0,2069.62,13.3896,520,0,1306.78,25.8848,-164.397,0
43.1618,5110.41,18.574,620,0,4266.9,27.2194,-4.43342,0,3074.45,12.5251,435,0,2069.65,13.3932,520,0,1306.85,25.8795,-164.23,0
43.172,5110.46,18.5783,620,0,4266.97,27.2193,-4.27816,0,3074.49,12.528,435,0,2069.69,13.3968,520,0,1306.92,25.8742,-164.061,0
43.1821,5110.52,18.5826,620,0,4267.05,27.2192,-4.12095,0,3074.52,12.5309,435,0,2069.73,13.4005,520,0,1306.99,25.8689,-163.892,0
43.1922,5110.57,18.587,620,0,4267.13,27.2191,-3.96702,0,3074.56,12.5339,435,0,2069.77,13.4041,520,0,1307.07,25.8636,-163.725,0
43.2022,5110.62,18.5913,620,0,4267.2,27.2189,-3.8109,0,3074.59,12.5368,435,0,2069.8,13.4078,520,0,1307.14,25.8582,-163.559,0
43.2123,5110.67,18.5957,620,0,4267.28,27.2188,-3.65579,0,3074.63,12.5397,435,0,2069.84,13.4114,520,0,1307.21,25.8529,-163.393,0
43.2224,5110.72,18.6,620,0,4267.35,27.2187,-3.50079,0,3074.66,12.5426,435,0,2069.88,13.415,520,0,1307.28,25.8477,-163.226,0
43.2324,5110.77,18.6043,620,0,4267.43,27.2187,-3.34608,0,3074.7,12.5456,435,0,2069.91,13.4187,520,0,1307.35,25.8424,-163.061,0
43.2425,5110.83,18.6087,620,0,4267.5,27.2186,-3.19172,0,3074.73,12.5485,435,0,2069.95,13.4223,520,0,1307.43,25.8371,-162.894,0
43.2526,5110.88,18.613,620,0,4267.58,27.2185,-3.03746,0,3074.77,12.5514,435,0,2069.99,13.426,520,0,1307.5,25.8318,-162.729,0
43.2627,5110.93,18.6174,620,0,4267.66,27.2184,-2.88214,0,3074.8,12.5543,435,0,2070.03,13.4296,520,0,1307.57,25.8265,-162.563,0
43.2727,5110.98,18.6217,620,0,4267.73,27.2183,-2.72783,0,3074.84,12.5573,435,0,2070.06,13.4332,520,0,1307.64,25.8213,-162.397,0
43.2828,5111.03,18.626,620,0,4267.81,27.2183,-2.57362,0,3074.87,12.5602,435,0,2070.1,13.4369,520,0,1307.71,25.816,-162.231,0
43.2929,5111.08,18.6304,620,0,4267.88,27.2182,-2.41836,0,3074.91,12.5631,435,0,2070.14,13.4405,520,0,1307.78,25.8107,-162.064,0
43.3029,5111.14,18.6347,620,0,4267.96,27.2181,-2.26204,0,3074.94,12.5661,435,0,2070.18,13.4442,520,0,1307.86,25.8055,-161.899,0
43.313,5111.19,18.6391,620,0,4268.03,27.2181,-2.1056,0,3074.98,12.569,435,0,2070.21,13.4478,520,0,1307.93,25.8003,-161.733,0
43.3231,5111.24,18.6434,620,0,4268.11,27.218,-1.95063,0,3075.01,12.5719,435,0,2070.25,13.4514,520,0,1308,25.795,-161.567,0
43.3331,5111.29,18.6477,620,0,4268.18,27.218,-1.79415,0,3075.05,12.5748,435,0,2070.29,13.4551,520,0,1308.07,25.7898,-161.401,0
43.3432,5111.34,18.6521,620,0,4268.26,27.2179,-1.63891,0,3075.08,12.5778,435,0,2070.33,13.4587,520,0,1308.14,25.7845,-161.235,0
43.3534,5111.39,18.6564,620,0,4268.34,27.2179,-1.48262,0,3075.12,12.5807,435,0,2070.36,13.4624,520,0,1308.21,25.7793,-161.069,0
43.3651,5111.45,18.6608,620,0,4268.41,27.2178,-1.32734,0,3075.15,12.5836,435,0,2070.4,13.466,520,0,1308.29,25.7741,-160.903,0
43.3751,5111.5,18.6651,620,0,4268.49,27.2178,-1.17285,0,3075.19,12.5865,435,0,2070.44,13.4696,520,0,1308.36,25.7689,-160.737,0
43.3852,5111.55,18.6695,620,0,4268.56,27.2178,-1.01751,0,3075.22,12.5895,435,0,2070.47,13.4733,520,0,1308.43,25.7637,-160.571,0
43.3953,5111.6,18.6738,620,0,4268.64,27.2178,-0.862286,0,3075.26,12.5924,435,0,2070.51,13.4769,520,0,1308.5,25.7585,-160.405,0
43.4053,5111.65,18.6781,620,0,4268.71,27.2177,-0.707625,0,3075.29,12.5953,435,0,2070.55,13.4806,520,0,1308.57,25.7533,-160.239,0
43.4154,5111.71,18.6825,620,0,4268.79,27.2177,-0.55306,0,3075.33,12.5982,435,0,2070.59,13.4842,520,0,1308.64,25.7481,-160.071,0
43.4255,5111.76,18.6868,620,0,4268.86,27.2177,-0.398356,0,3075.36,12.6012,435,0,2070.62,13.4879,520,0,1308.71,25.7429,-159.903,0
43.4356,5111.81,18.6912,620,0,4268.94,27.2177,-0.243966,0,3075.4,12.6041,435,0,2070.66,13.4915,520,0,1308.79,25.7377,-159.735,0
43.4457,5111.86,18.6955,620,0,4269.02,27.2177,-0.09014,0,3075.43,12.607,435,0,2070.7,13.4951,520,0,1308.86,25.7326,-159.567,0
43.4557,5111.91,18.6998,620,0,4269.09,27.2177,0.0638441,0,3075.47,12.61,435,0,2070.74,13.4988,520,0,1308.93,25.7274,-159.4,0
43.4658,5111.97,18.7042,620,0,4269.17,27.2177,0.217932,0,3075.5,12.6129,435,0,2070.77,13.5024,520,0,1309,25.7222,-159.232,0
43.4759,5112.02,18.7085,620,0,4269.24,27.2177,0.371472,0,3075.54,12.6158,435,0,2070.81,13.5061,520,0,1309.07,25.7171,-159.064,0
43.4859,5112.07,18.7129,620,0,4269.32,27.2177,0.527214,0,3075.57,12.6187,435,0,2070.85,13.5097,520,0,1309.14,25.7119,-158.896,0
43.496,5112.12,18.7172,620,0,4269.39,27.2178,0.682863,0,3075.61,12.6217,435,0,2070.89,13.5133,520,0,1309.21,25.7068,-158.728,0
43.5061,5112.17,18.7215,620,0,4269.47,27.2178,0.838414,0,3075.64,12.6246,435,0,2070.92,13.517,520,0,1309.29,25.7016,-158.56,0
43.5161,5112.23,18.7259,620,0,4269.55,27.2178,0.994775,0,3075.68,12.6275,435,0,2070.96,13.5206,520,0,1309.36,25.6965,-158.393,0
43.5262,5112.28,18.7302,620,0,4269.62,27.2178,1.15015,0,3075.71,12.6304,435,0,2071,13.5243,520,0,1309.43,25.6913,-158.225,0
43.5363,5112.33,18.7346,620,0,4269.7,27.2179,1.3045,0,3075.75,12.6334,435,0,2071.04,13.5279,520,0,1309.5,25.6862,-158.057,0
43.5463,5112.38,18.7389,620,0,4269.77,27.2179,1.46012,0,3075.78,12.6363,435,0,2071.07,13.5315,520,0,1309.57,25.6811,-157.89,0
43.5564,5112.43,18.7432,620,0,4269.85,27.218,1.61335,0,3075.82,12.6392,435,0,2071.11,13.5352,520,0,1309.64,25.676,-157.722,0
43.5665,5112.49,18.7476,620,0,4269.92,27.218,1.76972,0,3075.85,12.6422,435,0,2071.15,13.5388,520,0,1309.71,25.6709,-157.554,0
43.5766,5112.54,18.7519,620,0,4270,27.2181,1.9239,0,3075.89,12.6451,435,0,2071.19,13.5425,520,0,1309.79,25.6658,-157.387,0
43.5866,5112.59,18.7563,620,0,4270.07,27.2181,2.07891,0,3075.92,12.648,435,0,2071.23,13.5461,520,0,1309.86,25.6607,-157.219,0
43.5967,5112.64,18.7606,620,0,4270.15,27.2182,2.23248,0,3075.96,12.6509,435,0,2071.26,13.5497,520,0,1309.93,25.6556,-157.051,0
43.6068,5112.69,18.7649,620,0,4270.23,27.2182,2.38661,0,3075.99,12.6539,435,0,2071.3,13.5534,520,0,1310,25.6505,-156.883,0
43.6168,5112.75,18.7693,620,0,4270.3,27.2183,2.54066,0,3076.03,12.6568,435,0,2071.34,13.557,520,0,1310.07,25.6454,-156.716,0
43.6269,5112.8,18.7736,620,0,4270.38,27.2184,2.69438,0,3076.06,12.6597,435,0,2071.38,13.5607,520,0,1310.14,25.6403,-156.548,0
43.637,5112.85,18.778,620,0,4270.45,27.2185,2.84847,0,3076.1,12.6626,435,0,2071.41,13.5643,520,0,1310.21,25.6353,-156.38,0
43.6471,5112.9,18.7823,620,0,4270.53,27.2186,3.00131,0,3076.13,12.6656,435,0,2071.45,13.5679,520,0,1310.28,25.6302,-156.212,0
43.6571,5112.95,18.7867,620,0,4270.6,27.2186,3.15522,0,3076.17,12.6685,435,0,2071.49,13.5716,520,0,1310.36,25.6251,-156.044,0
43.6672,5113.01,18.791,620,0,4270.68,27.2187,3.30854,0,3076.2,12.6714,435,0,2071.53,13.5752,520,0,1310.43,25.6201,-155.874,0
43.6773,5113.06,18.7953,620,0,4270.75,27.2188,3.46432,0,3076.24,12.6744,435,0,2071.56,13.5789,520,0,1310.5,25.615,-155.705,0
43.6874,5113.11,18.7997,620,0,4270.83,27.2189,3.61954,0,3076.27,12.6773,435,0,2071.6,13.5825,520,0,1310.57,25.61,-155.535,0
43.6974,5113.16,18.804,620,0,4270.91,27.219,3.77464,0,3076.31,12.6802,435,0,2071.64,13.5861,520,0,1310.64,25.6049,-155.365,0
43.7075,5113.22,18.8084,620,0,4270.98,27.2191,3.9299,0,3076.35,12.6831,435,0,2071.68,13.5898,520,0,1310.71,25.5999,-155.196,0
43.7176,5113.27,18.8127,620,0,4271.06,27.2193,4.08506,0,3076.38,12.6861,435,0,2071.72,13.5934,520,0,1310.78,25.5949,-155.027,0
43.7276,5113.32,18.817,620,0,4271.13,27.2194,4.23853,0,3076.42,12.689,435,0,2071.75,13.5971,520,0,1310.85,25.5899,-154.857,0
43.7377,5113.37,18.8214,620,0,4271.21,27.2195,4.39303,0,3076.45,12.6919,435,0,2071.79,13.6007,520,0,1310.92,25.5848,-154.688,0
43.7478,5113.42,18.8257,620,0,4271.28,27.2196,4.54859,0,3076.49,12.6948,435,0,2071.83,13.6044,520,0,1311,25.5798,-154.519,0
43.7579,5113.48,18.8301,620,0,4271.36,27.2197,4.70131,0,3076.52,12.6978,435,0,2071.87,13.608,520,0,1311.07,25.5748,-154.349,0
43.7679,5113.53,18.8344,620,0,4271.44,27.2199,4.85646,0,3076.56,12.7007,435,0,2071.9,13.6116,520,0,1311.14,25.5698,-154.18,0
43.778,5113.58,18.8387,620,0,4271.51,27.22,5.00989,0,3076.59,12.7036,435,0,2071.94,13.6153,520,0,1311.21,25.5648,-154.011,0
43.7881,5113.63,18.8431,620,0,4271.59,27.2202,5.16393,0,3076.63,12.7066,435,0,2071.98,13.6189,520,0,1311.28,25.5598,-153.843,0
43.7982,5113.69,18.8474,620,0,4271.66,27.2203,5.31764,0,3076.66,12.7095,435,0,2072.02,13.6226,520,0,1311.35,25.5549,-153.677,0
43.8083,5113.74,18.8518,620,0,4271.74,27.2205,5.47127,0,3076.7,12.7124,435,0,2072.06,13.6262,520,0,1311.42,25.5499,-153.511,0
43.8183,5113.79,18.8561,620,0,4271.81,27.2206,5.62434,0,3076.73,12.7153,435,0,2072.09,13.6298,520,0,1311.49,25.5449,-153.345,0
43.8284,5113.84,18.8604,620,0,4271.89,27.2208,5.7773,0,3076.77,12.7183,435,0,2072.13,13.6335,520,0,1311.56,25.5399,-153.178,0
43.8385,5113.9,18.8648,620,0,4271.96,27.2209,5.93086,0,3076.8,12.7212,435,0,2072.17,13.6371,520,0,1311.63,25.535,-153.013,0
43.8486,5113.95,18.8691,620,0,4272.04,27.2211,6.08387,0,3076.84,12.7241,435,0,2072.21,13.6408,520,0,1311.71,25.53,-152.846,0
43.8586,5114,18.8735,620,0,4272.12,27.2213,6.2368,0,3076.87,12.727,435,0,2072.25,13.6444,520,0,1311.78,25.5251,-152.68,0
43.8687,5114.05,18.8778,620,0,4272.19,27.2215,6.3919,0,3076.91,12.73,435,0,2072.28,13.648,520,0,1311.85,25.5201,-152.514,0
43.8791,5114.11,18.8821,620,0,4272.27,27.2216,6.54715,0,3076.95,12.7329,435,0,2072.32,13.6517,520,0,1311.92,25.5152,-152.348,0
43.8901,5114.16,18.8865,620,0,4272.34,27.2218,6.70163,0,3076.98,12.7358,435,0,2072.36,13.6553,520,0,1311.99,25.5102,-152.181,0
43.9001,5114.21,18.8908,620,0,4272.42,27.222,6.85598,0,3077.02,12.7388,435,0,2072.4,13.659,520,0,1312.06,25.5053,-152.014,0
43.9102,5114.26,18.8952,620,0,4272.49,27.2222,7.0105,0,3077.05,12.7417,435,0,2072.43,13.6626,520,0,1312.13,25.5004,-151.845,0
43.9203,5114.32,18.8995,620,0,4272.57,27.2224,7.16513,0,3077.09,12.7446,435,0,2072.47,13.6662,520,0,1312.2,25.4955,-151.677,0
43.9304,5114.37,18.9038,620,0,4272.65,27.2226,7.31945,0,3077.12,12.7475,435,0,2072.51,13.6699,520,0,1312.27,25.4906,-151.509,0
43.9405,5114.42,18.9082,620,0,4272.72,27.2228,7.47182,0,3077.16,12.7505,435,0,2072.55,13.6735,520,0,1312.34,25.4856,-151.341,0
43.9505,5114.47,18.9125,620,0,4272.8,27.223,7.62618,0,3077.19,12.7534,435,0,2072.59,13.6772,520,0,1312.41,25.4807,-151.174,0
43.9606,5114.53,18.9169,620,0,4272.87,27.2232,7.77952,0,3077.23,12.7563,435,0,2072.62,13.6808,520,0,1312.48,25.4758,-151.006,0
43.9707,5114.58,18.9212,620,0,4272.95,27.2235,7.93301,0,3077.26,12.7592,435,0,2072.66,13.6844,520,0,1312.56,25.471,-150.838,0
43.9808,5114.63,18.9256,620,0,4273.02,27.2237,8.08616,0,3077.3,12.7622,435,0,2072.7,13.6881,520,0,1312.63,25.4661,-150.67,0
43.9909,5114.68,18.9299,620,0,4273.1,27.2239,8.23855,0,3077.34,12.7651,435,0,2072.74,13.6917,520,0,1312.7,25.4612,-150.501,0
44.0009,5114.74,18.9342,620,0,4273.17,27.2241,8.39196,0,3077.37,12.768,435,0,2072.78,13.6954,520,0,1312.77,25.4563,-150.334,0
44.011,5114.79,18.9386,620,0,4273.25,27.2244,8.54528,0,3077.41,12.7709,435,0,2072.81,13.699,520,0,1312.84,25.4514,-150.167,0
44.0211,5114.84,18.9429,620,0,4273.33,27.2246,8.69738,0,3077.44,12.7739,435,0,2072.85,13.7026,520,0,1312.91,25.4466,-149.998,0
44.0311,5114.89,18.9473,620,0,4273.4,27.2249,8.84939,0,3077.48,12.7768,435,0,2072.89,13.7063,520,0,1312.98,25.4417,-149.831,0
44.0412,5114.95,18.9516,620,0,4273.48,27.2251,9.0022,0,3077.51,12.7797,435,0,2072.93,13.7099,520,0,1313.05,25.4369,-149.663,0
44.0513,5115,18.9559,620,0,4273.55,27.2254,9.15608,0,3077.55,12.7827,435,0,2072.97,13.7136,520,0,1313.12,25.432,-149.496,0
44.0614,5115.05,18.9603,620,0,4273.63,27.2256,9.30963,0,3077.58,12.7856,435,0,2073.01,13.7172,520,0,1313.19,25.4272,-149.328,0
44.0714,5115.1,18.9646,620,0,4273.7,27.2259,9.46469,0,3077.62,12.7885,435,0,2073.04,13.7208,520,0,1313.26,25.4223,-149.16,0
44.0815,5115.16,18.969,620,0,4273.78,27.2262,9.61872,0,3077.65,12.7914,435,0,2073.08,13.7245,520,0,1313.33,25.4175,-148.993,0
44.0916,5115.21,18.9733,620,0,4273.86,27.2264,9.77176,0,3077.69,12.7944,435,0,2073.12,13.7281,520,0,1313.4,25.4127,-148.825,0
44.1016,5115.26,18.9776,620,0,4273.93,27.2267,9.92583,0,3077.73,12.7973,435,0,2073.16,13.7318,520,0,1313.47,25.4078,-148.658,0
44.1117,5115.32,18.982,620,0,4274.01,27.227,10.0796,0,3077.76,12.8002,435,0,2073.2,13.7354,520,0,1313.54,25.403,-148.49,0
44.1218,5115.37,18.9863,620,0,4274.08,27.2273,10.2321,0,3077.8,12.8031,435,0,2073.23,13.7391,520,0,1313.61,25.3982,-148.322,0
44.1319,5115.42,18.9907,620,0,4274.16,27.2275,10.3868,0,3077.83,12.8061,435,0,2073.27,13.7427,520,0,1313.69,25.3934,-148.154,0
44.142,5115.47,18.995,620,0,4274.23,27.2278,10.5385,0,3077.87,12.809,435,0,2073.31,13.7463,520,0,1313.76,25.3886,-147.985,0
44.152,5115.53,18.9993,620,0,4274.31,27.2281,10.6926,0,3077.9,12.8119,435,0,2073.35,13.75,520,0,1313.83,25.3838,-147.815,0
44.1621,5115.58,19.0037,620,0,4274.38,27.2284,10.8452,0,3077.94,12.8149,435,0,2073.39,13.7536,520,0,1313.9,25.379,-147.646,0
44.1722,5115.63,19.008,620,0,4274.46,27.2287,10.9979,0,3077.97,12.8178,435,0,2073.43,13.7573,520,0,1313.97,25.3743,-147.476,0
44.1824,5115.68,19.0124,620,0,4274.54,27.229,11.1503,0,3078.01,12.8207,435,0,2073.46,13.7609,520,0,1314.04,25.3695,-147.307,0
44.1924,5115.74,19.0167,620,0,4274.61,27.2294,11.3027,0,3078.05,12.8236,435,0,2073.5,13.7645,520,0,1314.11,25.3647,-147.138,0
44.2025,5115.79,19.021,620,0,4274.69,27.2297,11.4544,0,3078.08,12.8266,435,0,2073.54,13.7682,520,0,1314.18,25.3599,-146.969,0
44.2126,5115.84,19.0254,620,0,4274.76,27.23,11.6073,0,3078.12,12.8295,435,0,2073.58,13.7718,520,0,1314.25,25.3552,-146.799,0
44.2226,5115.9,19.0297,620,0,4274.84,27.2303,11.7591,0,3078.15,12.8324,435,0,2073.62,13.7755,520,0,1314.32,25.3504,-146.63,0
44.2327,5115.95,19.0341,620,0,4274.91,27.2307,11.9108,0,3078.19,12.8353,435,0,2073.65,13.7791,520,0,1314.39,25.3457,-146.461,0
44.2428,5116,19.0384,620,0,4274.99,27.231,12.0633,0,3078.22,12.8383,435,0,2073.69,13.7827,520,0,1314.46,25.3409,-146.292,0
44.2529,5116.05,19.0428,620,0,4275.07,27.2313,12.2169,0,3078.26,12.8412,435,0,2073.73,13.7864,520,0,1314.53,25.3362,-146.123,0
44.2629,5116.11,19.0471,620,0,4275.14,27.2317,12.3704,0,3078.3,12.8441,435,0,2073.77,13.79,520,0,1314.6,25.3315,-145.954,0
44.273,5116.16,19.0514,620,0,4275.22,27.232,12.5247,0,3078.33,12.8471,435,0,2073.81,13.7937,520,0,1314.67,25.3267,-145.785,0
44.2831,5116.21,19.0558,620,0,4275.29,27.2324,12.678,0,3078.37,12.85,435,0,2073.85,13.7973,520,0,1314.74,25.322,-145.616,0
44.2931,5116.27,19.0601,620,0,4275.37,27.2327,12.831,0,3078.4,12.8529,435,0,2073.88,13.8009,520,0,1314.81,25.3173,-145.447,0
44.3032,5116.32,19.0645,620,0,4275.44,27.2331,12.7582,0,3078.44,12.8558,435,0,2073.92,13.8046,520,0,1314.88,25.3126,-145.278,0
44.3133,5116.37,19.0688,620,0,4275.52,27.2334,12.5068,0,3078.47,12.8588,435,0,2073.96,13.8082,520,0,1314.95,25.3079,-145.109,0
44.3233,5116.43,19.0731,620,0,4275.59,27.2338,12.2554,0,3078.51,12.8617,435,0,2074,13.8119,520,0,1315.02,25.3032,-144.94,0
44.3341,5116.48,19.0775,620,0,4275.67,27.2341,12.0044,0,3078.55,12.8646,435,0,2074.04,13.8155,520,0,1315.09,25.2985,-144.771,0
44.3441,5116.53,19.0818,620,0,4275.75,27.2344,11.7539,0,3078.58,12.8675,435,0,2074.08,13.8191,520,0,1315.16,25.2938,-144.603,0
44.3542,5116.58,19.0862,620,0,4275.82,27.2347,11.5037,0,3078.62,12.8705,435,0,2074.11,13.8228,520,0,1315.23,25.2891,-144.434,0
44.3643,5116.64,19.0905,620,0,4275.9,27.235,11.2536,0,3078.65,12.8734,435,0,2074.15,13.8264,520,0,1315.3,25.2844,-144.265,0
44.3744,5116.69,19.0948,620,0,4275.97,27.2353,11.004,0,3078.69,12.8763,435,0,2074.19,13.8301,520,0,1315.37,25.2797,-144.096,0
44.3844,5116.74,19.0992,620,0,4276.05,27.2356,10.7547,0,3078.72,12.8793,435,0,2074.23,13.8337,520,0,1315.44,25.2751,-143.925,0
44.3945,5116.8,19.1035,620,0,4276.12,27.2359,10.5058,0,3078.76,12.8822,435,0,2074.27,13.8373,520,0,1315.51,25.2704,-143.754,0
44.4046,5116.85,19.1079,620,0,4276.2,27.2362,10.2571,0,3078.8,12.8851,435,0,2074.31,13.841,520,0,1315.58,25.2658,-143.584,0
44.4146,5116.9,19.1122,620,0,4276.28,27.2365,10.0087,0,3078.83,12.888,435,0,2074.35,13.8446,520,0,1315.66,25.2611,-143.414,0
44.4247,5116.96,19.1165,620,0,4276.35,27.2368,9.76075,0,3078.87,12.891,435,0,2074.38,13.8483,520,0,1315.73,25.2565,-143.243,0
44.4348,5117.01,19.1209,620,0,4276.43,27.237,9.51315,0,3078.9,12.8939,435,0,2074.42,13.8519,520,0,1315.8,25.2518,-143.076,0
44.4449,5117.06,19.1252,620,0,4276.5,27.2373,9.26571,0,3078.94,12.8968,435,0,2074.46,13.8556,520,0,1315.87,25.2472,-142.908,0
44.4549,5117.12,19.1296,620,0,4276.58,27.2375,9.01863,0,3078.98,12.8997,435,0,2074.5,13.8592,520,0,1315.94,25.2426,-142.741,0
44.465,5117.17,19.1339,620,0,4276.65,27.2378,8.77196,0,3079.01,12.9027,435,0,2074.54,13.8628,520,0,1316.01,25.2379,-142.572,0
44.4751,5117.22,19.1382,620,0,4276.73,27.238,8.52543,0,3079.05,12.9056,435,0,2074.58,13.8665,520,0,1316.08,25.2333,-142.405,0
44.4851,5117.27,19.1426,620,0,4276.81,27.2382,8.27951,0,3079.08,12.9085,435,0,2074.61,13.8701,520,0,1316.15,25.2287,-142.238,0
44.4952,5117.33,19.1469,620,0,4276.88,27.2385,8.03374,0,3079.12,12.9114,435,0,2074.65,13.8738,520,0,1316.22,25.2241,-142.071,0
44.5053,5117.38,19.1513,620,0,4276.96,27.2387,7.78813,0,3079.15,12.9144,435,0,2074.69,13.8774,520,0,1316.29,25.2195,-141.903,0
44.5154,5117.43,19.1556,620,0,4277.03,27.2389,7.54311,0,3079.19,12.9173,435,0,2074.73,13.881,520,0,1316.36,25.2149,-141.736,0
44.5254,5117.49,19.16,620,0,4277.11,27.2391,7.29824,0,3079.23,12.9202,435,0,2074.77,13.8847,520,0,1316.43,25.2103,-141.568,0
44.5355,5117.54,19.1643,620,0,4277.18,27.2393,7.05378,0,3079.26,12.9232,435,0,2074.81,13.8883,520,0,1316.5,25.2057,-141.401,0
44.5456,5117.59,19.1686,620,0,4277.26,27.2395,6.80967,0,3079.3,12.9261,435,0,2074.85,13.892,520,0,1316.57,25.2011,-141.234,0
44.5557,5117.65,19.173,620,0,4277.34,27.2397,6.56573,0,3079.33,12.929,435,0,2074.88,13.8956,520,0,1316.64,25.1966,-141.066,0
44.5657,5117.7,19.1773,620,0,4277.41,27.2398,6.32236,0,3079.37,12.9319,435,0,2074.92,13.8992,520,0,1316.71,25.192,-140.899,0
44.5758,5117.75,19.1817,620,0,4277.49,27.24,6.07917,0,3079.41,12.9349,435,0,2074.96,13.9029,520,0,1316.78,25.1874,-140.732,0
44.5859,5117.81,19.186,620,0,4277.56,27.2402,5.83638,0,3079.44,12.9378,435,0,2075,13.9065,520,0,1316.85,25.1829,-140.564,0
44.5959,5117.86,19.1903,620,0,4277.64,27.2403,5.5937,0,3079.48,12.9407,435,0,2075.04,13.9102,520,0,1316.92,25.1783,-140.397,0
44.606,5117.91,19.1947,620,0,4277.71,27.2405,5.35164,0,3079.51,12.9436,435,0,2075.08,13.9138,520,0,1316.99,25.1738,-140.23,0
44.6161,5117.97,19.199,620,0,4277.79,27.2406,5.10972,0,3079.55,12.9466,435,0,2075.12,13.9174,520,0,1317.06,25.1692,-140.062,0
44.6262,5118.02,19.2034,620,0,4277.86,27.2407,4.86821,0,3079.59,12.9495,435,0,2075.16,13.9211,520,0,1317.13,25.1647,-139.893,0
44.6362,5118.07,19.2077,620,0,4277.94,27.2409,4.62681,0,3079.62,12.9524,435,0,2075.19,13.9247,520,0,1317.2,25.1602,-139.724,0
44.6463,5118.13,19.212,620,0,4278.02,27.241,4.38603,0,3079.66,12.9554,435,0,2075.23,13.9284,520,0,1317.27,25.1556,-139.555,0
44.6564,5118.18,19.2164,620,0,4278.09,27.2411,4.14539,0,3079.69,12.9583,435,0,2075.27,13.932,520,0,1317.34,25.1511,-139.386,0
44.6664,5118.23,19.2207,620,0,4278.17,27.2412,3.90515,0,3079.73,12.9612,435,0,2075.31,13.9356,520,0,1317.41,25.1466,-139.217,0
44.6765,5118.29,19.2251,620,0,4278.24,27.2413,3.66505,0,3079.77,12.9641,435,0,2075.35,13.9393,520,0,1317.48,25.1421,-139.049,0
44.6866,5118.34,19.2294,620,0,4278.32,27.2414,3.42553,0,3079.8,12.9671,435,0,2075.39,13.9429,520,0,1317.54,25.1376,-138.88,0
44.6966,5118.39,19.2337,620,0,4278.39,27.2415,3.18619,0,3079.84,12.97,435,0,2075.43,13.9466,520,0,1317.61,25.1331,-138.711,0
44.7067,5118.45,19.2381,620,0,4278.47,27.2416,2.94719,0,3079.87,12.9729,435,0,2075.46,13.9502,520,0,1317.68,25.1286,-138.542,0
44.7168,5118.5,19.2424,620,0,4278.55,27.2416,2.70861,0,3079.91,12.9758,435,0,2075.5,13.9538,520,0,1317.75,25.1241,-138.374,0
44.7269,5118.55,19.2468,620,0,4278.62,27.2417,2.47015,0,3079.95,12.9788,435,0,2075.54,13.9575,520,0,1317.82,25.1196,-138.205,0
44.7369,5118.61,19.2511,620,0,4278.7,27.2418,2.2323,0,3079.98,12.9817,435,0,2075.58,13.9611,520,0,1317.89,25.1151,-138.037,0
44.747,5118.66,19.2554,620,0,4278.77,27.2418,1.99459,0,3080.02,12.9846,435,0,2075.62,13.9648,520,0,1317.96,25.1107,-137.868,0
44.7571,5118.72,19.2598,620,0,4278.85,27.2419,1.75726,0,3080.05,12.9876,435,0,2075.66,13.9684,520,0,1318.03,25.1062,-137.7,0
44.7671,5118.77,19.2641,620,0,4278.92,27.2419,1.52032,0,3080.09,12.9905,435,0,2075.7,13.9721,520,0,1318.1,25.1017,-137.531,0
44.7772,5118.82,19.2685,620,0,4279,27.242,1.28349,0,3080.13,12.9934,435,0,2075.74,13.9757,520,0,1318.17,25.0973,-137.363,0
44.7873,5118.88,19.2728,620,0,4279.08,27.242,1.04705,0,3080.16,12.9963,435,0,2075.78,13.9793,520,0,1318.24,25.0928,-137.194,0
44.7973,5118.93,19.2772,620,0,4279.15,27.242,0.811005,0,3080.2,12.9993,435,0,2075.81,13.983,520,0,1318.31,25.0884,-137.026,0
44.8074,5118.98,19.2815,620,0,4279.23,27.242,0.575308,0,3080.23,13.0022,435,0,2075.85,13.9866,520,0,1318.38,25.084,-136.858,0
44.8175,5119.04,19.2858,620,0,4279.3,27.242,0.339997,0,3080.27,13.0051,435,0,2075.89,13.9903,520,0,1318.45,25.0795,-136.689,0
44.8276,5119.09,19.2902,620,0,4279.38,27.242,0.104836,0,3080.31,13.008,435,0,2075.93,13.9939,520,0,1318.52,25.0751,-136.521,0
44.8377,5119.14,19.2945,620,0,4279.45,27.242,-0.12997,0,3080.34,13.011,435,0,2075.97,13.9975,520,0,1318.59,25.0707,-136.353,0
44.8477,5119.2,19.2989,620,0,4279.53,27.242,-0.364392,0,3080.38,13.0139,435,0,2076.01,14.0012,520,0,1318.66,25.0663,-136.185,0
44.8578,5119.25,19.3032,620,0,4279.61,27.242,-0.598443,0,3080.42,13.0168,435,0,2076.05,14.0048,520,0,1318.73,25.0618,-136.016,0
44.8679,5119.3,19.3075,620,0,4279.68,27.242,-0.832123,0,3080.45,13.0198,435,0,2076.09,14.0085,520,0,1318.8,25.0574,-135.845,0
44.878,5119.36,19.3119,620,0,4279.76,27.242,-1.06565,0,3080.49,13.0227,435,0,2076.13,14.0121,520,0,1318.87,25.053,-135.675,0
44.8881,5119.41,19.3162,620,0,4279.83,27.2419,-1.29881,0,3080.52,13.0256,435,0,2076.16,14.0157,520,0,1318.94,25.0486,-135.505,0
44.8981,5119.47,19.3206,620,0,4279.91,27.2419,-1.5316,0,3080.56,13.0285,435,0,2076.2,14.0194,520,0,1319.01,25.0443,-135.335,0
44.9082,5119.52,19.3249,620,0,4279.98,27.2418,-1.76401,0,3080.6,13.0315,435,0,2076.24,14.023,520,0,1319.08,25.0399,-135.165,0
44.9183,5119.57,19.3292,620,0,4280.06,27.2418,-1.99606,0,3080.63,13.0344,435,0,2076.28,14.0267,520,0,1319.15,25.0355,-134.996,0
44.9286,5119.63,19.3336,620,0,4280.13,27.2417,-2.22798,0,3080.67,13.0373,435,0,2076.32,14.0303,520,0,1319.22,25.0311,-134.826,0
44.9387,5119.68,19.3379,620,0,4280.21,27.2416,-2.45951,0,3080.7,13.0402,435,0,2076.36,14.0339,520,0,1319.29,25.0268,-134.657,0
44.9488,5119.73,19.3423,620,0,4280.29,27.2416,-2.69065,0,3080.74,13.0432,435,0,2076.4,14.0376,520,0,1319.36,25.0224,-134.487,0
44.9589,5119.79,19.3466,620,0,4280.36,27.2415,-2.92145,0,3080.78,13.0461,435,0,2076.44,14.0412,520,0,1319.43,25.018,-134.317,0
44.969,5119.84,19.3509,620,0,4280.44,27.2414,-3.15211,0,3080.81,13.049,435,0,2076.48,14.0449,520,0,1319.49,25.0137,-134.148,0
44.9791,5119.9,19.3553,620,0,4280.51,27.2413,-3.38214,0,3080.85,13.052,435,0,2076.52,14.0485,520,0,1319.56,25.0093,-133.978,0
44.9892,5119.95,19.3596,620,0,4280.59,27.2412,-3.61206,0,3080.89,13.0549,435,0,2076.55,14.0521,520,0,1319.63,25.005,-133.808,0
44.9992,5120,19.364,620,0,4280.66,27.2411,-3.84159,0,3080.92,13.0578,435,0,2076.59,14.0558,520,0,1319.7,25.0007,-133.64,0
45.0093,5120.06,19.3683,620,0,4280.74,27.241,-4.07076,0,3080.96,13.0607,435,0,2076.63,14.0594,520,0,1319.77,24.9963,-133.47,0
45.0194,5120.11,19.3726,620,0,4280.82,27.2409,-4.29977,0,3080.99,13.0637,435,0,2076.67,14.0631,520,0,1319.84,24.992,-133.301,0
45.0294,5120.16,19.377,620,0,4280.89,27.2407,-4.52822,0,3081.03,13.0666,435,0,2076.71,14.0667,520,0,1319.91,24.9877,-133.131,0
45.0395,5120.22,19.3813,620,0,4280.97,27.2406,-4.75649,0,3081.07,13.0695,435,0,2076.75,14.0703,520,0,1319.98,24.9834,-132.962,0
45.0496,5120.27,19.3857,620,0,4281.04,27.2405,-4.98441,0,3081.1,13.0724,435,0,2076.79,14.074,520,0,1320.05,24.9791,-132.793,0
45.0597,5120.33,19.39,620,0,4281.12,27.2403,-5.21196,0,3081.14,13.0754,435,0,2076.83,14.0776,520,0,1320.12,24.9748,-132.624,0
45.0698,5120.38,19.3944,620,0,4281.19,27.2402,-5.43915,0,3081.18,13.0783,435,0,2076.87,14.0813,520,0,1320.19,24.9705,-132.455,0
45.0798,5120.43,19.3987,620,0,4281.27,27.24,-5.66618,0,3081.21,13.0812,435,0,2076.91,14.0849,520,0,1320.26,24.9662,-132.286,0
45.0899,5120.49,19.403,620,0,4281.35,27.2399,-5.89285,0,3081.25,13.0841,435,0,2076.94,14.0886,520,0,1320.33,24.9619,-132.117,0
45.1,5120.54,19.4074,620,0,4281.42,27.2397,-6.11892,0,3081.29,13.0871,435,0,2076.98,14.0922,520,0,1320.4,24.9576,-131.946,0
45.1101,5120.6,19.4117,620,0,4281.5,27.2395,-6.34487,0,3081.32,13.09,435,0,2077.02,14.0958,520,0,1320.47,24.9533,-131.775,0
45.1201,5120.65,19.4161,620,0,4281.57,27.2393,-6.57066,0,3081.36,13.0929,435,0,2077.06,14.0995,520,0,1320.54,24.9491,-131.606,0
45.1309,5120.7,19.4204,620,0,4281.65,27.2391,-6.79586,0,3081.39,13.0959,435,0,2077.1,14.1031,520,0,1320.61,24.9448,-131.438,0
45.1409,5120.76,19.4247,620,0,4281.72,27.239,-7.02094,0,3081.43,13.0988,435,0,2077.14,14.1068,520,0,1320.67,24.9406,-131.269,0
45.151,5120.81,19.4291,620,0,4281.8,27.2388,-7.24539,0,3081.47,13.1017,435,0,2077.18,14.1104,520,0,1320.74,24.9363,-131.102,0
45.1611,5120.87,19.4334,620,0,4281.88,27.2385,-7.46974,0,3081.5,13.1046,435,0,2077.22,14.114,520,0,1320.81,24.9321,-130.934,0
45.1711,5120.92,19.4378,620,0,4281.95,27.2383,-7.69369,0,3081.54,13.1076,435,0,2077.26,14.1177,520,0,1320.88,24.9278,-130.765,0
45.1812,5120.97,19.4421,620,0,4282.03,27.2381,-7.91752,0,3081.58,13.1105,435,0,2077.3,14.1213,520,0,1320.95,24.9236,-130.598,0
45.1913,5121.03,19.4464,620,0,4282.1,27.2379,-8.14074,0,3081.61,13.1134,435,0,2077.34,14.125,520,0,1321.02,24.9194,-130.429,0
45.2014,5121.08,19.4508,620,0,4282.18,27.2377,-8.36384,0,3081.65,13.1163,435,0,2077.38,14.1286,520,0,1321.09,24.9151,-130.262,0
45.2115,5121.14,19.4551,620,0,4282.25,27.2374,-8.58633,0,3081.69,13.1193,435,0,2077.42,14.1322,520,0,1321.16,24.9109,-130.094,0
45.2216,5121.19,19.4595,620,0,4282.33,27.2372,-8.80868,0,3081.72,13.1222,435,0,2077.45,14.1359,520,0,1321.23,24.9067,-129.926,0
45.2316,5121.24,19.4638,620,0,4282.4,27.2369,-9.03069,0,3081.76,13.1251,435,0,2077.49,14.1395,520,0,1321.3,24.9025,-129.759,0
45.2417,5121.3,19.4681,620,0,4282.48,27.2367,-9.25256,0,3081.8,13.1281,435,0,2077.53,14.1432,520,0,1321.37,24.8983,-129.591,0
45.2518,5121.35,19.4725,620,0,4282.56,27.2364,-9.4738,0,3081.83,13.131,435,0,2077.57,14.1468,520,0,1321.44,24.8941,-129.423,0
45.2619,5121.41,19.4768,620,0,4282.63,27.2361,-9.69494,0,3081.87,13.1339,435,0,2077.61,14.1504,520,0,1321.5,24.8899,-129.255,0
45.2719,5121.46,19.4812,620,0,4282.71,27.2359,-9.9157,0,3081.9,13.1368,435,0,2077.65,14.1541,520,0,1321.57,24.8857,-129.088,0
45.282,5121.51,19.4855,620,0,4282.78,27.2356,-10.1359,0,3081.94,13.1398,435,0,2077.69,14.1577,520,0,1321.64,24.8815,-128.921,0
45.2921,5121.57,19.4898,620,0,4282.86,27.2353,-10.3561,0,3081.98,13.1427,435,0,2077.73,14.1614,520,0,1321.71,24.8774,-128.753,0
45.3022,5121.62,19.4942,620,0,4282.93,27.235,-10.5758,0,3082.01,13.1456,435,0,2077.77,14.165,520,0,1321.78,24.8732,-128.586,0
45.3122,5121.68,19.4985,620,0,4283.01,27.2347,-10.7951,0,3082.05,13.1485,435,0,2077.81,14.1686,520,0,1321.85,24.869,-128.419,0
45.3223,5121.73,19.5029,620,0,4283.09,27.2344,-11.0143,0,3082.09,13.1515,435,0,2077.85,14.1723,520,0,1321.92,24.8649,-128.251,0
45.3324,5121.78,19.5072,620,0,4283.16,27.2341,-11.2329,0,3082.12,13.1544,435,0,2077.89,14.1759,520,0,1321.99,24.8607,-128.084,0
45.3425,5121.84,19.5116,620,0,4283.24,27.2338,-11.4513,0,3082.16,13.1573,435,0,2077.93,14.1796,520,0,1322.06,24.8566,-127.914,0
45.3525,5121.89,19.5159,620,0,4283.31,27.2335,-11.6694,0,3082.2,13.1603,435,0,2077.97,14.1832,520,0,1322.13,24.8524,-127.745,0
45.3626,5121.95,19.5202,620,0,4283.39,27.2331,-11.8871,0,3082.23,13.1632,435,0,2078.01,14.1868,520,0,1322.2,24.8483,-127.576,0
45.3727,5122,19.5246,620,0,4283.46,27.2328,-12.1047,0,3082.27,13.1661,435,0,2078.04,14.1905,520,0,1322.26,24.8441,-127.407,0
45.3831,5122.06,19.5289,620,0,4283.54,27.2325,-12.3217,0,3082.31,13.169,435,0,2078.08,14.1941,520,0,1322.33,24.84,-127.238,0
45.3931,5122.11,19.5333,620,0,4283.62,27.2321,-12.5385,0,3082.34,13.172,435,0,2078.12,14.1978,520,0,1322.4,24.8359,-127.069,0
45.4032,5122.16,19.5376,620,0,4283.69,27.2318,-12.7548,0,3082.38,13.1749,435,0,2078.16,14.2014,520,0,1322.47,24.8318,-126.901,0
45.4133,5122.22,19.5419,620,0,4283.77,27.2314,-12.971,0,3082.42,13.1778,435,0,2078.2,14.2051,520,0,1322.54,24.8277,-126.731,0
45.4234,5122.27,19.5463,620,0,4283.84,27.231,-13.1867,0,3082.45,13.1807,435,0,2078.24,14.2087,520,0,1322.61,24.8236,-126.563,0
45.4334,5122.33,19.5506,620,0,4283.92,27.2307,-13.4024,0,3082.49,13.1837,435,0,2078.28,14.2123,520,0,1322.68,24.8195,-126.395,0
45.4434,5122.38,19.555,620,0,4283.99,27.2303,-13.6174,0,3082.53,13.1866,435,0,2078.32,14.216,520,0,1322.75,24.8154,-126.226,0
45.4535,5122.44,19.5593,620,0,4284.07,27.2299,-13.8321,0,3082.56,13.1895,435,0,2078.36,14.2196,520,0,1322.82,24.8113,-126.057,0
45.4636,5122.49,19.5636,620,0,4284.14,27.2295,-14.0467,0,3082.6,13.1925,435,0,2078.4,14.2233,520,0,1322.89,24.8072,-125.889,0
45.4737,5122.54,19.568,620,0,4284.22,27.2291,-14.2609,0,3082.64,13.1954,435,0,2078.44,14.2269,520,0,1322.95,24.8031,-125.72,0
45.4838,5122.6,19.5723,620,0,4284.3,27.2287,-14.4747,0,3082.67,13.1983,435,0,2078.48,14.2305,520,0,1323.02,24.7991,-125.552,0
45.4939,5122.65,19.5767,620,0,4284.37,27.2283,-14.6882,0,3082.71,13.2012,435,0,2078.52,14.2342,520,0,1323.09,24.795,-125.384,0
45.504,5122.71,19.581,620,0,4284.45,27.2279,-14.9013,0,3082.75,13.2042,435,0,2078.56,14.2378,520,0,1323.16,24.7909,-125.215,0
45.514,5122.76,19.5853,620,0,4284.52,27.2275,-15.1141,0,3082.78,13.2071,435,0,2078.6,14.2415,520,0,1323.23,24.7869,-125.047,0
45.5241,5122.82,19.5897,620,0,4284.6,27.2271,-15.3265,0,3082.82,13.21,435,0,2078.64,14.2451,520,0,1323.3,24.7828,-124.879,0
45.5342,5122.87,19.594,620,0,4284.67,27.2266,-15.5387,0,3082.86,13.2129,435,0,2078.68,14.2487,520,0,1323.37,24.7788,-124.711,0
45.5443,5122.93,19.5984,620,0,4284.75,27.2262,-15.7506,0,3082.89,13.2159,435,0,2078.72,14.2524,520,0,1323.44,24.7747,-124.543,0
45.5543,5122.98,19.6027,620,0,4284.83,27.2257,-15.962,0,3082.93,13.2188,435,0,2078.76,14.256,520,0,1323.5,24.7707,-124.375,0
45.5644,5123.03,19.607,620,0,4284.9,27.2253,-16.1732,0,3082.97,13.2217,435,0,2078.8,14.2597,520,0,1323.57,24.7667,-124.207,0
45.5745,5123.09,19.6114,620,0,4284.98,27.2248,-16.384,0,3083,13.2246,435,0,2078.84,14.2633,520,0,1323.64,24.7626,-124.038,0
45.5845,5123.14,19.6157,620,0,4285.05,27.2244,-16.5947,0,3083.04,13.2276,435,0,2078.87,14.2669,520,0,1323.71,24.7586,-123.868,0
45.5946,5123.2,19.6201,620,0,4285.13,27.2239,-16.8048,0,3083.08,13.2305,435,0,2078.91,14.2706,520,0,1323.78,24.7546,-123.698,0
45.6047,5123.25,19.6244,620,0,4285.2,27.2235,-17.0146,0,3083.11,13.2334,435,0,2078.95,14.2742,520,0,1323.85,24.7506,-123.529,0
45.6148,5123.31,19.6288,620,0,4285.28,27.223,-17.2242,0,3083.15,13.2364,435,0,2078.99,14.2779,520,0,1323.92,24.7466,-123.359,0
45.6248,5123.36,19.6331,620,0,4285.35,27.2225,-17.4335,0,3083.19,13.2393,435,0,2079.03,14.2815,520,0,1323.99,24.7426,-123.19,0
45.6349,5123.42,19.6374,620,0,4285.43,27.222,-17.6422,0,3083.22,13.2422,435,0,2079.07,14.2851,520,0,1324.05,24.7386,-123.02,0
45.645,5123.47,19.6418,620,0,4285.51,27.2215,-17.8507,0,3083.26,13.2451,435,0,2079.11,14.2888,520,0,1324.12,24.7346,-122.851,0
45.6551,5123.52,19.6461,620,0,4285.58,27.221,-18.0589,0,3083.3,13.2481,435,0,2079.15,14.2924,520,0,1324.19,24.7307,-122.681,0
45.6652,5123.58,19.6505,620,0,4285.66,27.2205,-18.267,0,3083.33,13.251,435,0,2079.19,14.2961,520,0,1324.26,24.7267,-122.512,0
45.6753,5123.63,19.6548,620,0,4285.73,27.22,-18.4745,0,3083.37,13.2539,435,0,2079.23,14.2997,520,0,1324.33,24.7227,-122.343,0
45.6854,5123.69,19.6591,620,0,4285.81,27.2195,-18.6816,0,3083.41,13.2568,435,0,2079.27,14.3033,520,0,1324.4,24.7188,-122.173,0
45.6954,5123.74,19.6635,620,0,4285.88,27.219,-18.8886,0,3083.44,13.2598,435,0,2079.31,14.307,520,0,1324.47,24.7148,-122.005,0
45.7055,5123.8,19.6678,620,0,4285.96,27.2184,-19.0952,0,3083.48,13.2627,435,0,2079.35,14.3106,520,0,1324.54,24.7109,-121.835,0
45.7156,5123.85,19.6722,620,0,4286.04,27.2179,-19.3013,0,3083.52,13.2656,435,0,2079.39,14.3143,520,0,1324.6,24.7069,-121.667,0
45.7256,5123.91,19.6765,620,0,4286.11,27.2174,-19.5072,0,3083.56,13.2686,435,0,2079.43,14.3179,520,0,1324.67,24.703,-121.498,0
45.7357,5123.96,19.6808,620,0,4286.19,27.2168,-19.7128,0,3083.59,13.2715,435,0,2079.47,14.3215,520,0,1324.74,24.699,-121.329,0
45.7458,5124.02,19.6852,620,0,4286.26,27.2163,-19.918,0,3083.63,13.2744,435,0,2079.51,14.3252,520,0,1324.81,24.6951,-121.16,0
45.7559,5124.07,19.6895,620,0,4286.34,27.2157,-20.1229,0,3083.67,13.2773,435,0,2079.55,14.3288,520,0,1324.88,24.6912,-120.991,0
45.7659,5124.13,19.6939,620,0,4286.41,27.2151,-20.3276,0,3083.7,13.2803,435,0,2079.59,14.3325,520,0,1324.95,24.6873,-120.823,0
45.776,5124.18,19.6982,620,0,4286.49,27.2146,-20.5318,0,3083.74,13.2832,435,0,2079.63,14.3361,520,0,1325.02,24.6833,-120.654,0
45.7861,5124.24,19.7025,620,0,4286.56,27.214,-20.7359,0,3083.78,13.2861,435,0,2079.67,14.3398,520,0,1325.08,24.6794,-120.485,0
45.7961,5124.29,19.7069,620,0,4286.64,27.2134,-20.9393,0,3083.81,13.289,435,0,2079.71,14.3434,520,0,1325.15,24.6755,-120.317,0
45.8062,5124.34,19.7112,620,0,4286.72,27.2128,-21.1426,0,3083.85,13.292,435,0,2079.75,14.347,520,0,1325.22,24.6716,-120.149,0
45.8163,5124.4,19.7156,620,0,4286.79,27.2123,-21.3456,0,3083.89,13.2949,435,0,2079.79,14.3507,520,0,1325.29,24.6677,-119.978,0
45.8265,5124.45,19.7199,620,0,4286.87,27.2117,-21.5482,0,3083.92,13.2978,435,0,2079.83,14.3543,520,0,1325.36,24.6639,-119.808,0
45.8365,5124.51,19.7242,620,0,4286.94,27.2111,-21.7505,0,3083.96,13.3008,435,0,2079.87,14.358,520,0,1325.43,24.66,-119.638,0
45.8466,5124.56,19.7286,620,0,4287.02,27.2104,-21.9524,0,3084,13.3037,435,0,2079.91,14.3616,520,0,1325.5,24.6561,-119.468,0
45.8567,5124.62,19.7329,620,0,4287.09,27.2098,-22.1539,0,3084.03,13.3066,435,0,2079.95,14.3652,520,0,1325.56,24.6522,-119.298,0
45.8667,5124.67,19.7373,620,0,4287.17,27.2092,-22.3554,0,3084.07,13.3095,435,0,2079.99,14.3689,520,0,1325.63,24.6484,-119.128,0
45.8769,5124.73,19.7416,620,0,4287.24,27.2086,-22.5562,0,3084.11,13.3125,435,0,2080.03,14.3725,520,0,1325.7,24.6445,-118.958,0
45.887,5124.78,19.746,620,0,4287.32,27.208,-22.757,0,3084.15,13.3154,435,0,2080.07,14.3762,520,0,1325.77,24.6407,-118.791,0
45.8971,5124.84,19.7503,620,0,4287.4,27.2073,-22.9571,0,3084.18,13.3183,435,0,2080.11,14.3798,520,0,1325.84,24.6368,-118.623,0
45.9072,5124.89,19.7546,620,0,4287.47,27.2067,-23.1571,0,3084.22,13.3212,435,0,2080.15,14.3834,520,0,1325.91,24.633,-118.455,0
45.9173,5124.95,19.759,620,0,4287.55,27.206,-23.3568,0,3084.26,13.3242,435,0,2080.19,14.3871,520,0,1325.97,24.6291,-118.288,0
45.9274,5125,19.7633,620,0,4287.62,27.2054,-23.5561,0,3084.29,13.3271,435,0,2080.23,14.3907,520,0,1326.04,24.6253,-118.12,0
45.9375,5125.06,19.7677,620,0,4287.7,27.2047,-23.7551,0,3084.33,13.33,435,0,2080.27,14.3944,520,0,1326.11,24.6215,-117.953,0
45.9476,5125.11,19.772,620,0,4287.77,27.2041,-23.9537,0,3084.37,13.333,435,0,2080.31,14.398,520,0,1326.18,24.6177,-117.786,0
45.9576,5125.17,19.7763,620,0,4287.85,27.2034,-24.152,0,3084.41,13.3359,435,0,2080.35,14.4016,520,0,1326.25,24.6138,-117.619,0
45.9677,5125.22,19.7807,620,0,4287.92,27.2027,-24.3499,0,3084.44,13.3388,435,0,2080.39,14.4053,520,0,1326.32,24.61,-117.452,0
45.9778,5125.28,19.785,620,0,4288,27.2021,-24.5477,0,3084.48,13.3417,435,0,2080.43,14.4089,520,0,1326.38,24.6062,-117.285,0
45.9879,5125.33,19.7894,620,0,4288.08,27.2014,-24.745,0,3084.52,13.3447,435,0,2080.47,14.4126,520,0,1326.45,24.6024,-117.118,0
45.998,5125.39,19.7937,620,0,4288.15,27.2007,-24.942,0,3084.55,13.3476,435,0,2080.51,14.4162,520,0,1326.52,24.5986,-116.951,0
46.0081,5125.44,19.798,620,0,4288.23,27.2,-25.1386,0,3084.59,13.3505,435,0,2080.55,14.4198,520,0,1326.59,24.5949,-116.784,0
46.0181,5125.5,19.8024,620,0,4288.3,27.1993,-25.3349,0,3084.63,13.3534,435,0,2080.59,14.4235,520,0,1326.66,24.5911,-116.617,0
46.0282,5125.55,19.8067,620,0,4288.38,27.1986,-25.531,0,3084.66,13.3564,435,0,2080.63,14.4271,520,0,1326.73,24.5873,-116.45,0
46.0383,5125.61,19.8111,620,0,4288.45,27.1979,-25.7265,0,3084.7,13.3593,435,0,2080.67,14.4308,520,0,1326.79,24.5835,-116.284,0
46.0484,5125.66,19.8154,620,0,4288.53,27.1971,-25.9218,0,3084.74,13.3622,435,0,2080.71,14.4344,520,0,1326.86,24.5798,-116.117,0
46.0584,5125.72,19.8197,620,0,4288.6,27.1964,-26.1168,0,3084.78,13.3652,435,0,2080.75,14.438,520,0,1326.93,24.576,-115.948,0
46.0685,5125.77,19.8241,620,0,4288.68,27.1957,-26.3115,0,3084.81,13.3681,435,0,2080.79,14.4417,520,0,1327,24.5722,-115.78,0
46.0786,5125.83,19.8284,620,0,4288.76,27.195,-26.506,0,3084.85,13.371,435,0,2080.83,14.4453,520,0,1327.07,24.5685,-115.612,0
46.0886,5125.88,19.8328,620,0,4288.83,27.1942,-26.7,0,3084.89,13.3739,435,0,2080.87,14.449,520,0,1327.14,24.5647,-115.443,0
46.0987,5125.94,19.8371,620,0,4288.91,27.1935,-26.8936,0,3084.92,13.3769,435,0,2080.91,14.4526,520,0,1327.2,24.561,-115.275,0
46.109,5125.99,19.8414,620,0,4288.98,27.1927,-27.0871,0,3084.96,13.3798,435,0,2080.95,14.4563,520,0,1327.27,24.5573,-115.107,0
46.1193,5126.05,19.8458,620,0,4289.06,27.192,-27.28,0,3085,13.3827,435,0,2080.99,14.4599,520,0,1327.34,24.5535,-114.938,0
46.1294,5126.1,19.8501,620,0,4289.13,27.1912,-27.4728,0,3085.04,13.3856,435,0,2081.03,14.4635,520,0,1327.41,24.5498,-114.771,0
46.1395,5126.16,19.8545,620,0,4289.21,27.1905,-27.665,0,3085.07,13.3886,435,0,2081.07,14.4672,520,0,1327.48,24.5461,-114.603,0
46.1496,5126.21,19.8588,620,0,4289.28,27.1897,-27.8571,0,3085.11,13.3915,435,0,2081.11,14.4708,520,0,1327.55,24.5424,-114.435,0
46.1596,5126.27,19.8631,620,0,4289.36,27.1889,-28.0488,0,3085.15,13.3944,435,0,2081.15,14.4745,520,0,1327.61,24.5387,-114.267,0
46.1697,5126.32,19.8675,620,0,4289.44,27.1881,-28.2402,0,3085.18,13.3973,435,0,2081.19,14.4781,520,0,1327.68,24.535,-114.099,0
46.1798,5126.38,19.8718,620,0,4289.51,27.1873,-28.4311,0,3085.22,13.4003,435,0,2081.23,14.4817,520,0,1327.75,24.5313,-113.932,0
46.1898,5126.43,19.8762,620,0,4289.59,27.1866,-28.6218,0,3085.26,13.4032,435,0,2081.27,14.4854,520,0,1327.82,24.5276,-113.764,0
46.1999,5126.49,19.8805,620,0,4289.66,27.1858,-28.8121,0,3085.3,13.4061,435,0,2081.31,14.489,520,0,1327.89,24.5239,-113.597,0
46.21,5126.54,19.8849,620,0,4289.74,27.185,-29.0022,0,3085.33,13.4091,435,0,2081.35,14.4927,520,0,1327.95,24.5202,-113.429,0
46.2201,5126.6,19.8892,620,0,4289.81,27.1841,-29.1921,0,3085.37,13.412,435,0,2081.39,14.4963,520,0,1328.02,24.5166,-113.261,0
46.2302,5126.66,19.8935,620,0,4289.89,27.1833,-29.3814,0,3085.41,13.4149,435,0,2081.43,14.4999,520,0,1328.09,24.5129,-113.094,0
46.2402,5126.71,19.8979,620,0,4289.96,27.1825,-29.5704,0,3085.45,13.4178,435,0,2081.47,14.5036,520,0,1328.16,24.5092,-112.927,0
46.2503,5126.77,19.9022,620,0,4290.04,27.1817,-29.759,0,3085.48,13.4208,435,0,2081.51,14.5072,520,0,1328.23,24.5056,-112.76,0
46.2604,5126.82,19.9066,620,0,4290.12,27.1809,-29.9475,0,3085.52,13.4237,435,0,2081.55,14.5109,520,0,1328.29,24.5019,-112.592,0
46.2704,5126.88,19.9109,620,0,4290.19,27.18,-30.1355,0,3085.56,13.4266,435,0,2081.59,14.5145,520,0,1328.36,24.4983,-112.425,0
46.2805,5126.93,19.9152,620,0,4290.27,27.1792,-30.3233,0,3085.59,13.4295,435,0,2081.63,14.5181,520,0,1328.43,24.4946,-112.259,0
46.2906,5126.99,19.9196,620,0,4290.34,27.1784,-30.5106,0,3085.63,13.4325,435,0,2081.67,14.5218,520,0,1328.5,24.491,-112.09,0
46.3006,5127.04,19.9239,620,0,4290.42,27.1775,-30.6977,0,3085.67,13.4354,435,0,2081.71,14.5254,520,0,1328.57,24.4874,-111.921,0
46.3107,5127.1,19.9283,620,0,4290.49,27.1766,-30.8845,0,3085.71,13.4383,435,0,2081.75,14.5291,520,0,1328.63,24.4838,-111.752,0
46.3208,5127.15,19.9326,620,0,4290.57,27.1758,-31.0707,0,3085.74,13.4413,435,0,2081.8,14.5327,520,0,1328.7,24.4801,-111.584,0
46.3309,5127.21,19.9369,620,0,4290.64,27.1749,-31.2569,0,3085.78,13.4442,435,0,2081.84,14.5363,520,0,1328.77,24.4765,-111.416,0
46.3409,5127.26,19.9413,620,0,4290.72,27.1741,-31.4426,0,3085.82,13.4471,435,0,2081.88,14.54,520,0,1328.84,24.4729,-111.247,0
46.351,5127.32,19.9456,620,0,4290.79,27.1732,-31.6281,0,3085.86,13.45,435,0,2081.92,14.5436,520,0,1328.91,24.4693,-111.078,0
46.3611,5127.37,19.95,620,0,4290.87,27.1723,-31.8131,0,3085.89,13.453,435,0,2081.96,14.5473,520,0,1328.97,24.4657,-110.91,0
46.3712,5127.43,19.9543,620,0,4290.95,27.1714,-31.9979,0,3085.93,13.4559,435,0,2082,14.5509,520,0,1329.04,24.4621,-110.741,0
46.3812,5127.49,19.9586,620,0,4291.02,27.1705,-32.1823,0,3085.97,13.4588,435,0,2082.04,14.5545,520,0,1329.11,24.4585,-110.574,0
46.3913,5127.54,19.963,620,0,4291.1,27.1696,-32.3663,0,3086.01,13.4617,435,0,2082.08,14.5582,520,0,1329.18,24.455,-110.405,0
46.4014,5127.6,19.9673,620,0,4291.17,27.1687,-32.5501,0,3086.04,13.4647,435,0,2082.12,14.5618,520,0,1329.25,24.4514,-110.237,0
46.4115,5127.65,19.9717,620,0,4291.25,27.1678,-32.7334,0,3086.08,13.4676,435,0,2082.16,14.5655,520,0,1329.31,24.4478,-110.069,0
46.4219,5127.71,19.976,620,0,4291.32,27.1669,-32.9167,0,3086.12,13.4705,435,0,2082.2,14.5691,520,0,1329.38,24.4442,-109.901,0
46.432,5127.76,19.9803,620,0,4291.4,27.166,-33.0994,0,3086.16,13.4735,435,0,2082.24,14.5728,520,0,1329.45,24.4407,-109.733,0
46.442,5127.82,19.9847,620,0,4291.47,27.1651,-33.2817,0,3086.19,13.4764,435,0,2082.28,14.5764,520,0,1329.52,24.4371,-109.565,0
46.4521,5127.87,19.989,620,0,4291.55,27.1642,-33.464,0,3086.23,13.4793,435,0,2082.32,14.58,520,0,1329.59,24.4336,-109.397,0
46.4622,5127.93,19.9934,620,0,4291.62,27.1632,-33.6457,0,3086.27,13.4822,435,0,2082.36,14.5837,520,0,1329.65,24.43,-109.23,0
46.4722,5127.99,19.9977,620,0,4291.7,27.1623,-33.827,0,3086.31,13.4852,435,0,2082.4,14.5873,520,0,1329.72,24.4265,-109.062,0
46.4823,5128.04,20.0021,620,0,4291.78,27.1613,-34.0082,0,3086.34,13.4881,435,0,2082.44,14.591,520,0,1329.79,24.423,-108.895,0
46.4924,5128.1,20.0064,620,0,4291.85,27.1604,-34.1889,0,3086.38,13.491,435,0,2082.48,14.5946,520,0,1329.86,24.4194,-108.727,0
46.5025,5128.15,20.0107,620,0,4291.93,27.1595,-34.3694,0,3086.42,13.4939,435,0,2082.52,14.5982,520,0,1329.92,24.4159,-108.56,0
46.5125,5128.21,20.0151,620,0,4292,27.1585,-34.5496,0,3086.45,13.4969,435,0,2082.56,14.6019,520,0,1329.99,24.4124,-108.393,0
46.5226,5128.26,20.0194,620,0,4292.08,27.1575,-34.7292,0,3086.49,13.4998,435,0,2082.6,14.6055,520,0,1330.06,24.4089,-108.225,0
46.5327,5128.32,20.0238,620,0,4292.15,27.1566,-34.9087,0,3086.53,13.5027,435,0,2082.65,14.6092,520,0,1330.13,24.4054,-108.056,0
46.5427,5128.37,20.0281,620,0,4292.23,27.1556,-35.0879,0,3086.57,13.5057,435,0,2082.69,14.6128,520,0,1330.2,24.4019,-107.887,0
46.5528,5128.43,20.0324,620,0,4292.3,27.1546,-35.2665,0,3086.6,13.5086,435,0,2082.73,14.6164,520,0,1330.26,24.3984,-107.718,0
46.5629,5128.49,20.0368,620,0,4292.38,27.1536,-35.445,0,3086.64,13.5115,435,0,2082.77,14.6201,520,0,1330.33,24.3949,-107.549,0
46.573,5128.54,20.0411,620,0,4292.45,27.1527,-35.6232,0,3086.68,13.5144,435,0,2082.81,14.6237,520,0,1330.4,24.3914,-107.381,0
46.583,5128.6,20.0455,620,0,4292.53,27.1517,-35.801,0,3086.72,13.5174,435,0,2082.85,14.6274,520,0,1330.47,24.388,-107.212,0
46.5931,5128.65,20.0498,620,0,4292.61,27.1507,-35.9785,0,3086.76,13.5203,435,0,2082.89,14.631,520,0,1330.53,24.3845,-107.044,0
46.6032,5128.71,20.0541,620,0,4292.68,27.1497,-36.1554,0,3086.79,13.5232,435,0,2082.93,14.6346,520,0,1330.6,24.381,-106.875,0
46.6135,5128.76,20.0585,620,0,4292.76,27.1487,-36.3322,0,3086.83,13.5261,435,0,2082.97,14.6383,520,0,1330.67,24.3776,-106.706,0
46.6235,5128.82,20.0628,620,0,4292.83,27.1477,-36.5087,0,3086.87,13.5291,435,0,2083.01,14.6419,520,0,1330.74,24.3741,-106.538,0
46.6336,5128.88,20.0672,620,0,4292.91,27.1467,-36.6848,0,3086.91,13.532,435,0,2083.05,14.6456,520,0,1330.81,24.3707,-106.37,0
46.6437,5128.93,20.0715,620,0,4292.98,27.1456,-36.8606,0,3086.94,13.5349,435,0,2083.09,14.6492,520,0,1330.87,24.3672,-106.201,0
46.6537,5128.99,20.0758,620,0,4293.06,27.1446,-37.0361,0,3086.98,13.5378,435,0,2083.13,14.6528,520,0,1330.94,24.3638,-106.033,0
46.6638,5129.04,20.0802,620,0,4293.13,27.1436,-37.2112,0,3087.02,13.5408,435,0,2083.17,14.6565,520,0,1331.01,24.3603,-105.865,0
46.6739,5129.1,20.0845,620,0,4293.21,27.1425,-37.386,0,3087.06,13.5437,435,0,2083.21,14.6601,520,0,1331.08,24.3569,-105.697,0
46.684,5129.15,20.0889,620,0,4293.28,27.1415,-37.5604,0,3087.09,13.5466,435,0,2083.26,14.6638,520,0,1331.14,24.3535,-105.529,0
46.694,5129.21,20.0932,620,0,4293.36,27.1405,-37.7348,0,3087.13,13.5496,435,0,2083.3,14.6674,520,0,1331.21,24.3501,-105.361,0
46.7041,5129.27,20.0975,620,0,4293.43,27.1394,-37.9086,0,3087.17,13.5525,435,0,2083.34,14.671,520,0,1331.28,24.3467,-105.194,0
46.7142,5129.32,20.1019,620,0,4293.51,27.1384,-38.082,0,3087.21,13.5554,435,0,2083.38,14.6747,520,0,1331.35,24.3433,-105.025,0
46.7243,5129.38,20.1062,620,0,4293.59,27.1373,-38.2551,0,3087.24,13.5583,435,0,2083.42,14.6783,520,0,1331.41,24.3399,-104.858,0
46.7343,5129.43,20.1106,620,0,4293.66,27.1362,-38.4279,0,3087.28,13.5613,435,0,2083.46,14.682,520,0,1331.48,24.3365,-104.691,0
46.7444,5129.49,20.1149,620,0,4293.74,27.1352,-38.6003,0,3087.32,13.5642,435,0,2083.5,14.6856,520,0,1331.55,24.3331,-104.526,0
46.7545,5129.55,20.1193,620,0,4293.81,27.1341,-38.7727,0,3087.36,13.5671,435,0,2083.54,14.6893,520,0,1331.62,24.3297,-104.36,0
46.7646,5129.6,20.1236,620,0,4293.89,27.133,-38.9445,0,3087.39,13.57,435,0,2083.58,14.6929,520,0,1331.68,24.3263,-104.194,0
46.7746,5129.66,20.1279,620,0,4293.96,27.1319,-39.1159,0,3087.43,13.573,435,0,2083.62,14.6965,520,0,1331.75,24.3229,-104.027,0
46.7847,5129.71,20.1323,620,0,4294.04,27.1309,-39.287,0,3087.47,13.5759,435,0,2083.66,14.7002,520,0,1331.82,24.3196,-103.86,0
46.7948,5129.77,20.1366,620,0,4294.11,27.1298,-39.458,0,3087.51,13.5788,435,0,2083.7,14.7038,520,0,1331.89,24.3162,-103.693,0
46.8048,5129.83,20.141,620,0,4294.19,27.1287,-39.6284,0,3087.55,13.5818,435,0,2083.74,14.7075,520,0,1331.96,24.3128,-103.526,0
46.8149,5129.88,20.1453,620,0,4294.26,27.1276,-39.7985,0,3087.58,13.5847,435,0,2083.79,14.7111,520,0,1332.02,24.3095,-103.359,0
46.825,5129.94,20.1496,620,0,4294.34,27.1265,-39.9683,0,3087.62,13.5876,435,0,2083.83,14.7147,520,0,1332.09,24.3061,-103.193,0
46.835,5129.99,20.154,620,0,4294.41,27.1254,-40.1379,0,3087.66,13.5905,435,0,2083.87,14.7184,520,0,1332.16,24.3028,-103.026,0
46.8451,5130.05,20.1583,620,0,4294.49,27.1242,-40.307,0,3087.7,13.5935,435,0,2083.91,14.722,520,0,1332.23,24.2995,-102.859,0
46.8552,5130.11,20.1627,620,0,4294.57,27.1231,-40.4758,0,3087.73,13.5964,435,0,2083.95,14.7257,520,0,1332.29,24.2961,-102.693,0
46.8652,5130.16,20.167,620,0,4294.64,27.122,-40.6445,0,3087.77,13.5993,435,0,2083.99,14.7293,520,0,1332.36,24.2928,-102.526,0
46.8753,5130.22,20.1713,620,0,4294.72,27.1209,-40.8126,0,3087.81,13.6022,435,0,2084.03,14.7329,520,0,1332.43,24.2895,-102.36,0
46.8854,5130.27,20.1757,620,0,4294.79,27.1197,-40.9803,0,3087.85,13.6052,435,0,2084.07,14.7366,520,0,1332.49,24.2862,-102.193,0
46.8955,5130.33,20.18,620,0,4294.87,27.1186,-41.148,0,3087.89,13.6081,435,0,2084.11,14.7402,520,0,1332.56,24.2829,-102.027,0
46.9055,5130.39,20.1844,620,0,4294.94,27.1175,-41.3151,0,3087.92,13.611,435,0,2084.15,14.7439,520,0,1332.63,24.2796,-101.861,0
46.9156,5130.44,20.1887,620,0,4295.02,27.1163,-41.4819,0,3087.96,13.614,435,0,2084.19,14.7475,520,0,1332.7,24.2763,-101.695,0
46.9257,5130.5,20.193,620,0,4295.09,27.1152,-41.6486,0,3088,13.6169,435,0,2084.24,14.7511,520,0,1332.76,24.273,-101.529,0
46.9358,5130.55,20.1974,620,0,4295.17,27.114,-41.8147,0,3088.04,13.6198,435,0,2084.28,14.7548,520,0,1332.83,24.2697,-101.363,0
46.9461,5130.61,20.2017,620,0,4295.24,27.1128,-41.9804,0,3088.07,13.6227,435,0,2084.32,14.7584,520,0,1332.9,24.2664,-101.197,0
46.9561,5130.67,20.2061,620,0,4295.32,27.1117,-42.1461,0,3088.11,13.6257,435,0,2084.36,14.7621,520,0,1332.97,24.2631,-101.031,0
46.9662,5130.72,20.2104,620,0,4295.39,27.1105,-42.3112,0,3088.15,13.6286,435,0,2084.4,14.7657,520,0,1333.03,24.2599,-100.866,0
46.9763,5130.78,20.2147,620,0,4295.47,27.1093,-42.476,0,3088.19,13.6315,435,0,2084.44,14.7693,520,0,1333.1,24.2566,-100.7,0
46.9863,5130.83,20.2191,620,0,4295.54,27.1082,-42.6407,0,3088.23,13.6344,435,0,2084.48,14.773,520,0,1333.17,24.2533,-100.534,0
46.9973,5130.89,20.2234,620,0,4295.62,27.107,-42.8049,0,3088.26,13.6374,435,0,2084.52,14.7766,520,0,1333.24,24.2501,-100.369,0
47.0074,5130.95,20.2278,620,0,4295.7,27.1058,-42.9686,0,3088.3,13.6403,435,0,2084.56,14.7803,520,0,1333.3,24.2468,-100.202,0
47.0174,5131,20.2321,620,0,4295.77,27.1046,-43.1323,0,3088.34,13.6432,435,0,2084.61,14.7839,520,0,1333.37,24.2436,-100.035,0
47.0275,5131.06,20.2365,620,0,4295.85,27.1034,-43.2955,0,3088.38,13.6462,435,0,2084.65,14.7875,520,0,1333.44,24.2403,-99.8674,0
47.0376,5131.12,20.2408,620,0,4295.92,27.1022,-43.4583,0,3088.42,13.6491,435,0,2084.69,14.7912,520,0,1333.51,24.2371,-99.7006,0
47.0476,5131.17,20.2451,620,0,4296,27.101,-43.621,0,3088.45,13.652,435,0,2084.73,14.7948,520,0,1333.57,24.2339,-99.5338,0
47.0577,5131.23,20.2495,620,0,4296.07,27.0998,-43.7832,0,3088.49,13.6549,435,0,2084.77,14.7985,520,0,1333.64,24.2307,-99.3663,0
47.0678,5131.28,20.2538,620,0,4296.15,27.0986,-43.945,0,3088.53,13.6579,435,0,2084.81,14.8021,520,0,1333.71,24.2274,-99.1994,0
47.0778,5131.34,20.2582,620,0,4296.22,27.0973,-44.1065,0,3088.57,13.6608,435,0,2084.85,14.8058,520,0,1333.78,24.2242,-99.0333,0
47.0879,5131.4,20.2625,620,0,4296.3,27.0961,-44.2679,0,3088.61,13.6637,435,0,2084.89,14.8094,520,0,1333.84,24.221,-98.8666,0
47.098,5131.45,20.2668,620,0,4296.37,27.0949,-44.4287,0,3088.64,13.6666,435,0,2084.93,14.813,520,0,1333.91,24.2178,-98.6995,0
47.1081,5131.51,20.2712,620,0,4296.45,27.0937,-44.5892,0,3088.68,13.6696,435,0,2084.98,14.8167,520,0,1333.98,24.2146,-98.5331,0
47.1181,5131.57,20.2755,620,0,4296.52,27.0924,-44.7494,0,3088.72,13.6725,435,0,2085.02,14.8203,520,0,1334.04,24.2114,-98.3667,0
47.1282,5131.62,20.2799,620,0,4296.6,27.0912,-44.9093,0,3088.76,13.6754,435,0,2085.06,14.824,520,0,1334.11,24.2082,-98.2005,0
47.1383,5131.68,20.2842,620,0,4296.67,27.0899,-45.069,0,3088.8,13.6784,435,0,2085.1,14.8276,520,0,1334.18,24.2051,-98.0342,0
47.1483,5131.73,20.2885,620,0,4296.75,27.0887,-45.2282,0,3088.83,13.6813,435,0,2085.14,14.8312,520,0,1334.25,24.2019,-97.868,0
47.1584,5131.79,20.2929,620,0,4296.82,27.0874,-45.3871,0,3088.87,13.6842,435,0,2085.18,14.8349,520,0,1334.31,24.1987,-97.7021,0
47.1685,5131.85,20.2972,620,0,4296.9,27.0862,-45.5457,0,3088.91,13.6871,435,0,2085.22,14.8385,520,0,1334.38,24.1956,-97.5357,0
47.1787,5131.9,20.3016,620,0,4296.97,27.0849,-45.7039,0,3088.95,13.6901,435,0,2085.26,14.8422,520,0,1334.45,24.1924,-97.3701,0
47.1887,5131.96,20.3059,620,0,4297.05,27.0836,-45.8618,0,3088.99,13.693,435,0,2085.3,14.8458,520,0,1334.51,24.1892,-97.2041,0
47.1989,5132.02,20.3102,620,0,4297.13,27.0824,-46.0194,0,3089.02,13.6959,435,0,2085.35,14.8494,520,0,1334.58,24.1861,-97.0383,0
47.209,5132.07,20.3146,620,0,4297.2,27.0811,-46.1766,0,3089.06,13.6988,435,0,2085.39,14.8531,520,0,1334.65,24.183,-96.8728,0
47.2191,5132.13,20.3189,620,0,4297.28,27.0798,-46.3335,0,3089.1,13.7018,435,0,2085.43,14.8567,520,0,1334.72,24.1798,-96.7072,0
47.2292,5132.19,20.3233,620,0,4297.35,27.0785,-46.4901,0,3089.14,13.7047,435,0,2085.47,14.8604,520,0,1334.78,24.1767,-96.5417,0
47.2392,5132.24,20.3276,620,0,4297.43,27.0772,-46.6464,0,3089.18,13.7076,435,0,2085.51,14.864,520,0,1334.85,24.1736,-96.3762,0
47.2493,5132.3,20.3319,620,0,4297.5,27.0759,-46.8023,0,3089.21,13.7105,435,0,2085.55,14.8676,520,0,1334.92,24.1704,-96.2088,0
47.2594,5132.36,20.3363,620,0,4297.58,27.0746,-46.958,0,3089.25,13.7135,435,0,2085.59,14.8713,520,0,1334.98,24.1673,-96.0412,0
47.2694,5132.41,20.3406,620,0,4297.65,27.0733,-47.1132,0,3089.29,13.7164,435,0,2085.64,14.8749,520,0,1335.05,24.1642,-95.8744,0
47.2795,5132.47,20.345,620,0,4297.73,27.072,-47.2682,0,3089.33,13.7193,435,0,2085.68,14.8786,520,0,1335.12,24.1611,-95.7072,0
47.2896,5132.52,20.3493,620,0,4297.8,27.0707,-47.4229,0,3089.37,13.7223,435,0,2085.72,14.8822,520,0,1335.19,24.158,-95.5402,0
47.2997,5132.58,20.3537,620,0,4297.88,27.0694,-47.577,0,3089.4,13.7252,435,0,2085.76,14.8858,520,0,1335.25,24.1549,-95.373,0
47.3097,5132.64,20.358,620,0,4297.95,27.0681,-47.731,0,3089.44,13.7281,435,0,2085.8,14.8895,520,0,1335.32,24.1518,-95.2067,0
47.3198,5132.69,20.3623,620,0,4298.03,27.0668,-47.8846,0,3089.48,13.731,435,0,2085.84,14.8931,520,0,1335.39,24.1488,-95.04,0
47.3299,5132.75,20.3667,620,0,4298.1,27.0654,-48.038,0,3089.52,13.734,435,0,2085.88,14.8968,520,0,1335.45,24.1457,-94.8734,0
47.3399,5132.81,20.371,620,0,4298.18,27.0641,-48.1908,0,3089.56,13.7369,435,0,2085.92,14.9004,520,0,1335.52,24.1426,-94.707,0
47.35,5132.86,20.3754,620,0,4298.25,27.0628,-48.3435,0,3089.6,13.7398,435,0,2085.97,14.904,520,0,1335.59,24.1395,-94.5402,0
47.3601,5132.92,20.3797,620,0,4298.33,27.0614,-48.4959,0,3089.63,13.7427,435,0,2086.01,14.9077,520,0,1335.66,24.1365,-94.3742,0
47.3702,5132.98,20.384,620,0,4298.4,27.0601,-48.6477,0,3089.67,13.7457,435,0,2086.05,14.9113,520,0,1335.72,24.1334,-94.2079,0
47.3802,5133.03,20.3884,620,0,4298.48,27.0587,-48.7994,0,3089.71,13.7486,435,0,2086.09,14.915,520,0,1335.79,24.1304,-94.0419,0
47.3903,5133.09,20.3927,620,0,4298.55,27.0574,-48.9506,0,3089.75,13.7515,435,0,2086.13,14.9186,520,0,1335.86,24.1273,-93.8758,0
47.4004,5133.15,20.3971,620,0,4298.63,27.056,-49.1017,0,3089.79,13.7545,435,0,2086.17,14.9222,520,0,1335.92,24.1243,-93.7094,0
47.4104,5133.2,20.4014,620,0,4298.7,27.0546,-49.2523,0,3089.82,13.7574,435,0,2086.21,14.9259,520,0,1335.99,24.1213,-93.5441,0
47.4205,5133.26,20.4057,620,0,4298.78,27.0533,-49.4027,0,3089.86,13.7603,435,0,2086.26,14.9295,520,0,1336.06,24.1182,-93.3781,0
47.4306,5133.32,20.4101,620,0,4298.85,27.0519,-49.5526,0,3089.9,13.7632,435,0,2086.3,14.9332,520,0,1336.12,24.1152,-93.213,0
47.4407,5133.37,20.4144,620,0,4298.93,27.0505,-49.7022,0,3089.94,13.7662,435,0,2086.34,14.9368,520,0,1336.19,24.1122,-93.0464,0
47.4507,5133.43,20.4188,620,0,4299,27.0492,-49.8517,0,3089.98,13.7691,435,0,2086.38,14.9405,520,0,1336.26,24.1092,-92.8812,0
47.4608,5133.49,20.4231,620,0,4299.08,27.0478,-50.0007,0,3090.02,13.772,435,0,2086.42,14.9441,520,0,1336.33,24.1062,-92.716,0
47.4709,5133.54,20.4274,620,0,4299.15,27.0464,-50.1493,0,3090.05,13.7749,435,0,2086.46,14.9477,520,0,1336.39,24.1032,-92.5509,0
47.481,5133.6,20.4318,620,0,4299.23,27.045,-50.2976,0,3090.09,13.7779,435,0,2086.51,14.9514,520,0,1336.46,24.1002,-92.3847,0
47.4911,5133.66,20.4361,620,0,4299.31,27.0436,-50.4455,0,3090.13,13.7808,435,0,2086.55,14.955,520,0,1336.53,24.0972,-92.2171,0
47.5011,5133.71,20.4405,620,0,4299.38,27.0422,-50.5932,0,3090.17,13.7837,435,0,2086.59,14.9587,520,0,1336.59,24.0942,-92.0498,0
47.5112,5133.77,20.4448,620,0,4299.46,27.0408,-50.7405,0,3090.21,13.7867,435,0,2086.63,14.9623,520,0,1336.66,24.0912,-91.8833,0
47.5213,5133.83,20.4491,620,0,4299.53,27.0394,-50.8876,0,3090.25,13.7896,435,0,2086.67,14.9659,520,0,1336.73,24.0882,-91.7165,0
47.5313,5133.89,20.4535,620,0,4299.61,27.038,-51.0343,0,3090.28,13.7925,435,0,2086.71,14.9696,520,0,1336.79,24.0853,-91.5496,0
47.5414,5133.94,20.4578,620,0,4299.68,27.0366,-51.1806,0,3090.32,13.7954,435,0,2086.75,14.9732,520,0,1336.86,24.0823,-91.3835,0
47.5515,5134,20.4622,620,0,4299.76,27.0351,-51.3267,0,3090.36,13.7984,435,0,2086.8,14.9769,520,0,1336.93,24.0793,-91.2161,0
47.5615,5134.06,20.4665,620,0,4299.83,27.0337,-51.4725,0,3090.4,13.8013,435,0,2086.84,14.9805,520,0,1336.99,24.0764,-91.0498,0
47.5716,5134.11,20.4709,620,0,4299.91,27.0323,-51.6177,0,3090.44,13.8042,435,0,2086.88,14.9841,520,0,1337.06,24.0734,-90.8836,0
47.5818,5134.17,20.4752,620,0,4299.98,27.0309,-51.7628,0,3090.48,13.8071,435,0,2086.92,14.9878,520,0,1337.13,24.0705,-90.7173,0
47.5919,5134.23,20.4795,620,0,4300.06,27.0294,-51.9076,0,3090.51,13.8101,435,0,2086.96,14.9914,520,0,1337.2,24.0676,-90.5513,0
47.602,5134.28,20.4839,620,0,4300.13,27.028,-52.0518,0,3090.55,13.813,435,0,2087,14.9951,520,0,1337.26,24.0646,-90.3852,0
47.6121,5134.34,20.4882,620,0,4300.21,27.0265,-52.196,0,3090.59,13.8159,435,0,2087.05,14.9987,520,0,1337.33,24.0617,-90.2193,0
47.6221,5134.4,20.4926,620,0,4300.28,27.0251,-52.3396,0,3090.63,13.8189,435,0,2087.09,15.0023,520,0,1337.4,24.0588,-90.0534,0
47.6322,5134.45,20.4969,620,0,4300.36,27.0237,-52.4831,0,3090.67,13.8218,435,0,2087.13,15.006,520,0,1337.46,24.0559,-89.8877,0
47.6423,5134.51,20.5012,620,0,4300.43,27.0222,-52.6261,0,3090.71,13.8247,435,0,2087.17,15.0096,520,0,1337.53,24.053,-89.7219,0
47.6523,5134.57,20.5056,620,0,4300.51,27.0207,-52.7687,0,3090.74,13.8276,435,0,2087.21,15.0133,520,0,1337.6,24.0501,-89.556,0
47.6624,5134.62,20.5099,620,0,4300.58,27.0193,-52.9113,0,3090.78,13.8306,435,0,2087.25,15.0169,520,0,1337.66,24.0472,-89.3911,0
47.6725,5134.68,20.5143,620,0,4300.66,27.0178,-53.0533,0,3090.82,13.8335,435,0,2087.3,15.0205,520,0,1337.73,24.0443,-89.2256,0
47.6825,5134.74,20.5186,620,0,4300.73,27.0163,-53.195,0,3090.86,13.8364,435,0,2087.34,15.0242,520,0,1337.8,24.0414,-89.06,0
47.6926,5134.8,20.5229,620,0,4300.81,27.0149,-53.3364,0,3090.9,13.8393,435,0,2087.38,15.0278,520,0,1337.86,24.0385,-88.895,0
47.7027,5134.85,20.5273,620,0,4300.88,27.0134,-53.4775,0,3090.94,13.8423,435,0,2087.42,15.0315,520,0,1337.93,24.0356,-88.7299,0
47.7128,5134.91,20.5316,620,0,4300.96,27.0119,-53.6183,0,3090.97,13.8452,435,0,2087.46,15.0351,520,0,1338,24.0327,-88.5645,0
47.7228,5134.97,20.536,620,0,4301.03,27.0104,-53.7587,0,3091.01,13.8481,435,0,2087.5,15.0387,520,0,1338.06,24.0299,-88.3975,0
47.7329,5135.02,20.5403,620,0,4301.11,27.0089,-53.8988,0,3091.05,13.851,435,0,2087.55,15.0424,520,0,1338.13,24.027,-88.2321,0
47.743,5135.08,20.5446,620,0,4301.18,27.0074,-54.0386,0,3091.09,13.854,435,0,2087.59,15.046,520,0,1338.2,24.0242,-88.0667,0
47.7531,5135.14,20.549,620,0,4301.26,27.0059,-54.1779,0,3091.13,13.8569,435,0,2087.63,15.0497,520,0,1338.26,24.0213,-87.9016,0
47.7631,5135.2,20.5533,620,0,4301.33,27.0044,-54.3171,0,3091.17,13.8598,435,0,2087.67,15.0533,520,0,1338.33,24.0185,-87.7372,0
47.7732,5135.25,20.5577,620,0,4301.41,27.0029,-54.456,0,3091.21,13.8628,435,0,2087.71,15.057,520,0,1338.4,24.0156,-87.5727,0
47.7833,5135.31,20.562,620,0,4301.48,27.0014,-54.5943,0,3091.24,13.8657,435,0,2087.76,15.0606,520,0,1338.46,24.0128,-87.4073,0
47.7933,5135.37,20.5663,620,0,4301.56,26.9999,-54.7326,0,3091.28,13.8686,435,0,2087.8,15.0642,520,0,1338.53,24.01,-87.2431,0
47.8034,5135.42,20.5707,620,0,4301.63,26.9984,-54.8703,0,3091.32,13.8715,435,0,2087.84,15.0679,520,0,1338.6,24.0071,-87.0787,0
47.8136,5135.48,20.575,620,0,4301.71,26.9969,-55.0076,0,3091.36,13.8745,435,0,2087.88,15.0715,520,0,1338.66,24.0043,-86.9144,0
47.8237,5135.54,20.5794,620,0,4301.78,26.9953,-55.1449,0,3091.4,13.8774,435,0,2087.92,15.0752,520,0,1338.73,24.0015,-86.7494,0
47.8337,5135.6,20.5837,620,0,4301.86,26.9938,-55.2817,0,3091.44,13.8803,435,0,2087.97,15.0788,520,0,1338.8,23.9987,-86.586,0
47.8438,5135.65,20.5881,620,0,4301.93,26.9923,-55.4181,0,3091.48,13.8832,435,0,2088.01,15.0824,520,0,1338.86,23.9959,-86.4221,0
47.8539,5135.71,20.5924,620,0,4302.01,26.9907,-55.5543,0,3091.51,13.8862,435,0,2088.05,15.0861,520,0,1338.93,23.9931,-86.2581,0
47.8639,5135.77,20.5967,620,0,4302.08,26.9892,-55.6901,0,3091.55,13.8891,435,0,2088.09,15.0897,520,0,1339,23.9903,-86.094,0
47.874,5135.82,20.6011,620,0,4302.16,26.9877,-55.8256,0,3091.59,13.892,435,0,2088.13,15.0934,520,0,1339.06,23.9875,-85.93,0
47.8841,5135.88,20.6054,620,0,4302.23,26.9861,-55.9608,0,3091.63,13.895,435,0,2088.17,15.097,520,0,1339.13,23.9847,-85.7661,0
47.8941,5135.94,20.6098,620,0,4302.31,26.9846,-56.0957,0,3091.67,13.8979,435,0,2088.22,15.1006,520,0,1339.2,23.982,-85.603,0
47.9042,5136,20.6141,620,0,4302.38,26.983,-56.23,0,3091.71,13.9008,435,0,2088.26,15.1043,520,0,1339.26,23.9792,-85.4396,0
47.9143,5136.05,20.6184,620,0,4302.46,26.9814,-56.3643,0,3091.75,13.9037,435,0,2088.3,15.1079,520,0,1339.33,23.9764,-85.2753,0
47.9244,5136.11,20.6228,620,0,4302.53,26.9799,-56.4983,0,3091.78,13.9067,435,0,2088.34,15.1116,520,0,1339.4,23.9737,-85.1126,0
47.9344,5136.17,20.6271,620,0,4302.61,26.9783,-56.6317,0,3091.82,13.9096,435,0,2088.38,15.1152,520,0,1339.46,23.9709,-84.9496,0
47.9445,5136.22,20.6315,620,0,4302.68,26.9767,-56.7648,0,3091.86,13.9125,435,0,2088.43,15.1188,520,0,1339.53,23.9682,-84.7866,0
47.9546,5136.28,20.6358,620,0,4302.76,26.9752,-56.8978,0,3091.9,13.9154,435,0,2088.47,15.1225,520,0,1339.6,23.9654,-84.6219,0
47.9646,5136.34,20.6401,620,0,4302.83,26.9736,-57.0303,0,3091.94,13.9184,435,0,2088.51,15.1261,520,0,1339.66,23.9627,-84.4569,0
47.9747,5136.4,20.6445,620,0,4302.91,26.972,-57.1624,0,3091.98,13.9213,435,0,2088.55,15.1298,520,0,1339.73,23.9599,-84.292,0
47.9848,5136.45,20.6488,620,0,4302.98,26.9704,-57.2943,0,3092.02,13.9242,435,0,2088.59,15.1334,520,0,1339.8,23.9572,-84.1268,0
47.9949,5136.51,20.6532,620,0,4303.06,26.9688,-57.4259,0,3092.05,13.9272,435,0,2088.64,15.137,520,0,1339.86,23.9545,-83.9628,0
48.0049,5136.57,20.6575,620,0,4303.13,26.9673,-57.5571,0,3092.09,13.9301,435,0,2088.68,15.1407,520,0,1339.93,23.9518,-83.7981,0
48.015,5136.63,20.6618,620,0,4303.21,26.9657,-57.688,0,3092.13,13.933,435,0,2088.72,15.1443,520,0,1340,23.9491,-83.6334,0
48.0252,5136.68,20.6662,620,0,4303.28,26.9641,-57.8186,0,3092.17,13.9359,435,0,2088.76,15.148,520,0,1340.06,23.9464,-83.4691,0
48.0353,5136.74,20.6705,620,0,4303.36,26.9625,-57.949,0,3092.21,13.9389,435,0,2088.8,15.1516,520,0,1340.13,23.9436,-83.305,0
48.0453,5136.8,20.6749,620,0,4303.43,26.9609,-58.0787,0,3092.25,13.9418,435,0,2088.85,15.1552,520,0,1340.2,23.941,-83.1407,0
48.0554,5136.86,20.6792,620,0,4303.51,26.9592,-58.2084,0,3092.29,13.9447,435,0,2088.89,15.1589,520,0,1340.26,23.9383,-82.977,0
48.0655,5136.91,20.6835,620,0,4303.58,26.9576,-58.3376,0,3092.33,13.9476,435,0,2088.93,15.1625,520,0,1340.33,23.9356,-82.8127,0
48.0755,5136.97,20.6879,620,0,4303.66,26.956,-58.4667,0,3092.36,13.9506,435,0,2088.97,15.1662,520,0,1340.4,23.9329,-82.6492,0
48.0856,5137.03,20.6922,620,0,4303.73,26.9544,-58.5952,0,3092.4,13.9535,435,0,2089.02,15.1698,520,0,1340.46,23.9302,-82.4856,0
48.0957,5137.09,20.6966,620,0,4303.8,26.9528,-58.7234,0,3092.44,13.9564,435,0,2089.06,15.1735,520,0,1340.53,23.9276,-82.3219,0
48.1057,5137.14,20.7009,620,0,4303.88,26.9511,-58.8514,0,3092.48,13.9594,435,0,2089.1,15.1771,520,0,1340.59,23.9249,-82.1583,0
48.1158,5137.2,20.7052,620,0,4303.95,26.9495,-58.979,0,3092.52,13.9623,435,0,2089.14,15.1807,520,0,1340.66,23.9222,-81.9942,0
48.1259,5137.26,20.7096,620,0,4304.03,26.9479,-59.1063,0,3092.56,13.9652,435,0,2089.18,15.1844,520,0,1340.73,23.9196,-81.832,0
48.136,5137.32,20.7139,620,0,4304.1,26.9462,-59.2333,0,3092.6,13.9681,435,0,2089.23,15.188,520,0,1340.79,23.9169,-81.6681,0
48.1461,5137.37,20.7183,620,0,4304.18,26.9446,-59.36,0,3092.64,13.9711,435,0,2089.27,15.1917,520,0,1340.86,23.9143,-81.505,0
48.1561,5137.43,20.7226,620,0,4304.25,26.943,-59.4864,0,3092.67,13.974,435,0,2089.31,15.1953,520,0,1340.93,23.9116,-81.3417,0
48.1662,5137.49,20.727,620,0,4304.33,26.9413,-59.6122,0,3092.71,13.9769,435,0,2089.35,15.1989,520,0,1340.99,23.909,-81.1789,0
48.1763,5137.55,20.7313,620,0,4304.4,26.9397,-59.738,0,3092.75,13.9798,435,0,2089.4,15.2026,520,0,1341.06,23.9064,-81.0161,0
48.1863,5137.6,20.7356,620,0,4304.48,26.938,-59.8633,0,3092.79,13.9828,435,0,2089.44,15.2062,520,0,1341.13,23.9038,-80.8535,0
48.1964,5137.66,20.74,620,0,4304.55,26.9363,-59.9882,0,3092.83,13.9857,435,0,2089.48,15.2099,520,0,1341.19,23.9011,-80.6878,0
48.2065,5137.72,20.7443,620,0,4304.63,26.9347,-60.1131,0,3092.87,13.9886,435,0,2089.52,15.2135,520,0,1341.26,23.8985,-80.5238,0
48.2165,5137.78,20.7487,620,0,4304.7,26.933,-60.2374,0,3092.91,13.9916,435,0,2089.56,15.2171,520,0,1341.32,23.8959,-80.3592,0
48.2266,5137.83,20.753,620,0,4304.78,26.9313,-60.3614,0,3092.95,13.9945,435,0,2089.61,15.2208,520,0,1341.39,23.8933,-80.1952,0
48.2367,5137.89,20.7573,620,0,4304.85,26.9297,-60.4851,0,3092.99,13.9974,435,0,2089.65,15.2244,520,0,1341.46,23.8907,-80.0308,0
48.2468,5137.95,20.7617,620,0,4304.93,26.928,-60.6085,0,3093.02,14.0003,435,0,2089.69,15.2281,520,0,1341.52,23.8881,-79.8671,0
48.2568,5138.01,20.766,620,0,4305,26.9263,-60.7314,0,3093.06,14.0033,435,0,2089.73,15.2317,520,0,1341.59,23.8856,-79.7025,0
48.2669,5138.07,20.7704,620,0,4305.08,26.9246,-60.8542,0,3093.1,14.0062,435,0,2089.78,15.2353,520,0,1341.66,23.883,-79.5386,0
48.277,5138.12,20.7747,620,0,4305.15,26.9229,-60.9765,0,3093.14,14.0091,435,0,2089.82,15.239,520,0,1341.72,23.8804,-79.3747,0
48.2871,5138.18,20.779,620,0,4305.23,26.9213,-61.0987,0,3093.18,14.012,435,0,2089.86,15.2426,520,0,1341.79,23.8778,-79.2114,0
48.2971,5138.24,20.7834,620,0,4305.3,26.9196,-61.2203,0,3093.22,14.015,435,0,2089.9,15.2463,520,0,1341.86,23.8753,-79.0473,0
48.3072,5138.3,20.7877,620,0,4305.38,26.9179,-61.3419,0,3093.26,14.0179,435,0,2089.95,15.2499,520,0,1341.92,23.8727,-78.884,0
48.3173,5138.35,20.7921,620,0,4305.45,26.9162,-61.4629,0,3093.3,14.0208,435,0,2089.99,15.2535,520,0,1341.99,23.8702,-78.7206,0
48.3273,5138.41,20.7964,620,0,4305.53,26.9145,-61.5837,0,3093.34,14.0237,435,0,2090.03,15.2572,520,0,1342.05,23.8676,-78.5572,0
48.3375,5138.47,20.8007,620,0,4305.6,26.9128,-61.7041,0,3093.37,14.0267,435,0,2090.07,15.2608,520,0,1342.12,23.8651,-78.3945,0
48.3475,5138.53,20.8051,620,0,4305.68,26.9111,-61.8243,0,3093.41,14.0296,435,0,2090.11,15.2645,520,0,1342.19,23.8625,-78.2309,0
48.3576,5138.59,20.8094,620,0,4305.75,26.9093,-61.9439,0,3093.45,14.0325,435,0,2090.16,15.2681,520,0,1342.25,23.86,-78.068,0
48.3677,5138.64,20.8138,620,0,4305.82,26.9076,-62.0634,0,3093.49,14.0355,435,0,2090.2,15.2717,520,0,1342.32,23.8575,-77.905,0
48.3778,5138.7,20.8181,620,0,4305.9,26.9059,-62.1827,0,3093.53,14.0384,435,0,2090.24,15.2754,520,0,1342.39,23.8549,-77.7421,0
48.3879,5138.76,20.8224,620,0,4305.97,26.9042,-62.3014,0,3093.57,14.0413,435,0,2090.28,15.279,520,0,1342.45,23.8524,-77.5797,0
48.3979,5138.82,20.8268,620,0,4306.05,26.9025,-62.4198,0,3093.61,14.0442,435,0,2090.33,15.2827,520,0,1342.52,23.8499,-77.4168,0
48.4081,5138.87,20.8311,620,0,4306.12,26.9007,-62.5381,0,3093.65,14.0472,435,0,2090.37,15.2863,520,0,1342.58,23.8474,-77.2547,0
48.4181,5138.93,20.8355,620,0,4306.2,26.899,-62.6559,0,3093.69,14.0501,435,0,2090.41,15.29,520,0,1342.65,23.8449,-77.0927,0
48.4282,5138.99,20.8398,620,0,4306.27,26.8973,-62.7734,0,3093.73,14.053,435,0,2090.45,15.2936,520,0,1342.72,23.8424,-76.9279,0
48.4383,5139.05,20.8442,620,0,4306.35,26.8955,-62.8906,0,3093.76,14.0559,435,0,2090.5,15.2972,520,0,1342.78,23.8399,-76.7639,0
48.4483,5139.11,20.8485,620,0,4306.42,26.8938,-63.0075,0,3093.8,14.0589,435,0,2090.54,15.3009,520,0,1342.85,23.8374,-76.6002,0
48.4584,5139.16,20.8528,620,0,4306.5,26.892,-63.1239,0,3093.84,14.0618,435,0,2090.58,15.3045,520,0,1342.92,23.835,-76.4366,0
48.4685,5139.22,20.8572,620,0,4306.57,26.8903,-63.2402,0,3093.88,14.0647,435,0,2090.62,15.3082,520,0,1342.98,23.8325,-76.2724,0
48.4786,5139.28,20.8615,620,0,4306.65,26.8885,-63.3559,0,3093.92,14.0677,435,0,2090.67,15.3118,520,0,1343.05,23.83,-76.1087,0
48.4887,5139.34,20.8659,620,0,4306.72,26.8868,-63.4716,0,3093.96,14.0706,435,0,2090.71,15.3154,520,0,1343.11,23.8276,-75.9447,0
48.4988,5139.4,20.8702,620,0,4306.8,26.885,-63.5868,0,3094,14.0735,435,0,2090.75,15.3191,520,0,1343.18,23.8251,-75.781,0
48.5089,5139.45,20.8745,620,0,4306.87,26.8833,-63.7016,0,3094.04,14.0764,435,0,2090.79,15.3227,520,0,1343.25,23.8227,-75.618,0
48.519,5139.51,20.8789,620,0,4306.95,26.8815,-63.8162,0,3094.08,14.0794,435,0,2090.84,15.3264,520,0,1343.31,23.8202,-75.4549,0
48.5291,5139.57,20.8832,620,0,4307.02,26.8797,-63.9305,0,3094.12,14.0823,435,0,2090.88,15.33,520,0,1343.38,23.8178,-75.2917,0
48.5392,5139.63,20.8876,620,0,4307.09,26.878,-64.0444,0,3094.16,14.0852,435,0,2090.92,15.3336,520,0,1343.45,23.8153,-75.1286,0
48.5493,5139.69,20.8919,620,0,4307.17,26.8762,-64.1581,0,3094.19,14.0881,435,0,2090.96,15.3373,520,0,1343.51,23.8129,-74.9651,0
48.5593,5139.74,20.8962,620,0,4307.24,26.8744,-64.2715,0,3094.23,14.0911,435,0,2091.01,15.3409,520,0,1343.58,23.8105,-74.8023,0
48.5694,5139.8,20.9006,620,0,4307.32,26.8726,-64.3843,0,3094.27,14.094,435,0,2091.05,15.3446,520,0,1343.64,23.808,-74.6398,0
48.5795,5139.86,20.9049,620,0,4307.39,26.8708,-64.4969,0,3094.31,14.0969,435,0,2091.09,15.3482,520,0,1343.71,23.8056,-74.4774,0
48.5895,5139.92,20.9093,620,0,4307.47,26.8691,-64.6094,0,3094.35,14.0999,435,0,2091.14,15.3518,520,0,1343.78,23.8032,-74.3151,0
48.5996,5139.98,20.9136,620,0,4307.54,26.8673,-64.7213,0,3094.39,14.1028,435,0,2091.18,15.3555,520,0,1343.84,23.8008,-74.1527,0
48.6097,5140.03,20.9179,620,0,4307.62,26.8655,-64.833,0,3094.43,14.1057,435,0,2091.22,15.3591,520,0,1343.91,23.7984,-73.99,0
48.6197,5140.09,20.9223,620,0,4307.69,26.8637,-64.9443,0,3094.47,14.1086,435,0,2091.26,15.3628,520,0,1343.97,23.796,-73.8281,0
48.6301,5140.15,20.9266,620,0,4307.77,26.8619,-65.0554,0,3094.51,14.1116,435,0,2091.31,15.3664,520,0,1344.04,23.7936,-73.666,0
48.6401,5140.21,20.931,620,0,4307.84,26.8601,-65.1659,0,3094.55,14.1145,435,0,2091.35,15.37,520,0,1344.11,23.7912,-73.5037,0
48.6502,5140.27,20.9353,620,0,4307.92,26.8583,-65.2764,0,3094.59,14.1174,435,0,2091.39,15.3737,520,0,1344.17,23.7889,-73.3416,0
48.6603,5140.32,20.9396,620,0,4307.99,26.8565,-65.3863,0,3094.63,14.1203,435,0,2091.43,15.3773,520,0,1344.24,23.7865,-73.1795,0
48.6703,5140.38,20.944,620,0,4308.06,26.8547,-65.4962,0,3094.67,14.1233,435,0,2091.48,15.381,520,0,1344.3,23.7841,-73.0156,0
48.6805,5140.44,20.9483,620,0,4308.14,26.8528,-65.6055,0,3094.7,14.1262,435,0,2091.52,15.3846,520,0,1344.37,23.7818,-72.8521,0
48.6906,5140.5,20.9527,620,0,4308.21,26.851,-65.7145,0,3094.74,14.1291,435,0,2091.56,15.3882,520,0,1344.44,23.7794,-72.689,0
48.7007,5140.56,20.957,620,0,4308.29,26.8492,-65.8233,0,3094.78,14.1321,435,0,2091.61,15.3919,520,0,1344.5,23.7771,-72.5255,0
48.7107,5140.62,20.9614,620,0,4308.36,26.8474,-65.9318,0,3094.82,14.135,435,0,2091.65,15.3955,520,0,1344.57,23.7747,-72.3623,0
48.7208,5140.67,20.9657,620,0,4308.44,26.8456,-66.0399,0,3094.86,14.1379,435,0,2091.69,15.3992,520,0,1344.63,23.7724,-72.1993,0
48.7309,5140.73,20.97,620,0,4308.51,26.8437,-66.1476,0,3094.9,14.1408,435,0,2091.73,15.4028,520,0,1344.7,23.77,-72.0366,0
48.7409,5140.79,20.9744,620,0,4308.59,26.8419,-66.2551,0,3094.94,14.1438,435,0,2091.78,15.4065,520,0,1344.77,23.7677,-71.8733,0
48.751,5140.85,20.9787,620,0,4308.66,26.8401,-66.3622,0,3094.98,14.1467,435,0,2091.82,15.4101,520,0,1344.83,23.7654,-71.7109,0
48.7611,5140.91,20.9831,620,0,4308.74,26.8382,-66.4689,0,3095.02,14.1496,435,0,2091.86,15.4137,520,0,1344.9,23.7631,-71.5478,0
48.7713,5140.97,20.9874,620,0,4308.81,26.8364,-66.5754,0,3095.06,14.1525,435,0,2091.9,15.4174,520,0,1344.97,23.7607,-71.3854,0
48.7814,5141.02,20.9917,620,0,4308.88,26.8345,-66.6815,0,3095.1,14.1555,435,0,2091.95,15.421,520,0,1345.03,23.7584,-71.2228,0
48.7914,5141.08,20.9961,620,0,4308.96,26.8327,-66.7874,0,3095.14,14.1584,435,0,2091.99,15.4247,520,0,1345.1,23.7561,-71.0606,0
48.8015,5141.14,21.0004,620,0,4309.03,26.8308,-66.893,0,3095.18,14.1613,435,0,2092.03,15.4283,520,0,1345.16,23.7538,-70.898,0
48.8116,5141.2,21.0048,620,0,4309.11,26.829,-66.998,0,3095.22,14.1642,435,0,2092.08,15.4319,520,0,1345.23,23.7515,-70.7367,0
48.8217,5141.26,21.0091,620,0,4309.18,26.8271,-67.103,0,3095.25,14.1672,435,0,2092.12,15.4356,520,0,1345.29,23.7492,-70.5746,0
48.8317,5141.32,21.0134,620,0,4309.26,26.8253,-67.2075,0,3095.29,14.1701,435,0,2092.16,15.4392,520,0,1345.36,23.747,-70.4129,0
48.8418,5141.37,21.0178,620,0,4309.33,26.8234,-67.3119,0,3095.33,14.173,435,0,2092.2,15.4429,520,0,1345.43,23.7447,-70.2506,0
48.8519,5141.43,21.0221,620,0,4309.41,26.8215,-67.4158,0,3095.37,14.176,435,0,2092.25,15.4465,520,0,1345.49,23.7424,-70.0891,0
48.862,5141.49,21.0265,620,0,4309.48,26.8197,-67.5194,0,3095.41,14.1789,435,0,2092.29,15.4501,520,0,1345.56,23.7401,-69.9274,0
48.872,5141.55,21.0308,620,0,4309.56,26.8178,-67.6224,0,3095.45,14.1818,435,0,2092.33,15.4538,520,0,1345.62,23.7379,-69.7666,0
48.8821,5141.61,21.0351,620,0,4309.63,26.8159,-67.7254,0,3095.49,14.1847,435,0,2092.38,15.4574,520,0,1345.69,23.7356,-69.6045,0
48.8922,5141.67,21.0395,620,0,4309.7,26.8141,-67.8281,0,3095.53,14.1877,435,0,2092.42,15.4611,520,0,1345.76,23.7334,-69.4435,0
48.9022,5141.72,21.0438,620,0,4309.78,26.8122,-67.9303,0,3095.57,14.1906,435,0,2092.46,15.4647,520,0,1345.82,23.7311,-69.2805,0
48.9123,5141.78,21.0482,620,0,4309.85,26.8103,-68.0322,0,3095.61,14.1935,435,0,2092.51,15.4683,520,0,1345.89,23.7289,-69.1176,0
48.9224,5141.84,21.0525,620,0,4309.93,26.8084,-68.1341,0,3095.65,14.1964,435,0,2092.55,15.472,520,0,1345.95,23.7266,-68.9548,0
48.9324,5141.9,21.0568,620,0,4310,26.8065,-68.2354,0,3095.69,14.1994,435,0,2092.59,15.4756,520,0,1346.02,23.7244,-68.7924,0
48.9425,5141.96,21.0612,620,0,4310.08,26.8046,-68.3364,0,3095.73,14.2023,435,0,2092.63,15.4793,520,0,1346.09,23.7222,-68.629,0
48.9526,5142.02,21.0655,620,0,4310.15,26.8027,-68.4369,0,3095.77,14.2052,435,0,2092.68,15.4829,520,0,1346.15,23.72,-68.4673,0
48.9627,5142.08,21.0699,620,0,4310.23,26.8009,-68.5374,0,3095.81,14.2082,435,0,2092.72,15.4865,520,0,1346.22,23.7177,-68.3061,0
48.9727,5142.13,21.0742,620,0,4310.3,26.799,-68.6373,0,3095.85,14.2111,435,0,2092.76,15.4902,520,0,1346.28,23.7155,-68.1453,0
48.9828,5142.19,21.0786,620,0,4310.37,26.7971,-68.7371,0,3095.89,14.214,435,0,2092.81,15.4938,520,0,1346.35,23.7133,-67.9844,0
48.9929,5142.25,21.0829,620,0,4310.45,26.7952,-68.8365,0,3095.92,14.2169,435,0,2092.85,15.4975,520,0,1346.42,23.7111,-67.8238,0
49.003,5142.31,21.0872,620,0,4310.52,26.7932,-68.9355,0,3095.96,14.2199,435,0,2092.89,15.5011,520,0,1346.48,23.7089,-67.6631,0
49.013,5142.37,21.0916,620,0,4310.6,26.7913,-69.0343,0,3096,14.2228,435,0,2092.94,15.5047,520,0,1346.55,23.7068,-67.5026,0
49.0233,5142.43,21.0959,620,0,4310.67,26.7894,-69.1328,0,3096.04,14.2257,435,0,2092.98,15.5084,520,0,1346.61,23.7046,-67.3421,0
49.0341,5142.49,21.1003,620,0,4310.75,26.7875,-69.2309,0,3096.08,14.2286,435,0,2093.02,15.512,520,0,1346.68,23.7024,-67.182,0
49.0441,5142.54,21.1046,620,0,4310.82,26.7856,-69.3286,0,3096.12,14.2316,435,0,2093.06,15.5157,520,0,1346.74,23.7002,-67.0216,0
49.0543,5142.6,21.1089,620,0,4310.9,26.7837,-69.4262,0,3096.16,14.2345,435,0,2093.11,15.5193,520,0,1346.81,23.698,-66.8615,0
49.0644,5142.66,21.1133,620,0,4310.97,26.7818,-69.5233,0,3096.2,14.2374,435,0,2093.15,15.5229,520,0,1346.88,23.6959,-66.7017,0
49.0744,5142.72,21.1176,620,0,4311.04,26.7798,-69.6201,0,3096.24,14.2404,435,0,2093.19,15.5266,520,0,1346.94,23.6937,-66.5414,0
49.0845,5142.78,21.122,620,0,4311.12,26.7779,-69.7166,0,3096.28,14.2433,435,0,2093.24,15.5302,520,0,1347.01,23.6916,-66.3823,0
49.0946,5142.84,21.1263,620,0,4311.19,26.776,-69.8128,0,3096.32,14.2462,435,0,2093.28,15.5339,520,0,1347.07,23.6894,-66.2224,0
49.105,5142.9,21.1306,620,0,4311.27,26.774,-69.9088,0,3096.36,14.2491,435,0,2093.32,15.5375,520,0,1347.14,23.6873,-66.0631,0
49.115,5142.95,21.135,620,0,4311.34,26.7721,-70.0042,0,3096.4,14.2521,435,0,2093.37,15.5412,520,0,1347.21,23.6851,-65.9032,0
49.1251,5143.01,21.1393,620,0,4311.42,26.7702,-70.0993,0,3096.44,14.255,435,0,2093.41,15.5448,520,0,1347.27,23.683,-65.7442,0
49.1352,5143.07,21.1437,620,0,4311.49,26.7682,-70.1944,0,3096.48,14.2579,435,0,2093.45,15.5484,520,0,1347.34,23.6809,-65.5838,0
49.1453,5143.13,21.148,620,0,4311.56,26.7663,-70.2889,0,3096.52,14.2608,435,0,2093.5,15.5521,520,0,1347.4,23.6788,-65.4227,0
49.1554,5143.19,21.1523,620,0,4311.64,26.7643,-70.3832,0,3096.56,14.2638,435,0,2093.54,15.5557,520,0,1347.47,23.6766,-65.2615,0
49.1654,5143.25,21.1567,620,0,4311.71,26.7624,-70.4772,0,3096.6,14.2667,435,0,2093.58,15.5594,520,0,1347.53,23.6745,-65.1006,0
49.1755,5143.31,21.161,620,0,4311.79,26.7604,-70.5707,0,3096.64,14.2696,435,0,2093.63,15.563,520,0,1347.6,23.6724,-64.9396,0
49.1856,5143.37,21.1654,620,0,4311.86,26.7585,-70.6641,0,3096.68,14.2726,435,0,2093.67,15.5666,520,0,1347.67,23.6703,-64.7796,0
49.1956,5143.42,21.1697,620,0,4311.94,26.7565,-70.757,0,3096.72,14.2755,435,0,2093.71,15.5703,520,0,1347.73,23.6682,-64.619,0
49.2058,5143.48,21.174,620,0,4312.01,26.7546,-70.8498,0,3096.76,14.2784,435,0,2093.76,15.5739,520,0,1347.8,23.6661,-64.4581,0
49.2159,5143.54,21.1784,620,0,4312.09,26.7526,-70.9421,0,3096.8,14.2813,435,0,2093.8,15.5776,520,0,1347.86,23.6641,-64.2978,0
49.226,5143.6,21.1827,620,0,4312.16,26.7506,-71.0342,0,3096.84,14.2843,435,0,2093.84,15.5812,520,0,1347.93,23.662,-64.1381,0
49.236,5143.66,21.1871,620,0,4312.23,26.7487,-71.1259,0,3096.88,14.2872,435,0,2093.89,15.5848,520,0,1347.99,23.6599,-63.978,0
49.2461,5143.72,21.1914,620,0,4312.31,26.7467,-71.2171,0,3096.91,14.2901,435,0,2093.93,15.5885,520,0,1348.06,23.6578,-63.8185,0
49.2562,5143.78,21.1958,620,0,4312.38,26.7447,-71.3083,0,3096.95,14.293,435,0,2093.97,15.5921,520,0,1348.13,23.6558,-63.6584,0
49.2662,5143.84,21.2001,620,0,4312.46,26.7428,-71.399,0,3096.99,14.296,435,0,2094.02,15.5958,520,0,1348.19,23.6537,-63.4987,0
49.2763,5143.9,21.2044,620,0,4312.53,26.7408,-71.4894,0,3097.03,14.2989,435,0,2094.06,15.5994,520,0,1348.26,23.6517,-63.3388,0
49.2864,5143.95,21.2088,620,0,4312.61,26.7388,-71.5795,0,3097.07,14.3018,435,0,2094.1,15.603,520,0,1348.32,23.6496,-63.1795,0
49.2964,5144.01,21.2131,620,0,4312.68,26.7368,-71.6693,0,3097.11,14.3048,435,0,2094.15,15.6067,520,0,1348.39,23.6476,-63.0199,0
49.3065,5144.07,21.2175,620,0,4312.75,26.7348,-71.7588,0,3097.15,14.3077,435,0,2094.19,15.6103,520,0,1348.45,23.6455,-62.8611,0
49.3166,5144.13,21.2218,620,0,4312.83,26.7328,-71.8481,0,3097.19,14.3106,435,0,2094.23,15.614,520,0,1348.52,23.6435,-62.7015,0
49.3266,5144.19,21.2261,620,0,4312.9,26.7309,-71.9368,0,3097.23,14.3135,435,0,2094.28,15.6176,520,0,1348.59,23.6415,-62.5424,0
49.3367,5144.25,21.2305,620,0,4312.98,26.7289,-72.0252,0,3097.27,14.3165,435,0,2094.32,15.6212,520,0,1348.65,23.6394,-62.3835,0
49.3468,5144.31,21.2348,620,0,4313.05,26.7269,-72.1136,0,3097.31,14.3194,435,0,2094.36,15.6249,520,0,1348.72,23.6374,-62.2256,0
49.3568,5144.37,21.2392,620,0,4313.12,26.7249,-72.2015,0,3097.35,14.3223,435,0,2094.41,15.6285,520,0,1348.78,23.6354,-62.0668,0
49.3669,5144.43,21.2435,620,0,4313.2,26.7229,-72.2889,0,3097.39,14.3252,435,0,2094.45,15.6322,520,0,1348.85,23.6334,-61.9069,0
49.377,5144.49,21.2478,620,0,4313.27,26.7209,-72.3762,0,3097.43,14.3282,435,0,2094.49,15.6358,520,0,1348.91,23.6314,-61.7463,0
49.3871,5144.54,21.2522,620,0,4313.35,26.7189,-72.4632,0,3097.47,14.3311,435,0,2094.54,15.6394,520,0,1348.98,23.6294,-61.5864,0
49.3971,5144.6,21.2565,620,0,4313.42,26.7169,-72.5498,0,3097.51,14.334,435,0,2094.58,15.6431,520,0,1349.05,23.6274,-61.4263,0
49.4072,5144.66,21.2609,620,0,4313.5,26.7149,-72.636,0,3097.55,14.3369,435,0,2094.62,15.6467,520,0,1349.11,23.6254,-61.2666,0
49.4173,5144.72,21.2652,620,0,4313.57,26.7128,-72.722,0,3097.59,14.3399,435,0,2094.67,15.6504,520,0,1349.18,23.6234,-61.106,0
49.4274,5144.78,21.2695,620,0,4313.64,26.7108,-72.8076,0,3097.63,14.3428,435,0,2094.71,15.654,520,0,1349.24,23.6215,-60.9461,0
49.4375,5144.84,21.2739,620,0,4313.72,26.7088,-72.893,0,3097.67,14.3457,435,0,2094.75,15.6577,520,0,1349.31,23.6195,-60.7867,0
49.4475,5144.9,21.2782,620,0,4313.79,26.7068,-72.9781,0,3097.71,14.3487,435,0,2094.8,15.6613,520,0,1349.37,23.6175,-60.6272,0
49.4576,5144.96,21.2826,620,0,4313.87,26.7048,-73.0628,0,3097.75,14.3516,435,0,2094.84,15.6649,520,0,1349.44,23.6156,-60.4678,0
49.4677,5145.02,21.2869,620,0,4313.94,26.7028,-73.1471,0,3097.79,14.3545,435,0,2094.88,15.6686,520,0,1349.5,23.6136,-60.3083,0
49.4777,5145.08,21.2912,620,0,4314.02,26.7007,-73.2314,0,3097.83,14.3574,435,0,2094.93,15.6722,520,0,1349.57,23.6117,-60.1484,0
49.4878,5145.14,21.2956,620,0,4314.09,26.6987,-73.3151,0,3097.87,14.3604,435,0,2094.97,15.6759,520,0,1349.64,23.6097,-59.9894,0
49.4979,5145.19,21.2999,620,0,4314.16,26.6967,-73.3984,0,3097.91,14.3633,435,0,2095.01,15.6795,520,0,1349.7,23.6078,-59.8302,0
49.5079,5145.25,21.3043,620,0,4314.24,26.6946,-73.4816,0,3097.95,14.3662,435,0,2095.06,15.6831,520,0,1349.77,23.6058,-59.671,0
49.5181,5145.31,21.3086,620,0,4314.31,26.6926,-73.5645,0,3097.99,14.3691,435,0,2095.1,15.6868,520,0,1349.83,23.6039,-59.513,0
49.5281,5145.37,21.313,620,0,4314.39,26.6906,-73.6469,0,3098.03,14.3721,435,0,2095.15,15.6904,520,0,1349.9,23.602,-59.3544,0
49.5382,5145.43,21.3173,620,0,4314.46,26.6885,-73.729,0,3098.07,14.375,435,0,2095.19,15.6941,520,0,1349.96,23.6001,-59.1957,0
49.5483,5145.49,21.3216,620,0,4314.53,26.6865,-73.8109,0,3098.11,14.3779,435,0,2095.23,15.6977,520,0,1350.03,23.5981,-59.0373,0
49.5583,5145.55,21.326,620,0,4314.61,26.6845,-73.8925,0,3098.15,14.3809,435,0,2095.28,15.7013,520,0,1350.09,23.5962,-58.8795,0
49.5684,5145.61,21.3303,620,0,4314.68,26.6824,-73.9738,0,3098.19,14.3838,435,0,2095.32,15.705,520,0,1350.16,23.5943,-58.7205,0
49.5785,5145.67,21.3347,620,0,4314.76,26.6804,-74.0546,0,3098.23,14.3867,435,0,2095.36,15.7086,520,0,1350.23,23.5924,-58.5625,0
49.5885,5145.73,21.339,620,0,4314.83,26.6783,-74.1353,0,3098.27,14.3896,435,0,2095.41,15.7123,520,0,1350.29,23.5905,-58.4046,0
49.5986,5145.79,21.3433,620,0,4314.9,26.6763,-74.2155,0,3098.31,14.3926,435,0,2095.45,15.7159,520,0,1350.36,23.5886,-58.2468,0
49.6087,5145.85,21.3477,620,0,4314.98,26.6742,-74.2955,0,3098.35,14.3955,435,0,2095.49,15.7195,520,0,1350.42,23.5868,-58.0871,0
49.6187,5145.91,21.352,620,0,4315.05,26.6721,-74.3752,0,3098.39,14.3984,435,0,2095.54,15.7232,520,0,1350.49,23.5849,-57.9279,0
49.6288,5145.96,21.3564,620,0,4315.13,26.6701,-74.4543,0,3098.43,14.4013,435,0,2095.58,15.7268,520,0,1350.55,23.583,-57.7682,0
49.6389,5146.02,21.3607,620,0,4315.2,26.668,-74.5335,0,3098.47,14.4043,435,0,2095.63,15.7305,520,0,1350.62,23.5811,-57.6088,0
49.6489,5146.08,21.365,620,0,4315.28,26.666,-74.6121,0,3098.51,14.4072,435,0,2095.67,15.7341,520,0,1350.68,23.5793,-57.4497,0
49.659,5146.14,21.3694,620,0,4315.35,26.6639,-74.6904,0,3098.55,14.4101,435,0,2095.71,15.7377,520,0,1350.75,23.5774,-57.2913,0
49.6691,5146.2,21.3737,620,0,4315.42,26.6618,-74.7687,0,3098.59,14.4131,435,0,2095.76,15.7414,520,0,1350.82,23.5756,-57.1315,0
49.6791,5146.26,21.3781,620,0,4315.5,26.6598,-74.8463,0,3098.63,14.416,435,0,2095.8,15.745,520,0,1350.88,23.5737,-56.9726,0
49.6892,5146.32,21.3824,620,0,4315.57,26.6577,-74.9238,0,3098.67,14.4189,435,0,2095.84,15.7487,520,0,1350.95,23.5719,-56.8138,0
49.6993,5146.38,21.3867,620,0,4315.65,26.6556,-75.001,0,3098.71,14.4218,435,0,2095.89,15.7523,520,0,1351.01,23.57,-56.6551,0
49.7094,5146.44,21.3911,620,0,4315.72,26.6535,-75.0777,0,3098.75,14.4248,435,0,2095.93,15.7559,520,0,1351.08,23.5682,-56.497,0
49.7194,5146.5,21.3954,620,0,4315.79,26.6515,-75.1542,0,3098.79,14.4277,435,0,2095.98,15.7596,520,0,1351.14,23.5664,-56.3383,0
49.7295,5146.56,21.3998,620,0,4315.87,26.6494,-75.2303,0,3098.83,14.4306,435,0,2096.02,15.7632,520,0,1351.21,23.5646,-56.1799,0
49.7396,5146.62,21.4041,620,0,4315.94,26.6473,-75.3062,0,3098.87,14.4335,435,0,2096.06,15.7669,520,0,1351.27,23.5627,-56.0224,0
49.7497,5146.68,21.4084,620,0,4316.02,26.6452,-75.3819,0,3098.91,14.4365,435,0,2096.11,15.7705,520,0,1351.34,23.5609,-55.8642,0
49.7597,5146.74,21.4128,620,0,4316.09,26.6431,-75.457,0,3098.95,14.4394,435,0,2096.15,15.7742,520,0,1351.4,23.5591,-55.7062,0
49.7698,5146.8,21.4171,620,0,4316.16,26.641,-75.532,0,3098.99,14.4423,435,0,2096.19,15.7778,520,0,1351.47,23.5573,-55.5481,0
49.78,5146.86,21.4215,620,0,4316.24,26.639,-75.6066,0,3099.03,14.4453,435,0,2096.24,15.7814,520,0,1351.54,23.5555,-55.3908,0
49.7901,5146.92,21.4258,620,0,4316.31,26.6369,-75.6809,0,3099.07,14.4482,435,0,2096.28,15.7851,520,0,1351.6,23.5537,-55.2333,0
49.8001,5146.98,21.4302,620,0,4316.39,26.6348,-75.7549,0,3099.11,14.4511,435,0,2096.33,15.7887,520,0,1351.67,23.5519,-55.0755,0
49.8102,5147.03,21.4345,620,0,4316.46,26.6327,-75.8287,0,3099.15,14.454,435,0,2096.37,15.7924,520,0,1351.73,23.5502,-54.9181,0
49.8203,5147.09,21.4388,620,0,4316.53,26.6306,-75.9019,0,3099.19,14.457,435,0,2096.41,15.796,520,0,1351.8,23.5484,-54.7614,0
49.8303,5147.15,21.4432,620,0,4316.61,26.6285,-75.9749,0,3099.23,14.4599,435,0,2096.46,15.7996,520,0,1351.86,23.5466,-54.6042,0
49.8404,5147.21,21.4475,620,0,4316.68,26.6264,-76.0478,0,3099.27,14.4628,435,0,2096.5,15.8033,520,0,1351.93,23.5449,-54.4464,0
49.8506,5147.27,21.4519,620,0,4316.76,26.6243,-76.1202,0,3099.31,14.4657,435,0,2096.55,15.8069,520,0,1351.99,23.5431,-54.2869,0
49.8606,5147.33,21.4562,620,0,4316.83,26.6222,-76.1921,0,3099.35,14.4687,435,0,2096.59,15.8106,520,0,1352.06,23.5413,-54.128,0
49.8707,5147.39,21.4605,620,0,4316.9,26.62,-76.264,0,3099.39,14.4716,435,0,2096.63,15.8142,520,0,1352.12,23.5396,-53.9694,0
49.8808,5147.45,21.4649,620,0,4316.98,26.6179,-76.3354,0,3099.43,14.4745,435,0,2096.68,15.8178,520,0,1352.19,23.5378,-53.8113,0
49.8909,5147.51,21.4692,620,0,4317.05,26.6158,-76.4067,0,3099.47,14.4774,435,0,2096.72,15.8215,520,0,1352.25,23.5361,-53.653,0
49.901,5147.57,21.4736,620,0,4317.13,26.6137,-76.4775,0,3099.51,14.4804,435,0,2096.77,15.8251,520,0,1352.32,23.5344,-53.4947,0
49.911,5147.63,21.4779,620,0,4317.2,26.6116,-76.5481,0,3099.55,14.4833,435,0,2096.81,15.8288,520,0,1352.39,23.5326,-53.3364,0
49.9211,5147.69,21.4822,620,0,4317.27,26.6095,-76.6184,0,3099.59,14.4862,435,0,2096.85,15.8324,520,0,1352.45,23.5309,-53.179,0
49.9312,5147.75,21.4866,620,0,4317.35,26.6074,-76.6881,0,3099.63,14.4892,435,0,2096.9,15.836,520,0,1352.52,23.5292,-53.0211,0
49.9412,5147.81,21.4909,620,0,4317.42,26.6052,-76.7579,0,3099.67,14.4921,435,0,2096.94,15.8397,520,0,1352.58,23.5275,-52.8638,0
49.9513,5147.87,21.4953,620,0,4317.49,26.6031,-76.8271,0,3099.71,14.495,435,0,2096.99,15.8433,520,0,1352.65,23.5258,-52.7059,0
49.9614,5147.93,21.4996,620,0,4317.57,26.601,-76.8961,0,3099.75,14.4979,435,0,2097.03,15.847,520,0,1352.71,23.5241,-52.5488,0
49.9715,5147.99,21.5039,620,0,4317.64,26.5989,-76.9648,0,3099.79,14.5009,435,0,2097.07,15.8506,520,0,1352.78,23.5224,-52.3908,0
49.9815,5148.05,21.5083,620,0,4317.72,26.5967,-77.0332,0,3099.83,14.5038,435,0,2097.12,15.8542,520,0,1352.84,23.5207,-52.2342,0
49.9916,5148.11,21.5126,620,0,4317.79,26.5946,-77.1011,0,3099.87,14.5067,435,0,2097.16,15.8579,520,0,1352.91,23.519,-52.0772,0
50.0017,5148.17,21.517,620,0,4317.86,26.5925,-77.1688,0,3099.92,14.5096,435,0,2097.21,15.8615,520,0,1352.97,23.5173,-51.9203,0
50.0117,5148.23,21.5213,620,0,4317.94,26.5903,-77.2364,0,3099.96,14.5126,435,0,2097.25,15.8652,520,0,1353.04,23.5156,-51.7631,0
50.0218,5148.29,21.5256,620,0,4318.01,26.5882,-77.3035,0,3100,14.5155,435,0,2097.29,15.8688,520,0,1353.1,23.5139,-51.6066,0
50.0319,5148.35,21.53,620,0,4318.09,26.586,-77.3701,0,3100.04,14.5184,435,0,2097.34,15.8724,520,0,1353.17,23.5123,-51.4499,0
50.042,5148.41,21.5343,620,0,4318.16,26.5839,-77.4367,0,3100.08,14.5214,435,0,2097.38,15.8761,520,0,1353.23,23.5106,-51.2939,0
50.052,5148.47,21.5387,620,0,4318.23,26.5818,-77.5027,0,3100.12,14.5243,435,0,2097.43,15.8797,520,0,1353.3,23.509,-51.1371,0
50.0621,5148.53,21.543,620,0,4318.31,26.5796,-77.5688,0,3100.16,14.5272,435,0,2097.47,15.8834,520,0,1353.37,23.5073,-50.9809,0
50.0722,5148.59,21.5474,620,0,4318.38,26.5775,-77.6343,0,3100.2,14.5301,435,0,2097.51,15.887,520,0,1353.43,23.5057,-50.8243,0
50.0822,5148.65,21.5517,620,0,4318.45,26.5753,-77.6996,0,3100.24,14.5331,435,0,2097.56,15.8907,520,0,1353.5,23.504,-50.666,0
50.0923,5148.71,21.556,620,0,4318.53,26.5732,-77.7646,0,3100.28,14.536,435,0,2097.6,15.8943,520,0,1353.56,23.5024,-50.5086,0
50.1024,5148.77,21.5604,620,0,4318.6,26.571,-77.8291,0,3100.32,14.5389,435,0,2097.65,15.8979,520,0,1353.63,23.5007,-50.3512,0
50.1124,5148.83,21.5647,620,0,4318.68,26.5689,-77.8933,0,3100.36,14.5418,435,0,2097.69,15.9016,520,0,1353.69,23.4991,-50.1935,0
50.1225,5148.89,21.5691,620,0,4318.75,26.5667,-77.9575,0,3100.4,14.5448,435,0,2097.73,15.9052,520,0,1353.76,23.4975,-50.0355,0
50.1326,5148.95,21.5734,620,0,4318.82,26.5646,-78.0212,0,3100.44,14.5477,435,0,2097.78,15.9089,520,0,1353.82,23.4959,-49.8789,0
50.1427,5149.01,21.5777,620,0,4318.9,26.5624,-78.0844,0,3100.48,14.5506,435,0,2097.82,15.9125,520,0,1353.89,23.4943,-49.7215,0
50.1528,5149.07,21.5821,620,0,4318.97,26.5602,-78.1475,0,3100.52,14.5536,435,0,2097.87,15.9161,520,0,1353.95,23.4926,-49.5643,0
50.1628,5149.13,21.5864,620,0,4319.05,26.5581,-78.2104,0,3100.56,14.5565,435,0,2097.91,15.9198,520,0,1354.02,23.491,-49.4072,0
50.1729,5149.19,21.5908,620,0,4319.12,26.5559,-78.2728,0,3100.6,14.5594,435,0,2097.96,15.9234,520,0,1354.08,23.4895,-49.2501,0
50.183,5149.25,21.5951,620,0,4319.19,26.5537,-78.335,0,3100.64,14.5623,435,0,2098,15.9271,520,0,1354.15,23.4879,-49.0941,0
50.1931,5149.31,21.5994,620,0,4319.27,26.5516,-78.3968,0,3100.68,14.5653,435,0,2098.04,15.9307,520,0,1354.21,23.4863,-48.9378,0
50.2032,5149.37,21.6038,620,0,4319.34,26.5494,-78.4584,0,3100.72,14.5682,435,0,2098.09,15.9343,520,0,1354.28,23.4847,-48.7811,0
50.2132,5149.43,21.6081,620,0,4319.41,26.5472,-78.5195,0,3100.76,14.5711,435,0,2098.13,15.938,520,0,1354.34,23.4831,-48.6248,0
50.2233,5149.49,21.6125,620,0,4319.49,26.5451,-78.5803,0,3100.8,14.574,435,0,2098.18,15.9416,520,0,1354.41,23.4815,-48.4688,0
50.2334,5149.55,21.6168,620,0,4319.56,26.5429,-78.6411,0,3100.84,14.577,435,0,2098.22,15.9453,520,0,1354.47,23.48,-48.3129,0
50.2435,5149.61,21.6211,620,0,4319.64,26.5407,-78.7014,0,3100.88,14.5799,435,0,2098.27,15.9489,520,0,1354.54,23.4784,-48.1566,0
50.2536,5149.67,21.6255,620,0,4319.71,26.5385,-78.7612,0,3100.93,14.5828,435,0,2098.31,15.9525,520,0,1354.61,23.4769,-48.0012,0
50.2636,5149.73,21.6298,620,0,4319.78,26.5364,-78.821,0,3100.97,14.5858,435,0,2098.35,15.9562,520,0,1354.67,23.4753,-47.8459,0
50.2737,5149.79,21.6342,620,0,4319.86,26.5342,-78.8802,0,3101.01,14.5887,435,0,2098.4,15.9598,520,0,1354.74,23.4738,-47.6898,0
50.2838,5149.85,21.6385,620,0,4319.93,26.532,-78.9395,0,3101.05,14.5916,435,0,2098.44,15.9635,520,0,1354.8,23.4722,-47.5349,0
50.2938,5149.91,21.6428,620,0,4320,26.5298,-78.9982,0,3101.09,14.5945,435,0,2098.49,15.9671,520,0,1354.87,23.4707,-47.3797,0
50.3039,5149.97,21.6472,620,0,4320.08,26.5276,-79.0565,0,3101.13,14.5975,435,0,2098.53,15.9707,520,0,1354.93,23.4691,-47.2246,0
50.314,5150.03,21.6515,620,0,4320.15,26.5254,-79.1147,0,3101.17,14.6004,435,0,2098.58,15.9744,520,0,1355,23.4676,-47.0673,0
50.324,5150.09,21.6559,620,0,4320.22,26.5232,-79.1726,0,3101.21,14.6033,435,0,2098.62,15.978,520,0,1355.06,23.4661,-46.9101,0
50.3341,5150.15,21.6602,620,0,4320.3,26.521,-79.2301,0,3101.25,14.6062,435,0,2098.67,15.9817,520,0,1355.13,23.4646,-46.7538,0
50.3442,5150.21,21.6645,620,0,4320.37,26.5189,-79.2873,0,3101.29,14.6092,435,0,2098.71,15.9853,520,0,1355.19,23.4631,-46.5966,0
50.3542,5150.27,21.6689,620,0,4320.45,26.5167,-79.3442,0,3101.33,14.6121,435,0,2098.75,15.9889,520,0,1355.26,23.4616,-46.4409,0
50.3643,5150.33,21.6732,620,0,4320.52,26.5145,-79.4009,0,3101.37,14.615,435,0,2098.8,15.9926,520,0,1355.32,23.4601,-46.2846,0
50.3744,5150.39,21.6776,620,0,4320.59,26.5123,-79.457,0,3101.41,14.618,435,0,2098.84,15.9962,520,0,1355.39,23.4586,-46.1278,0
50.3844,5150.45,21.6819,620,0,4320.67,26.5101,-79.5129,0,3101.45,14.6209,435,0,2098.89,15.9999,520,0,1355.45,23.4571,-45.9718,0
50.3945,5150.51,21.6863,620,0,4320.74,26.5079,-79.5688,0,3101.49,14.6238,435,0,2098.93,16.0035,520,0,1355.52,23.4556,-45.8161,0
50.4046,5150.57,21.6906,620,0,4320.81,26.5057,-79.6242,0,3101.53,14.6267,435,0,2098.98,16.0072,520,0,1355.58,23.4541,-45.6605,0
50.4146,5150.63,21.6949,620,0,4320.89,26.5035,-79.6791,0,3101.57,14.6297,435,0,2099.02,16.0108,520,0,1355.65,23.4526,-45.5053,0
50.4247,5150.69,21.6993,620,0,4320.96,26.5013,-79.7339,0,3101.62,14.6326,435,0,2099.07,16.0144,520,0,1355.71,23.4512,-45.349,0
50.4348,5150.75,21.7036,620,0,4321.03,26.4991,-79.7883,0,3101.66,14.6355,435,0,2099.11,16.0181,520,0,1355.78,23.4497,-45.1942,0
50.4448,5150.81,21.708,620,0,4321.11,26.4968,-79.8426,0,3101.7,14.6384,435,0,2099.15,16.0217,520,0,1355.84,23.4482,-45.0379,0
50.4549,5150.87,21.7123,620,0,4321.18,26.4946,-79.8965,0,3101.74,14.6414,435,0,2099.2,16.0254,520,0,1355.91,23.4468,-44.8829,0
50.465,5150.93,21.7166,620,0,4321.26,26.4924,-79.9498,0,3101.78,14.6443,435,0,2099.24,16.029,520,0,1355.97,23.4453,-44.728,0
50.4751,5150.99,21.721,620,0,4321.33,26.4902,-80.0031,0,3101.82,14.6472,435,0,2099.29,16.0326,520,0,1356.04,23.4439,-44.5728,0
50.4851,5151.05,21.7253,620,0,4321.4,26.488,-80.0559,0,3101.86,14.6501,435,0,2099.33,16.0363,520,0,1356.1,23.4424,-44.4185,0
50.4952,5151.11,21.7297,620,0,4321.48,26.4858,-80.1087,0,3101.9,14.6531,435,0,2099.38,16.0399,520,0,1356.17,23.441,-44.2635,0
50.5053,5151.17,21.734,620,0,4321.55,26.4836,-80.161,0,3101.94,14.656,435,0,2099.42,16.0436,520,0,1356.23,23.4396,-44.109,0
50.5153,5151.23,21.7383,620,0,4321.62,26.4814,-80.2128,0,3101.98,14.6589,435,0,2099.47,16.0472,520,0,1356.3,23.4382,-43.9549,0
50.5259,5151.29,21.7427,620,0,4321.7,26.4791,-80.2646,0,3102.02,14.6619,435,0,2099.51,16.0508,520,0,1356.36,23.4367,-43.8007,0
50.536,5151.35,21.747,620,0,4321.77,26.4769,-80.3161,0,3102.06,14.6648,435,0,2099.56,16.0545,520,0,1356.43,23.4353,-43.6465,0
50.5461,5151.41,21.7514,620,0,4321.84,26.4747,-80.3672,0,3102.1,14.6677,435,0,2099.6,16.0581,520,0,1356.49,23.4339,-43.4905,0
50.5561,5151.47,21.7557,620,0,4321.92,26.4725,-80.4179,0,3102.14,14.6706,435,0,2099.64,16.0618,520,0,1356.56,23.4325,-43.3354,0
50.5662,5151.53,21.76,620,0,4321.99,26.4702,-80.4684,0,3102.19,14.6736,435,0,2099.69,16.0654,520,0,1356.62,23.4311,-43.1789,0
50.5763,5151.59,21.7644,620,0,4322.06,26.468,-80.5185,0,3102.23,14.6765,435,0,2099.73,16.069,520,0,1356.69,23.4297,-43.0236,0
50.5863,5151.66,21.7687,620,0,4322.14,26.4658,-80.5684,0,3102.27,14.6794,435,0,2099.78,16.0727,520,0,1356.75,23.4283,-42.8687,0
50.5964,5151.72,21.7731,620,0,4322.21,26.4636,-80.6179,0,3102.31,14.6823,435,0,2099.82,16.0763,520,0,1356.82,23.4269,-42.7129,0
50.6065,5151.78,21.7774,620,0,4322.29,26.4613,-80.6672,0,3102.35,14.6853,435,0,2099.87,16.08,520,0,1356.89,23.4255,-42.5578,0
50.6171,5151.84,21.7817,620,0,4322.36,26.4591,-80.7162,0,3102.39,14.6882,435,0,2099.91,16.0836,520,0,1356.95,23.4242,-42.4029,0
50.6271,5151.9,21.7861,620,0,4322.43,26.4569,-80.7649,0,3102.43,14.6911,435,0,2099.96,16.0872,520,0,1357.02,23.4228,-42.2482,0
50.6372,5151.96,21.7904,620,0,4322.51,26.4546,-80.8131,0,3102.47,14.6941,435,0,2100,16.0909,520,0,1357.08,23.4214,-42.0929,0
50.6473,5152.02,21.7948,620,0,4322.58,26.4524,-80.8613,0,3102.51,14.697,435,0,2100.05,16.0945,520,0,1357.15,23.4201,-41.9382,0
50.6573,5152.08,21.7991,620,0,4322.65,26.4502,-80.9091,0,3102.55,14.6999,435,0,2100.09,16.0982,520,0,1357.21,23.4187,-41.7838,0
50.6674,5152.14,21.8035,620,0,4322.73,26.4479,-80.9565,0,3102.59,14.7028,435,0,2100.14,16.1018,520,0,1357.28,23.4174,-41.6293,0
50.6775,5152.2,21.8078,620,0,4322.8,26.4457,-81.0035,0,3102.63,14.7058,435,0,2100.18,16.1054,520,0,1357.34,23.416,-41.4754,0
50.6876,5152.26,21.8121,620,0,4322.87,26.4434,-81.0504,0,3102.67,14.7087,435,0,2100.23,16.1091,520,0,1357.41,23.4147,-41.3215,0
50.6976,5152.32,21.8165,620,0,4322.95,26.4412,-81.0969,0,3102.72,14.7116,435,0,2100.27,16.1127,520,0,1357.47,23.4134,-41.1674,0
50.7077,5152.38,21.8208,620,0,4323.02,26.439,-81.1431,0,3102.76,14.7145,435,0,2100.31,16.1164,520,0,1357.54,23.412,-41.0133,0
50.7178,5152.44,21.8252,620,0,4323.09,26.4367,-81.189,0,3102.8,14.7175,435,0,2100.36,16.12,520,0,1357.6,23.4107,-40.86,0
50.7279,5152.5,21.8295,620,0,4323.17,26.4345,-81.2347,0,3102.84,14.7204,435,0,2100.4,16.1236,520,0,1357.67,23.4094,-40.7078,0
50.738,5152.56,21.8338,620,0,4323.24,26.4322,-81.2802,0,3102.88,14.7233,435,0,2100.45,16.1273,520,0,1357.73,23.4081,-40.5548,0
50.748,5152.62,21.8382,620,0,4323.31,26.43,-81.3251,0,3102.92,14.7263,435,0,2100.49,16.1309,520,0,1357.8,23.4068,-40.402,0
50.7581,5152.69,21.8425,620,0,4323.39,26.4277,-81.3698,0,3102.96,14.7292,435,0,2100.54,16.1346,520,0,1357.86,23.4054,-40.2501,0
50.7682,5152.75,21.8469,620,0,4323.46,26.4255,-81.4142,0,3103,14.7321,435,0,2100.58,16.1382,520,0,1357.93,23.4041,-40.0974,0
50.7783,5152.81,21.8512,620,0,4323.53,26.4232,-81.4584,0,3103.04,14.735,435,0,2100.63,16.1419,520,0,1357.99,23.4028,-39.9446,0
50.7884,5152.87,21.8555,620,0,4323.61,26.421,-81.5021,0,3103.08,14.738,435,0,2100.67,16.1455,520,0,1358.06,23.4016,-39.7896,0
50.7985,5152.93,21.8599,620,0,4323.68,26.4187,-81.5455,0,3103.12,14.7409,435,0,2100.72,16.1491,520,0,1358.12,23.4003,-39.6354,0
50.8085,5152.99,21.8642,620,0,4323.75,26.4164,-81.5889,0,3103.17,14.7438,435,0,2100.76,16.1528,520,0,1358.19,23.399,-39.4817,0
50.8186,5153.05,21.8686,620,0,4323.83,26.4142,-81.6316,0,3103.21,14.7467,435,0,2100.81,16.1564,520,0,1358.25,23.3977,-39.3291,0
50.8287,5153.11,21.8729,620,0,4323.9,26.4119,-81.6743,0,3103.25,14.7497,435,0,2100.85,16.1601,520,0,1358.32,23.3964,-39.175,0
50.8388,5153.17,21.8772,620,0,4323.97,26.4097,-81.7167,0,3103.29,14.7526,435,0,2100.9,16.1637,520,0,1358.38,23.3952,-39.0217,0
50.8488,5153.23,21.8816,620,0,4324.05,26.4074,-81.7586,0,3103.33,14.7555,435,0,2100.94,16.1673,520,0,1358.45,23.3939,-38.8685,0
50.8589,5153.29,21.8859,620,0,4324.12,26.4052,-81.8003,0,3103.37,14.7585,435,0,2100.99,16.171,520,0,1358.51,23.3927,-38.7154,0
50.869,5153.35,21.8903,620,0,4324.19,26.4029,-81.8417,0,3103.41,14.7614,435,0,2101.03,16.1746,520,0,1358.58,23.3914,-38.5627,0
50.8791,5153.41,21.8946,620,0,4324.27,26.4006,-81.8829,0,3103.45,14.7643,435,0,2101.08,16.1783,520,0,1358.64,23.3902,-38.4098,0
50.8892,5153.48,21.8989,620,0,4324.34,26.3984,-81.9235,0,3103.49,14.7672,435,0,2101.12,16.1819,520,0,1358.71,23.3889,-38.257,0
50.8992,5153.54,21.9033,620,0,4324.41,26.3961,-81.9642,0,3103.53,14.7702,435,0,2101.17,16.1855,520,0,1358.77,23.3877,-38.1039,0
50.9093,5153.6,21.9076,620,0,4324.49,26.3938,-82.0044,0,3103.58,14.7731,435,0,2101.21,16.1892,520,0,1358.84,23.3865,-37.9516,0
50.9194,5153.66,21.912,620,0,4324.56,26.3916,-82.0443,0,3103.62,14.776,435,0,2101.26,16.1928,520,0,1358.9,23.3852,-37.7994,0
50.9295,5153.72,21.9163,620,0,4324.63,26.3893,-82.0837,0,3103.66,14.7789,435,0,2101.3,16.1965,520,0,1358.97,23.384,-37.6473,0
50.9396,5153.78,21.9207,620,0,4324.71,26.387,-82.1231,0,3103.7,14.7819,435,0,2101.35,16.2001,520,0,1359.03,23.3828,-37.4951,0
50.9497,5153.84,21.925,620,0,4324.78,26.3847,-82.1621,0,3103.74,14.7848,435,0,2101.39,16.2037,520,0,1359.1,23.3816,-37.3435,0
50.9598,5153.9,21.9293,620,0,4324.85,26.3825,-82.2008,0,3103.78,14.7877,435,0,2101.44,16.2074,520,0,1359.16,23.3804,-37.1915,0
50.9699,5153.96,21.9337,620,0,4324.93,26.3802,-82.2392,0,3103.82,14.7906,435,0,2101.48,16.211,520,0,1359.23,23.3792,-37.0398,0
50.9801,5154.02,21.938,620,0,4325,26.3779,-82.2774,0,3103.86,14.7936,435,0,2101.53,16.2147,520,0,1359.29,23.378,-36.8885,0
50.9901,5154.08,21.9424,620,0,4325.07,26.3756,-82.3151,0,3103.9,14.7965,435,0,2101.57,16.2183,520,0,1359.36,23.3768,-36.7371,0
51.0002,5154.15,21.9467,620,0,4325.15,26.3734,-82.3525,0,3103.95,14.7994,435,0,2101.62,16.2219,520,0,1359.42,23.3756,-36.5858,0
51.0103,5154.21,21.951,620,0,4325.22,26.3711,-82.3897,0,3103.99,14.8024,435,0,2101.66,16.2256,520,0,1359.48,23.3744,-36.4338,0
51.0203,5154.27,21.9554,620,0,4325.29,26.3688,-82.4266,0,3104.03,14.8053,435,0,2101.71,16.2292,520,0,1359.55,23.3732,-36.2814,0
51.0304,5154.33,21.9597,620,0,4325.37,26.3665,-82.4633,0,3104.07,14.8082,435,0,2101.75,16.2329,520,0,1359.61,23.3721,-36.1285,0
51.0405,5154.39,21.9641,620,0,4325.44,26.3643,-82.4995,0,3104.11,14.8111,435,0,2101.8,16.2365,520,0,1359.68,23.3709,-35.9749,0
51.0506,5154.45,21.9684,620,0,4325.51,26.362,-82.5357,0,3104.15,14.8141,435,0,2101.84,16.2401,520,0,1359.74,23.3697,-35.823,0
51.0607,5154.51,21.9727,620,0,4325.59,26.3597,-82.5714,0,3104.19,14.817,435,0,2101.89,16.2438,520,0,1359.81,23.3686,-35.6703,0
51.0707,5154.57,21.9771,620,0,4325.66,26.3574,-82.6068,0,3104.23,14.8199,435,0,2101.93,16.2474,520,0,1359.87,23.3674,-35.5179,0
51.0809,5154.63,21.9814,620,0,4325.73,26.3551,-82.6418,0,3104.27,14.8228,435,0,2101.98,16.2511,520,0,1359.94,23.3663,-35.3658,0
51.091,5154.69,21.9858,620,0,4325.81,26.3528,-82.6768,0,3104.32,14.8258,435,0,2102.02,16.2547,520,0,1360,23.3651,-35.2137,0
51.101,5154.76,21.9901,620,0,4325.88,26.3505,-82.7112,0,3104.36,14.8287,435,0,2102.07,16.2584,520,0,1360.07,23.364,-35.0616,0
51.1111,5154.82,21.9944,620,0,4325.95,26.3483,-82.7455,0,3104.4,14.8316,435,0,2102.11,16.262,520,0,1360.13,23.3629,-34.9097,0
51.1212,5154.88,21.9988,620,0,4326.03,26.346,-82.7794,0,3104.44,14.8346,435,0,2102.16,16.2656,520,0,1360.2,23.3618,-34.758,0
51.1313,5154.94,22.0031,620,0,4326.1,26.3437,-82.8129,0,3104.48,14.8375,435,0,2102.2,16.2693,520,0,1360.26,23.3606,-34.6072,0
51.1415,5155,22.0075,620,0,4326.17,26.3414,-82.8464,0,3104.52,14.8404,435,0,2102.25,16.2729,520,0,1360.33,23.3595,-34.4558,0
51.1516,5155.06,22.0118,620,0,4326.25,26.3391,-82.8794,0,3104.56,14.8433,435,0,2102.29,16.2766,520,0,1360.39,23.3584,-34.3048,0
51.1618,5155.12,22.0161,620,0,4326.32,26.3368,-82.9121,0,3104.6,14.8463,435,0,2102.34,16.2802,520,0,1360.46,23.3573,-34.1531,0
51.172,5155.18,22.0205,620,0,4326.39,26.3345,-82.9444,0,3104.65,14.8492,435,0,2102.38,16.2838,520,0,1360.52,23.3562,-34.0016,0
51.1821,5155.24,22.0248,620,0,4326.46,26.3322,-82.9767,0,3104.69,14.8521,435,0,2102.43,16.2875,520,0,1360.59,23.3551,-33.8518,0
51.1921,5155.31,22.0292,620,0,4326.54,26.3299,-83.0084,0,3104.73,14.855,435,0,2102.48,16.2911,520,0,1360.65,23.354,-33.7005,0
51.2023,5155.37,22.0335,620,0,4326.61,26.3276,-83.0399,0,3104.77,14.858,435,0,2102.52,16.2948,520,0,1360.72,23.3529,-33.5502,0
51.2124,5155.43,22.0379,620,0,4326.68,26.3253,-83.0712,0,3104.81,14.8609,435,0,2102.57,16.2984,520,0,1360.78,23.3518,-33.3998,0
51.2225,5155.49,22.0422,620,0,4326.76,26.323,-83.1022,0,3104.85,14.8638,435,0,2102.61,16.302,520,0,1360.85,23.3507,-33.2489,0
51.2326,5155.55,22.0465,620,0,4326.83,26.3207,-83.133,0,3104.89,14.8668,435,0,2102.66,16.3057,520,0,1360.91,23.3497,-33.0987,0
51.2426,5155.61,22.0509,620,0,4326.9,26.3184,-83.1633,0,3104.93,14.8697,435,0,2102.7,16.3093,520,0,1360.98,23.3486,-32.9484,0
51.2528,5155.67,22.0552,620,0,4326.98,26.3161,-83.1934,0,3104.98,14.8726,435,0,2102.75,16.313,520,0,1361.04,23.3475,-32.7963,0
51.2628,5155.73,22.0596,620,0,4327.05,26.3138,-83.2232,0,3105.02,14.8755,435,0,2102.79,16.3166,520,0,1361.11,23.3465,-32.6444,0
51.2729,5155.8,22.0639,620,0,4327.12,26.3115,-83.2527,0,3105.06,14.8785,435,0,2102.84,16.3202,520,0,1361.17,23.3454,-32.4935,0
51.283,5155.86,22.0682,620,0,4327.2,26.3092,-83.2818,0,3105.1,14.8814,435,0,2102.88,16.3239,520,0,1361.24,23.3444,-32.3416,0
51.2931,5155.92,22.0726,620,0,4327.27,26.3069,-83.3107,0,3105.14,14.8843,435,0,2102.93,16.3275,520,0,1361.3,23.3433,-32.1905,0
51.3031,5155.98,22.0769,620,0,4327.34,26.3046,-83.3392,0,3105.18,14.8872,435,0,2102.97,16.3312,520,0,1361.37,23.3423,-32.0392,0
51.3132,5156.04,22.0813,620,0,4327.41,26.3023,-83.3676,0,3105.22,14.8902,435,0,2103.02,16.3348,520,0,1361.43,23.3413,-31.8883,0
51.3233,5156.1,22.0856,620,0,4327.49,26.3,-83.3957,0,3105.27,14.8931,435,0,2103.06,16.3384,520,0,1361.5,23.3402,-31.737,0
51.3334,5156.16,22.0899,620,0,4327.56,26.2977,-83.4233,0,3105.31,14.896,435,0,2103.11,16.3421,520,0,1361.56,23.3392,-31.5866,0
51.3435,5156.22,22.0943,620,0,4327.63,26.2954,-83.4507,0,3105.35,14.899,435,0,2103.16,16.3457,520,0,1361.63,23.3382,-31.4355,0
51.3535,5156.29,22.0986,620,0,4327.71,26.2931,-83.4778,0,3105.39,14.9019,435,0,2103.2,16.3494,520,0,1361.69,23.3372,-31.285,0
51.3637,5156.35,22.103,620,0,4327.78,26.2908,-83.5047,0,3105.43,14.9048,435,0,2103.25,16.353,520,0,1361.76,23.3362,-31.1347,0
51.3738,5156.41,22.1073,620,0,4327.85,26.2885,-83.5313,0,3105.47,14.9077,435,0,2103.29,16.3566,520,0,1361.82,23.3352,-30.9842,0
51.3839,5156.47,22.1116,620,0,4327.93,26.2862,-83.5575,0,3105.51,14.9107,435,0,2103.34,16.3603,520,0,1361.89,23.3342,-30.8343,0
51.394,5156.53,22.116,620,0,4328,26.2838,-83.5834,0,3105.56,14.9136,435,0,2103.38,16.3639,520,0,1361.95,23.3332,-30.6849,0
51.4041,5156.59,22.1203,620,0,4328.07,26.2815,-83.6091,0,3105.6,14.9165,435,0,2103.43,16.3676,520,0,1362.01,23.3322,-30.5347,0
51.4144,5156.65,22.1247,620,0,4328.15,26.2792,-83.6345,0,3105.64,14.9194,435,0,2103.47,16.3712,520,0,1362.08,23.3312,-30.3844,0
51.4245,5156.72,22.129,620,0,4328.22,26.2769,-83.6597,0,3105.68,14.9224,435,0,2103.52,16.3749,520,0,1362.14,23.3302,-30.2354,0
51.4348,5156.78,22.1333,620,0,4328.29,26.2746,-83.6844,0,3105.72,14.9253,435,0,2103.56,16.3785,520,0,1362.21,23.3292,-30.086,0
51.4449,5156.84,22.1377,620,0,4328.36,26.2723,-83.7089,0,3105.76,14.9282,435,0,2103.61,16.3821,520,0,1362.27,23.3283,-29.9363,0
51.455,5156.9,22.142,620,0,4328.44,26.27,-83.7331,0,3105.8,14.9312,435,0,2103.66,16.3858,520,0,1362.34,23.3273,-29.7873,0
51.4651,5156.96,22.1464,620,0,4328.51,26.2676,-83.7571,0,3105.85,14.9341,435,0,2103.7,16.3894,520,0,1362.4,23.3263,-29.6383,0
51.4753,5157.02,22.1507,620,0,4328.58,26.2653,-83.7806,0,3105.89,14.937,435,0,2103.75,16.3931,520,0,1362.47,23.3254,-29.4891,0
51.4854,5157.09,22.1551,620,0,4328.66,26.263,-83.8039,0,3105.93,14.9399,435,0,2103.79,16.3967,520,0,1362.53,23.3244,-29.3377,0
51.4955,5157.15,22.1594,620,0,4328.73,26.2607,-83.8269,0,3105.97,14.9429,435,0,2103.84,16.4003,520,0,1362.6,23.3235,-29.1874,0
51.5056,5157.21,22.1637,620,0,4328.8,26.2584,-83.8497,0,3106.01,14.9458,435,0,2103.88,16.404,520,0,1362.66,23.3225,-29.0367,0
51.5157,5157.27,22.1681,620,0,4328.87,26.2561,-83.8722,0,3106.05,14.9487,435,0,2103.93,16.4076,520,0,1362.73,23.3216,-28.8868,0
51.5258,5157.33,22.1724,620,0,4328.95,26.2537,-83.8943,0,3106.09,14.9516,435,0,2103.97,16.4113,520,0,1362.79,23.3207,-28.7363,0
51.5359,5157.39,22.1768,620,0,4329.02,26.2514,-83.9161,0,3106.14,14.9546,435,0,2104.02,16.4149,520,0,1362.86,23.3197,-28.5857,0
51.546,5157.45,22.1811,620,0,4329.09,26.2491,-83.9377,0,3106.18,14.9575,435,0,2104.07,16.4185,520,0,1362.92,23.3188,-28.4364,0
51.5561,5157.52,22.1854,620,0,4329.17,26.2468,-83.959,0,3106.22,14.9604,435,0,2104.11,16.4222,520,0,1362.99,23.3179,-28.2872,0
51.5661,5157.58,22.1898,620,0,4329.24,26.2445,-83.9801,0,3106.26,14.9633,435,0,2104.16,16.4258,520,0,1363.05,23.317,-28.1371,0
51.5762,5157.64,22.1941,620,0,4329.31,26.2421,-84.0007,0,3106.3,14.9663,435,0,2104.2,16.4295,520,0,1363.12,23.3161,-27.9874,0
51.5863,5157.7,22.1985,620,0,4329.39,26.2398,-84.0211,0,3106.34,14.9692,435,0,2104.25,16.4331,520,0,1363.18,23.3152,-27.8376,0
51.5963,5157.76,22.2028,620,0,4329.46,26.2375,-84.0413,0,3106.39,14.9721,435,0,2104.29,16.4367,520,0,1363.25,23.3143,-27.6886,0
51.6064,5157.82,22.2071,620,0,4329.53,26.2352,-84.0612,0,3106.43,14.9751,435,0,2104.34,16.4404,520,0,1363.31,23.3134,-27.5396,0
51.6165,5157.89,22.2115,620,0,4329.6,26.2328,-84.0806,0,3106.47,14.978,435,0,2104.39,16.444,520,0,1363.38,23.3125,-27.3904,0
51.6266,5157.95,22.2158,620,0,4329.68,26.2305,-84.0998,0,3106.51,14.9809,435,0,2104.43,16.4477,520,0,1363.44,23.3116,-27.2421,0
51.6367,5158.01,22.2202,620,0,4329.75,26.2282,-84.119,0,3106.55,14.9838,435,0,2104.48,16.4513,520,0,1363.5,23.3107,-27.0935,0
51.6468,5158.07,22.2245,620,0,4329.82,26.2259,-84.1374,0,3106.59,14.9868,435,0,2104.52,16.4549,520,0,1363.57,23.3099,-26.9448,0
51.6568,5158.13,22.2288,620,0,4329.9,26.2235,-84.1559,0,3106.64,14.9897,435,0,2104.57,16.4586,520,0,1363.63,23.309,-26.7964,0
51.6669,5158.2,22.2332,620,0,4329.97,26.2212,-84.1739,0,3106.68,14.9926,435,0,2104.61,16.4622,520,0,1363.7,23.3081,-26.6479,0
51.677,5158.26,22.2375,620,0,4330.04,26.2189,-84.1919,0,3106.72,14.9955,435,0,2104.66,16.4659,520,0,1363.76,23.3073,-26.5002,0
51.687,5158.32,22.2419,620,0,4330.11,26.2165,-84.2094,0,3106.76,14.9985,435,0,2104.71,16.4695,520,0,1363.83,23.3064,-26.3519,0
51.6971,5158.38,22.2462,620,0,4330.19,26.2142,-84.2265,0,3106.8,15.0014,435,0,2104.75,16.4731,520,0,1363.89,23.3056,-26.2041,0
51.7072,5158.44,22.2505,620,0,4330.26,26.2119,-84.2435,0,3106.84,15.0043,435,0,2104.8,16.4768,520,0,1363.96,23.3047,-26.0565,0
51.7173,5158.5,22.2549,620,0,4330.33,26.2096,-84.2601,0,3106.89,15.0073,435,0,2104.84,16.4804,520,0,1364.02,23.3039,-25.9072,0
51.7273,5158.57,22.2592,620,0,4330.4,26.2072,-84.2764,0,3106.93,15.0102,435,0,2104.89,16.4841,520,0,1364.09,23.303,-25.7577,0
51.7374,5158.63,22.2636,620,0,4330.48,26.2049,-84.2925,0,3106.97,15.0131,435,0,2104.93,16.4877,520,0,1364.15,23.3022,-25.6083,0
51.7475,5158.69,22.2679,620,0,4330.55,26.2026,-84.3083,0,3107.01,15.016,435,0,2104.98,16.4914,520,0,1364.22,23.3014,-25.4584,0
51.7576,5158.75,22.2723,620,0,4330.62,26.2002,-84.324,0,3107.05,15.019,435,0,2105.03,16.495,520,0,1364.28,23.3006,-25.3104,0
51.7676,5158.81,22.2766,620,0,4330.7,26.1979,-84.3391,0,3107.09,15.0219,435,0,2105.07,16.4986,520,0,1364.35,23.2998,-25.1616,0
51.7777,5158.88,22.2809,620,0,4330.77,26.1956,-84.354,0,3107.14,15.0248,435,0,2105.12,16.5023,520,0,1364.41,23.2989,-25.0124,0
51.7878,5158.94,22.2853,620,0,4330.84,26.1932,-84.3687,0,3107.18,15.0277,435,0,2105.16,16.5059,520,0,1364.48,23.2981,-24.8638,0
51.7978,5159,22.2896,620,0,4330.91,26.1909,-84.3829,0,3107.22,15.0307,435,0,2105.21,16.5096,520,0,1364.54,23.2973,-24.7151,0
51.8079,5159.06,22.294,620,0,4330.99,26.1886,-84.3971,0,3107.26,15.0336,435,0,2105.25,16.5132,520,0,1364.61,23.2965,-24.5672,0
51.8191,5159.12,22.2983,620,0,4331.06,26.1862,-84.4108,0,3107.3,15.0365,435,0,2105.3,16.5168,520,0,1364.67,23.2957,-24.4194,0
51.8292,5159.19,22.3026,620,0,4331.13,26.1839,-84.4243,0,3107.34,15.0395,435,0,2105.35,16.5205,520,0,1364.73,23.295,-24.2712,0
51.8392,5159.25,22.307,620,0,4331.21,26.1816,-84.4376,0,3107.39,15.0424,435,0,2105.39,16.5241,520,0,1364.8,23.2942,-24.1231,0
51.8501,5159.31,22.3113,620,0,4331.28,26.1792,-84.4504,0,3107.43,15.0453,435,0,2105.44,16.5278,520,0,1364.86,23.2934,-23.9754,0
51.8601,5159.37,22.3157,620,0,4331.35,26.1769,-84.4632,0,3107.47,15.0482,435,0,2105.48,16.5314,520,0,1364.93,23.2926,-23.8278,0
51.8702,5159.43,22.32,620,0,4331.42,26.1746,-84.4755,0,3107.51,15.0512,435,0,2105.53,16.535,520,0,1364.99,23.2919,-23.68,0
51.8803,5159.5,22.3243,620,0,4331.5,26.1722,-84.4876,0,3107.55,15.0541,435,0,2105.58,16.5387,520,0,1365.06,23.2911,-23.5329,0
51.8903,5159.56,22.3287,620,0,4331.57,26.1699,-84.4992,0,3107.59,15.057,435,0,2105.62,16.5423,520,0,1365.12,23.2903,-23.386,0
51.9004,5159.62,22.333,620,0,4331.64,26.1676,-84.5108,0,3107.64,15.0599,435,0,2105.67,16.546,520,0,1365.19,23.2896,-23.2388,0
51.9104,5159.68,22.3374,620,0,4331.71,26.1652,-84.5219,0,3107.68,15.0629,435,0,2105.71,16.5496,520,0,1365.25,23.2888,-23.0924,0
51.9205,5159.74,22.3417,620,0,4331.79,26.1629,-84.5328,0,3107.72,15.0658,435,0,2105.76,16.5532,520,0,1365.32,23.2881,-22.9457,0
51.9306,5159.81,22.346,620,0,4331.86,26.1605,-84.5435,0,3107.76,15.0687,435,0,2105.81,16.5569,520,0,1365.38,23.2873,-22.7992,0
51.9407,5159.87,22.3504,620,0,4331.93,26.1582,-84.5539,0,3107.8,15.0717,435,0,2105.85,16.5605,520,0,1365.45,23.2866,-22.6522,0
51.9508,5159.93,22.3547,620,0,4332,26.1559,-84.5639,0,3107.85,15.0746,435,0,2105.9,16.5642,520,0,1365.51,23.2859,-22.6065,0
51.9609,5159.99,22.3591,620,0,4332.08,26.1535,-84.5736,0,3107.89,15.0775,435,0,2105.94,16.5678,520,0,1365.58,23.2851,-22.7892,0
51.9709,5160.05,22.3634,620,0,4332.15,26.1512,-84.5831,0,3107.93,15.0804,435,0,2105.99,16.5714,520,0,1365.64,23.2844,-22.9718,0
51.981,5160.12,22.3677,620,0,4332.22,26.1489,-84.5924,0,3107.97,15.0834,435,0,2106.04,16.5751,520,0,1365.7,23.2836,-23.1538,0
51.9911,5160.18,22.3721,620,0,4332.3,26.1465,-84.6015,0,3108.01,15.0863,435,0,2106.08,16.5787,520,0,1365.77,23.2829,-23.3357,0
52.0013,5160.24,22.3764,620,0,4332.37,26.1442,-84.61,0,3108.06,15.0892,435,0,2106.13,16.5824,520,0,1365.83,23.2821,-23.517,0
52.0113,5160.3,22.3808,620,0,4332.44,26.1418,-84.6184,0,3108.1,15.0921,435,0,2106.17,16.586,520,0,1365.9,23.2814,-23.6982,0
52.0214,5160.36,22.3851,620,0,4332.51,26.1395,-84.6265,0,3108.14,15.0951,435,0,2106.22,16.5896,520,0,1365.96,23.2806,-23.8792,0
52.0315,5160.43,22.3895,620,0,4332.59,26.1372,-84.6343,0,3108.18,15.098,435,0,2106.27,16.5933,520,0,1366.03,23.2798,-24.0596,0
52.0415,5160.49,22.3938,620,0,4332.66,26.1348,-84.6417,0,3108.22,15.1009,435,0,2106.31,16.5969,520,0,1366.09,23.279,-24.2399,0
52.0516,5160.55,22.3981,620,0,4332.73,26.1325,-84.6489,0,3108.27,15.1038,435,0,2106.36,16.6006,520,0,1366.16,23.2782,-24.4196,0
52.0617,5160.61,22.4025,620,0,4332.8,26.1301,-84.6558,0,3108.31,15.1068,435,0,2106.41,16.6042,520,0,1366.22,23.2774,-24.5992,0
52.0717,5160.68,22.4068,620,0,4332.88,26.1278,-84.6626,0,3108.35,15.1097,435,0,2106.45,16.6079,520,0,1366.29,23.2766,-24.7785,0
52.0818,5160.74,22.4112,620,0,4332.95,26.1254,-84.669,0,3108.39,15.1126,435,0,2106.5,16.6115,520,0,1366.35,23.2758,-24.9576,0
52.0919,5160.8,22.4155,620,0,4333.02,26.1231,-84.675,0,3108.43,15.1156,435,0,2106.54,16.6151,520,0,1366.42,23.275,-25.1361,0
52.102,5160.86,22.4198,620,0,4333.09,26.1208,-84.6808,0,3108.48,15.1185,435,0,2106.59,16.6188,520,0,1366.48,23.2742,-25.3145,0
52.1121,5160.92,22.4242,620,0,4333.17,26.1184,-84.6864,0,3108.52,15.1214,435,0,2106.64,16.6224,520,0,1366.55,23.2734,-25.4925,0
52.1222,5160.99,22.4285,620,0,4333.24,26.1161,-84.6917,0,3108.56,15.1243,435,0,2106.68,16.6261,520,0,1366.61,23.2725,-25.6702,0
52.1323,5161.05,22.4329,620,0,4333.31,26.1137,-84.6965,0,3108.6,15.1273,435,0,2106.73,16.6297,520,0,1366.67,23.2717,-25.8475,0
52.1424,5161.11,22.4372,620,0,4333.38,26.1114,-84.7014,0,3108.64,15.1302,435,0,2106.77,16.6333,520,0,1366.74,23.2708,-26.0247,0
52.1525,5161.17,22.4415,620,0,4333.46,26.1091,-84.7058,0,3108.69,15.1331,435,0,2106.82,16.637,520,0,1366.8,23.27,-26.2015,0
52.1626,5161.24,22.4459,620,0,4333.53,26.1067,-84.7099,0,3108.73,15.136,435,0,2106.87,16.6406,520,0,1366.87,23.2691,-26.3777,0
52.1728,5161.3,22.4502,620,0,4333.6,26.1044,-84.7136,0,3108.77,15.139,435,0,2106.91,16.6443,520,0,1366.93,23.2683,-26.5539,0
52.1828,5161.36,22.4546,620,0,4333.67,26.102,-84.7173,0,3108.81,15.1419,435,0,2106.96,16.6479,520,0,1367,23.2674,-26.7299,0
52.1929,5161.42,22.4589,620,0,4333.75,26.0997,-84.7206,0,3108.85,15.1448,435,0,2107.01,16.6515,520,0,1367.06,23.2665,-26.9053,0
52.203,5161.49,22.4632,620,0,4333.82,26.0973,-84.7235,0,3108.9,15.1478,435,0,2107.05,16.6552,520,0,1367.13,23.2657,-27.0805,0
52.2131,5161.55,22.4676,620,0,4333.89,26.095,-84.7263,0,3108.94,15.1507,435,0,2107.1,16.6588,520,0,1367.19,23.2648,-27.2552,0
52.2232,5161.61,22.4719,620,0,4333.96,26.0927,-84.7286,0,3108.98,15.1536,435,0,2107.14,16.6625,520,0,1367.26,23.2639,-27.4298,0
52.2332,5161.67,22.4763,620,0,4334.04,26.0903,-84.7309,0,3109.02,15.1565,435,0,2107.19,16.6661,520,0,1367.32,23.263,-27.604,0
52.2434,5161.74,22.4806,620,0,4334.11,26.088,-84.7328,0,3109.06,15.1595,435,0,2107.24,16.6697,520,0,1367.39,23.2621,-27.7781,0
52.2535,5161.8,22.4849,620,0,4334.18,26.0856,-84.7344,0,3109.11,15.1624,435,0,2107.28,16.6734,520,0,1367.45,23.2612,-27.9516,0
52.2635,5161.86,22.4893,620,0,4334.25,26.0833,-84.7356,0,3109.15,15.1653,435,0,2107.33,16.677,520,0,1367.51,23.2603,-28.125,0
52.2736,5161.92,22.4936,620,0,4334.33,26.0809,-84.7367,0,3109.19,15.1682,435,0,2107.38,16.6807,520,0,1367.58,23.2593,-28.2978,0
52.2837,5161.99,22.498,620,0,4334.4,26.0786,-84.7374,0,3109.23,15.1712,435,0,2107.42,16.6843,520,0,1367.64,23.2584,-28.4705,0
52.2937,5162.05,22.5023,620,0,4334.47,26.0763,-84.7379,0,3109.27,15.1741,435,0,2107.47,16.6879,520,0,1367.71,23.2575,-28.6428,0
52.3038,5162.11,22.5067,620,0,4334.54,26.0739,-84.7382,0,3109.32,15.177,435,0,2107.51,16.6916,520,0,1367.77,23.2566,-28.815,0
52.3139,5162.17,22.511,620,0,4334.62,26.0716,-84.7382,0,3109.36,15.18,435,0,2107.56,16.6952,520,0,1367.84,23.2556,-28.9866,0
52.3239,5162.24,22.5153,620,0,4334.69,26.0692,-84.7377,0,3109.4,15.1829,435,0,2107.61,16.6989,520,0,1367.9,23.2547,-29.1581,0
52.334,5162.3,22.5197,620,0,4334.76,26.0669,-84.7371,0,3109.44,15.1858,435,0,2107.65,16.7025,520,0,1367.97,23.2537,-29.3292,0
52.3441,5162.36,22.524,620,0,4334.83,26.0645,-84.7362,0,3109.49,15.1887,435,0,2107.7,16.7061,520,0,1368.03,23.2528,-29.5,0
52.3541,5162.42,22.5284,620,0,4334.91,26.0622,-84.7351,0,3109.53,15.1917,435,0,2107.75,16.7098,520,0,1368.1,23.2518,-29.6705,0
52.3642,5162.49,22.5327,620,0,4334.98,26.0599,-84.7335,0,3109.57,15.1946,435,0,2107.79,16.7134,520,0,1368.16,23.2508,-29.8405,0
52.3743,5162.55,22.537,620,0,4335.05,26.0575,-84.7319,0,3109.61,15.1975,435,0,2107.84,16.7171,520,0,1368.23,23.2499,-30.0103,0
52.3844,5162.61,22.5414,620,0,4335.12,26.0552,-84.7299,0,3109.65,15.2004,435,0,2107.89,16.7207,520,0,1368.29,23.2489,-30.1799,0
52.3945,5162.67,22.5457,620,0,4335.2,26.0528,-84.7276,0,3109.7,15.2034,435,0,2107.93,16.7243,520,0,1368.35,23.2479,-30.3491,0
52.4045,5162.74,22.5501,620,0,4335.27,26.0505,-84.7249,0,3109.74,15.2063,435,0,2107.98,16.728,520,0,1368.42,23.2469,-30.518,0
52.4146,5162.8,22.5544,620,0,4335.34,26.0481,-84.7221,0,3109.78,15.2092,435,0,2108.03,16.7316,520,0,1368.48,23.2459,-30.6866,0
52.4247,5162.86,22.5587,620,0,4335.41,26.0458,-84.719,0,3109.82,15.2122,435,0,2108.07,16.7353,520,0,1368.55,23.2449,-30.8548,0
52.4347,5162.92,22.5631,620,0,4335.48,26.0435,-84.7156,0,3109.87,15.2151,435,0,2108.12,16.7389,520,0,1368.61,23.2439,-31.0227,0
52.4448,5162.99,22.5674,620,0,4335.56,26.0411,-84.7119,0,3109.91,15.218,435,0,2108.17,16.7426,520,0,1368.68,23.2429,-31.1904,0
52.4549,5163.05,22.5718,620,0,4335.63,26.0388,-84.7078,0,3109.95,15.2209,435,0,2108.21,16.7462,520,0,1368.74,23.2419,-31.3578,0
52.465,5163.11,22.5761,620,0,4335.7,26.0364,-84.7038,0,3109.99,15.2239,435,0,2108.26,16.7498,520,0,1368.81,23.2409,-31.5246,0
52.475,5163.18,22.5804,620,0,4335.77,26.0341,-84.6992,0,3110.03,15.2268,435,0,2108.3,16.7535,520,0,1368.87,23.2398,-31.6913,0
52.4851,5163.24,22.5848,620,0,4335.85,26.0318,-84.6945,0,3110.08,15.2297,435,0,2108.35,16.7571,520,0,1368.94,23.2388,-31.8576,0
52.4951,5163.3,22.5891,620,0,4335.92,26.0294,-84.6892,0,3110.12,15.2326,435,0,2108.4,16.7608,520,0,1369,23.2378,-32.0238,0
52.5052,5163.36,22.5935,620,0,4335.99,26.0271,-84.684,0,3110.16,15.2356,435,0,2108.44,16.7644,520,0,1369.06,23.2367,-32.1895,0
52.5153,5163.43,22.5978,620,0,4336.06,26.0247,-84.6784,0,3110.2,15.2385,435,0,2108.49,16.768,520,0,1369.13,23.2357,-32.355,0
52.5253,5163.49,22.6021,620,0,4336.14,26.0224,-84.6725,0,3110.25,15.2414,435,0,2108.54,16.7717,520,0,1369.19,23.2346,-32.5202,0
52.5354,5163.55,22.6065,620,0,4336.21,26.02,-84.6663,0,3110.29,15.2444,435,0,2108.58,16.7753,520,0,1369.26,23.2335,-32.6848,0
52.5454,5163.61,22.6108,620,0,4336.28,26.0177,-84.66,0,3110.33,15.2473,435,0,2108.63,16.779,520,0,1369.32,23.2325,-32.8492,0
52.5555,5163.68,22.6152,620,0,4336.35,26.0154,-84.6532,0,3110.37,15.2502,435,0,2108.68,16.7826,520,0,1369.39,23.2314,-33.0136,0
52.5656,5163.74,22.6195,620,0,4336.42,26.013,-84.6462,0,3110.42,15.2531,435,0,2108.72,16.7862,520,0,1369.45,23.2303,-33.1774,0
52.5756,5163.8,22.6238,620,0,4336.5,26.0107,-84.6389,0,3110.46,15.2561,435,0,2108.77,16.7899,520,0,1369.52,23.2293,-33.3408,0
52.5857,5163.87,22.6282,620,0,4336.57,26.0083,-84.6314,0,3110.5,15.259,435,0,2108.82,16.7935,520,0,1369.58,23.2282,-33.5041,0
52.5971,5163.93,22.6325,620,0,4336.64,26.006,-84.6237,0,3110.54,15.2619,435,0,2108.86,16.7972,520,0,1369.65,23.2271,-33.6671,0
52.6071,5163.99,22.6369,620,0,4336.71,26.0037,-84.6156,0,3110.59,15.2648,435,0,2108.91,16.8008,520,0,1369.71,23.226,-33.8297,0
52.6172,5164.05,22.6412,620,0,4336.79,26.0013,-84.6072,0,3110.63,15.2678,435,0,2108.96,16.8044,520,0,1369.77,23.2249,-33.992,0
52.6274,5164.12,22.6456,620,0,4336.86,25.999,-84.5986,0,3110.67,15.2707,435,0,2109,16.8081,520,0,1369.84,23.2238,-34.1539,0
52.6375,5164.18,22.6499,620,0,4336.93,25.9966,-84.5898,0,3110.71,15.2736,435,0,2109.05,16.8117,520,0,1369.9,23.2227,-34.3155,0
52.6476,5164.24,22.6542,620,0,4337,25.9943,-84.5805,0,3110.75,15.2765,435,0,2109.1,16.8154,520,0,1369.97,23.2215,-34.4768,0
52.6577,5164.31,22.6586,620,0,4337.07,25.992,-84.571,0,3110.8,15.2795,435,0,2109.14,16.819,520,0,1370.03,23.2204,-34.6379,0
52.6679,5164.37,22.6629,620,0,4337.15,25.9896,-84.5613,0,3110.84,15.2824,435,0,2109.19,16.8226,520,0,1370.1,23.2193,-34.7987,0
52.678,5164.43,22.6673,620,0,4337.22,25.9873,-84.5513,0,3110.88,15.2853,435,0,2109.24,16.8263,520,0,1370.16,23.2182,-34.9589,0
52.6881,5164.5,22.6716,620,0,4337.29,25.985,-84.5412,0,3110.92,15.2883,435,0,2109.28,16.8299,520,0,1370.23,23.217,-35.119,0
52.6982,5164.56,22.6759,620,0,4337.36,25.9826,-84.5306,0,3110.97,15.2912,435,0,2109.33,16.8336,520,0,1370.29,23.2159,-35.2787,0
52.7083,5164.62,22.6803,620,0,4337.44,25.9803,-84.5197,0,3111.01,15.2941,435,0,2109.38,16.8372,520,0,1370.36,23.2147,-35.4384,0
52.7184,5164.68,22.6846,620,0,4337.51,25.9779,-84.5087,0,3111.05,15.297,435,0,2109.42,16.8408,520,0,1370.42,23.2136,-35.5974,0
52.7285,5164.75,22.689,620,0,4337.58,25.9756,-84.4974,0,3111.09,15.3,435,0,2109.47,16.8445,520,0,1370.48,23.2124,-35.7561,0
52.7386,5164.81,22.6933,620,0,4337.65,25.9733,-84.4859,0,3111.14,15.3029,435,0,2109.52,16.8481,520,0,1370.55,23.2112,-35.9147,0
52.7488,5164.87,22.6976,620,0,4337.72,25.9709,-84.4739,0,3111.18,15.3058,435,0,2109.57,16.8518,520,0,1370.61,23.2101,-36.073,0
52.7589,5164.94,22.702,620,0,4337.8,25.9686,-84.4617,0,3111.22,15.3087,435,0,2109.61,16.8554,520,0,1370.68,23.2089,-36.2309,0
52.7692,5165,22.7063,620,0,4337.87,25.9663,-84.4493,0,3111.26,15.3117,435,0,2109.66,16.8591,520,0,1370.74,23.2077,-36.3883,0
52.7793,5165.06,22.7107,620,0,4337.94,25.9639,-84.4367,0,3111.31,15.3146,435,0,2109.71,16.8627,520,0,1370.81,23.2065,-36.5457,0
52.7893,5165.13,22.715,620,0,4338.01,25.9616,-84.4236,0,3111.35,15.3175,435,0,2109.75,16.8663,520,0,1370.87,23.2053,-36.7026,0
52.7994,5165.19,22.7193,620,0,4338.08,25.9593,-84.4103,0,3111.39,15.3205,435,0,2109.8,16.87,520,0,1370.94,23.2041,-36.8591,0
52.8095,5165.25,22.7237,620,0,4338.16,25.9569,-84.3968,0,3111.44,15.3234,435,0,2109.85,16.8736,520,0,1371,23.2029,-37.0156,0
52.8196,5165.31,22.728,620,0,4338.23,25.9546,-84.3831,0,3111.48,15.3263,435,0,2109.89,16.8773,520,0,1371.06,23.2017,-37.1714,0
52.8297,5165.38,22.7324,620,0,4338.3,25.9523,-84.3691,0,3111.52,15.3292,435,0,2109.94,16.8809,520,0,1371.13,23.2005,-37.3272,0
52.8399,5165.44,22.7367,620,0,4338.37,25.9499,-84.3547,0,3111.56,15.3322,435,0,2109.99,16.8845,520,0,1371.19,23.1993,-37.4826,0
52.85,5165.5,22.741,620,0,4338.45,25.9476,-84.3401,0,3111.61,15.3351,435,0,2110.03,16.8882,520,0,1371.26,23.1981,-37.6374,0
52.86,5165.57,22.7454,620,0,4338.52,25.9453,-84.3252,0,3111.65,15.338,435,0,2110.08,16.8918,520,0,1371.32,23.1969,-37.7922,0
52.8701,5165.63,22.7497,620,0,4338.59,25.9429,-84.3102,0,3111.69,15.3409,435,0,2110.13,16.8955,520,0,1371.39,23.1956,-37.9468,0
52.8802,5165.69,22.7541,620,0,4338.66,25.9406,-84.2947,0,3111.73,15.3439,435,0,2110.17,16.8991,520,0,1371.45,23.1944,-38.1008,0
52.8903,5165.76,22.7584,620,0,4338.73,25.9383,-84.2792,0,3111.78,15.3468,435,0,2110.22,16.9027,520,0,1371.52,23.1932,-38.2545,0
52.9004,5165.82,22.7628,620,0,4338.81,25.9359,-84.2632,0,3111.82,15.3497,435,0,2110.27,16.9064,520,0,1371.58,23.1919,-38.4081,0
52.9105,5165.88,22.7671,620,0,4338.88,25.9336,-84.247,0,3111.86,15.3527,435,0,2110.32,16.91,520,0,1371.64,23.1907,-38.5612,0
52.9207,5165.95,22.7714,620,0,4338.95,25.9313,-84.2304,0,3111.9,15.3556,435,0,2110.36,16.9137,520,0,1371.71,23.1894,-38.7141,0
52.9308,5166.01,22.7758,620,0,4339.02,25.929,-84.2138,0,3111.95,15.3585,435,0,2110.41,16.9173,520,0,1371.77,23.1881,-38.8667,0
52.941,5166.07,22.7801,620,0,4339.09,25.9266,-84.1968,0,3111.99,15.3614,435,0,2110.46,16.9209,520,0,1371.84,23.1869,-39.0189,0
52.9511,5166.14,22.7845,620,0,4339.17,25.9243,-84.1795,0,3112.03,15.3644,435,0,2110.5,16.9246,520,0,1371.9,23.1856,-39.1708,0
52.9612,5166.2,22.7888,620,0,4339.24,25.922,-84.162,0,3112.07,15.3673,435,0,2110.55,16.9282,520,0,1371.97,23.1843,-39.3224,0
52.9713,5166.26,22.7931,620,0,4339.31,25.9196,-84.1441,0,3112.12,15.3702,435,0,2110.6,16.9319,520,0,1372.03,23.1831,-39.4736,0
52.9813,5166.33,22.7975,620,0,4339.38,25.9173,-84.1261,0,3112.16,15.3731,435,0,2110.64,16.9355,520,0,1372.09,23.1818,-39.6245,0
52.9914,5166.39,22.8018,620,0,4339.45,25.915,-84.1078,0,3112.2,15.3761,435,0,2110.69,16.9391,520,0,1372.16,23.1805,-39.7753,0
53.0015,5166.45,22.8062,620,0,4339.53,25.9127,-84.0892,0,3112.25,15.379,435,0,2110.74,16.9428,520,0,1372.22,23.1792,-39.9255,0
53.0116,5166.52,22.8105,620,0,4339.6,25.9103,-84.0704,0,3112.29,15.3819,435,0,2110.79,16.9464,520,0,1372.29,23.1779,-40.0756,0
53.0217,5166.58,22.8148,620,0,4339.67,25.908,-84.0511,0,3112.33,15.3849,435,0,2110.83,16.9501,520,0,1372.35,23.1766,-40.2253,0
53.0317,5166.64,22.8192,620,0,4339.74,25.9057,-84.0316,0,3112.37,15.3878,435,0,2110.88,16.9537,520,0,1372.42,23.1753,-40.3748,0
53.0418,5166.71,22.8235,620,0,4339.81,25.9034,-84.0122,0,3112.42,15.3907,435,0,2110.93,16.9573,520,0,1372.48,23.174,-40.5236,0
53.0519,5166.77,22.8279,620,0,4339.89,25.9011,-83.992,0,3112.46,15.3936,435,0,2110.97,16.961,520,0,1372.55,23.1726,-40.6726,0
53.062,5166.83,22.8322,620,0,4339.96,25.8987,-83.9719,0,3112.5,15.3966,435,0,2111.02,16.9646,520,0,1372.61,23.1713,-40.821,0
53.0721,5166.9,22.8365,620,0,4340.03,25.8964,-83.9516,0,3112.54,15.3995,435,0,2111.07,16.9683,520,0,1372.67,23.17,-40.9691,0
53.0822,5166.96,22.8409,620,0,4340.1,25.8941,-83.9308,0,3112.59,15.4024,435,0,2111.12,16.9719,520,0,1372.74,23.1687,-41.1169,0
53.0922,5167.02,22.8452,620,0,4340.17,25.8918,-83.9098,0,3112.63,15.4053,435,0,2111.16,16.9756,520,0,1372.8,23.1673,-41.2645,0
53.1023,5167.09,22.8496,620,0,4340.24,25.8895,-83.8886,0,3112.67,15.4083,435,0,2111.21,16.9792,520,0,1372.87,23.166,-41.4116,0
53.1124,5167.15,22.8539,620,0,4340.32,25.8871,-83.8669,0,3112.72,15.4112,435,0,2111.26,16.9828,520,0,1372.93,23.1646,-41.5586,0
53.1226,5167.21,22.8582,620,0,4340.39,25.8848,-83.8453,0,3112.76,15.4141,435,0,2111.3,16.9865,520,0,1373,23.1633,-41.705,0
53.1327,5167.28,22.8626,620,0,4340.46,25.8825,-83.8232,0,3112.8,15.417,435,0,2111.35,16.9901,520,0,1373.06,23.1619,-41.8513,0
53.1428,5167.34,22.8669,620,0,4340.53,25.8802,-83.8008,0,3112.84,15.42,435,0,2111.4,16.9938,520,0,1373.12,23.1606,-41.9972,0
53.1529,5167.4,22.8713,620,0,4340.6,25.8779,-83.7783,0,3112.89,15.4229,435,0,2111.45,16.9974,520,0,1373.19,23.1592,-42.1429,0
53.1629,5167.47,22.8756,620,0,4340.68,25.8755,-83.7554,0,3112.93,15.4258,435,0,2111.49,17.001,520,0,1373.25,23.1578,-42.2882,0
53.1731,5167.53,22.88,620,0,4340.75,25.8732,-83.7322,0,3112.97,15.4288,435,0,2111.54,17.0047,520,0,1373.32,23.1564,-42.4331,0
53.1832,5167.6,22.8843,620,0,4340.82,25.8709,-83.709,0,3113.02,15.4317,435,0,2111.59,17.0083,520,0,1373.38,23.1551,-42.578,0
53.1933,5167.66,22.8886,620,0,4340.89,25.8686,-83.6852,0,3113.06,15.4346,435,0,2111.63,17.012,520,0,1373.45,23.1537,-42.7223,0
53.2034,5167.72,22.893,620,0,4340.96,25.8663,-83.6613,0,3113.1,15.4375,435,0,2111.68,17.0156,520,0,1373.51,23.1523,-42.8663,0
53.2135,5167.79,22.8973,620,0,4341.04,25.864,-83.6373,0,3113.14,15.4405,435,0,2111.73,17.0192,520,0,1373.57,23.1509,-43.0101,0
53.2236,5167.85,22.9017,620,0,4341.11,25.8617,-83.6128,0,3113.19,15.4434,435,0,2111.78,17.0229,520,0,1373.64,23.1495,-43.1535,0
53.2337,5167.91,22.906,620,0,4341.18,25.8594,-83.5881,0,3113.23,15.4463,435,0,2111.82,17.0265,520,0,1373.7,23.1481,-43.2966,0
53.2438,5167.98,22.9103,620,0,4341.25,25.857,-83.5632,0,3113.27,15.4492,435,0,2111.87,17.0302,520,0,1373.77,23.1467,-43.4395,0
53.2539,5168.04,22.9147,620,0,4341.32,25.8547,-83.5378,0,3113.32,15.4522,435,0,2111.92,17.0338,520,0,1373.83,23.1453,-43.5818,0
53.264,5168.1,22.919,620,0,4341.39,25.8524,-83.5125,0,3113.36,15.4551,435,0,2111.97,17.0374,520,0,1373.9,23.1438,-43.724,0
53.274,5168.17,22.9234,620,0,4341.47,25.8501,-83.4867,0,3113.4,15.458,435,0,2112.01,17.0411,520,0,1373.96,23.1424,-43.8659,0
53.2841,5168.23,22.9277,620,0,4341.54,25.8478,-83.4607,0,3113.44,15.461,435,0,2112.06,17.0447,520,0,1374.03,23.141,-44.0074,0
53.2942,5168.3,22.932,620,0,4341.61,25.8455,-83.4345,0,3113.49,15.4639,435,0,2112.11,17.0484,520,0,1374.09,23.1396,-44.1489,0
53.3042,5168.36,22.9364,620,0,4341.68,25.8432,-83.4081,0,3113.53,15.4668,435,0,2112.16,17.052,520,0,1374.15,23.1381,-44.2897,0
53.3143,5168.42,22.9407,620,0,4341.75,25.8409,-83.3813,0,3113.57,15.4697,435,0,2112.2,17.0556,520,0,1374.22,23.1367,-44.4303,0
53.3244,5168.49,22.9451,620,0,4341.83,25.8386,-83.3542,0,3113.62,15.4727,435,0,2112.25,17.0593,520,0,1374.28,23.1352,-44.5705,0
53.3345,5168.55,22.9494,620,0,4341.9,25.8363,-83.3269,0,3113.66,15.4756,435,0,2112.3,17.0629,520,0,1374.35,23.1338,-44.7106,0
53.3446,5168.61,22.9537,620,0,4341.97,25.834,-83.2994,0,3113.7,15.4785,435,0,2112.34,17.0666,520,0,1374.41,23.1323,-44.8502,0
53.3546,5168.68,22.9581,620,0,4342.04,25.8317,-83.2715,0,3113.75,15.4814,435,0,2112.39,17.0702,520,0,1374.47,23.1309,-44.9897,0
53.3647,5168.74,22.9624,620,0,4342.11,25.8294,-83.2436,0,3113.79,15.4844,435,0,2112.44,17.0738,520,0,1374.54,23.1294,-45.1288,0
53.3747,5168.81,22.9668,620,0,4342.18,25.8271,-83.2152,0,3113.83,15.4873,435,0,2112.49,17.0775,520,0,1374.6,23.1279,-45.2674,0
53.3848,5168.87,22.9711,620,0,4342.26,25.8248,-83.1866,0,3113.87,15.4902,435,0,2112.53,17.0811,520,0,1374.67,23.1265,-45.4058,0
53.3949,5168.93,22.9754,620,0,4342.33,25.8225,-83.1576,0,3113.92,15.4932,435,0,2112.58,17.0848,520,0,1374.73,23.125,-45.544,0
53.405,5169,22.9798,620,0,4342.4,25.8202,-83.1286,0,3113.96,15.4961,435,0,2112.63,17.0884,520,0,1374.8,23.1235,-45.6818,0
53.415,5169.06,22.9841,620,0,4342.47,25.8179,-83.0992,0,3114,15.499,435,0,2112.68,17.0921,520,0,1374.86,23.122,-45.8193,0
53.4251,5169.12,22.9885,620,0,4342.54,25.8156,-83.0695,0,3114.05,15.5019,435,0,2112.72,17.0957,520,0,1374.92,23.1205,-45.9564,0
53.4352,5169.19,22.9928,620,0,4342.61,25.8133,-83.0397,0,3114.09,15.5049,435,0,2112.77,17.0993,520,0,1374.99,23.119,-46.0933,0
53.4453,5169.25,22.9972,620,0,4342.69,25.811,-83.0096,0,3114.13,15.5078,435,0,2112.82,17.103,520,0,1375.05,23.1175,-46.2298,0
53.4554,5169.32,23.0015,620,0,4342.76,25.8087,-82.9791,0,3114.18,15.5107,435,0,2112.87,17.1066,520,0,1375.12,23.116,-46.3659,0
53.4655,5169.38,23.0058,620,0,4342.83,25.8064,-82.9484,0,3114.22,15.5136,435,0,2112.91,17.1103,520,0,1375.18,23.1145,-46.502,0
53.4756,5169.44,23.0102,620,0,4342.9,25.8041,-82.9177,0,3114.26,15.5166,435,0,2112.96,17.1139,520,0,1375.25,23.113,-46.6375,0
53.4857,5169.51,23.0145,620,0,4342.97,25.8018,-82.8863,0,3114.31,15.5195,435,0,2113.01,17.1175,520,0,1375.31,23.1115,-46.773,0
53.4958,5169.57,23.0189,620,0,4343.04,25.7995,-82.855,0,3114.35,15.5224,435,0,2113.06,17.1212,520,0,1375.37,23.11,-46.9078,0
53.5058,5169.64,23.0232,620,0,4343.12,25.7972,-82.8232,0,3114.39,15.5254,435,0,2113.1,17.1248,520,0,1375.44,23.1084,-47.0426,0
53.5159,5169.7,23.0275,620,0,4343.19,25.7949,-82.7914,0,3114.43,15.5283,435,0,2113.15,17.1285,520,0,1375.5,23.1069,-47.1768,0
53.526,5169.76,23.0319,620,0,4343.26,25.7927,-82.7592,0,3114.48,15.5312,435,0,2113.2,17.1321,520,0,1375.57,23.1054,-47.3109,0
53.536,5169.83,23.0362,620,0,4343.33,25.7904,-82.7266,0,3114.52,15.5341,435,0,2113.25,17.1357,520,0,1375.63,23.1038,-47.4447,0
53.5461,5169.89,23.0406,620,0,4343.4,25.7881,-82.694,0,3114.56,15.5371,435,0,2113.3,17.1394,520,0,1375.69,23.1023,-47.5782,0
53.5563,5169.96,23.0449,620,0,4343.47,25.7858,-82.6609,0,3114.61,15.54,435,0,2113.34,17.143,520,0,1375.76,23.1008,-47.7111,0
53.5664,5170.02,23.0492,620,0,4343.55,25.7835,-82.6279,0,3114.65,15.5429,435,0,2113.39,17.1467,520,0,1375.82,23.0992,-47.8439,0
53.5765,5170.08,23.0536,620,0,4343.62,25.7812,-82.5944,0,3114.69,15.5458,435,0,2113.44,17.1503,520,0,1375.89,23.0976,-47.9764,0
53.5866,5170.15,23.0579,620,0,4343.69,25.7789,-82.5605,0,3114.74,15.5488,435,0,2113.49,17.1539,520,0,1375.95,23.0961,-48.1086,0
53.5966,5170.21,23.0623,620,0,4343.76,25.7767,-82.5266,0,3114.78,15.5517,435,0,2113.53,17.1576,520,0,1376.02,23.0945,-48.2404,0
53.6069,5170.28,23.0666,620,0,4343.83,25.7744,-82.4922,0,3114.82,15.5546,435,0,2113.58,17.1612,520,0,1376.08,23.093,-48.372,0
53.617,5170.34,23.0709,620,0,4343.9,25.7721,-82.4577,0,3114.87,15.5576,435,0,2113.63,17.1649,520,0,1376.14,23.0914,-48.5034,0
53.6271,5170.4,23.0753,620,0,4343.98,25.7698,-82.423,0,3114.91,15.5605,435,0,2113.68,17.1685,520,0,1376.21,23.0898,-48.6343,0
53.6371,5170.47,23.0796,620,0,4344.05,25.7675,-82.388,0,3114.95,15.5634,435,0,2113.72,17.1721,520,0,1376.27,23.0882,-48.7648,0
53.6472,5170.53,23.084,620,0,4344.12,25.7653,-82.3529,0,3115,15.5663,435,0,2113.77,17.1758,520,0,1376.34,23.0866,-48.8951,0
53.6573,5170.6,23.0883,620,0,4344.19,25.763,-82.3173,0,3115.04,15.5693,435,0,2113.82,17.1794,520,0,1376.4,23.085,-49.0252,0
53.6674,5170.66,23.0926,620,0,4344.26,25.7607,-82.2815,0,3115.08,15.5722,435,0,2113.87,17.1831,520,0,1376.46,23.0835,-49.1548,0
53.6775,5170.73,23.097,620,0,4344.33,25.7584,-82.2454,0,3115.13,15.5751,435,0,2113.91,17.1867,520,0,1376.53,23.0819,-49.2843,0
53.6876,5170.79,23.1013,620,0,4344.41,25.7562,-82.2092,0,3115.17,15.578,435,0,2113.96,17.1903,520,0,1376.59,23.0803,-49.4132,0
53.6976,5170.85,23.1057,620,0,4344.48,25.7539,-82.1726,0,3115.21,15.581,435,0,2114.01,17.194,520,0,1376.66,23.0786,-49.542,0
53.7077,5170.92,23.11,620,0,4344.55,25.7516,-82.1357,0,3115.26,15.5839,435,0,2114.06,17.1976,520,0,1376.72,23.077,-49.6703,0
53.7178,5170.98,23.1144,620,0,4344.62,25.7494,-82.0989,0,3115.3,15.5868,435,0,2114.11,17.2013,520,0,1376.79,23.0754,-49.7985,0
53.728,5171.05,23.1187,620,0,4344.69,25.7471,-82.0614,0,3115.34,15.5897,435,0,2114.15,17.2049,520,0,1376.85,23.0738,-49.9264,0
53.738,5171.11,23.123,620,0,4344.76,25.7448,-82.0239,0,3115.39,15.5927,435,0,2114.2,17.2086,520,0,1376.91,23.0722,-50.0538,0
53.7481,5171.17,23.1274,620,0,4344.83,25.7426,-81.9862,0,3115.43,15.5956,435,0,2114.25,17.2122,520,0,1376.98,23.0705,-50.181,0
53.7582,5171.24,23.1317,620,0,4344.91,25.7403,-81.9481,0,3115.47,15.5985,435,0,2114.3,17.2158,520,0,1377.04,23.0689,-50.3079,0
53.7682,5171.3,23.1361,620,0,4344.98,25.738,-81.9098,0,3115.52,15.6015,435,0,2114.35,17.2195,520,0,1377.11,23.0673,-50.4345,0
53.7783,5171.37,23.1404,620,0,4345.05,25.7358,-81.8713,0,3115.56,15.6044,435,0,2114.39,17.2231,520,0,1377.17,23.0656,-50.5608,0
53.7884,5171.43,23.1447,620,0,4345.12,25.7335,-81.8325,0,3115.6,15.6073,435,0,2114.44,17.2268,520,0,1377.23,23.064,-50.6868,0
53.7985,5171.5,23.1491,620,0,4345.19,25.7312,-81.7934,0,3115.65,15.6102,435,0,2114.49,17.2304,520,0,1377.3,23.0623,-50.8124,0
53.8085,5171.56,23.1534,620,0,4345.26,25.729,-81.754,0,3115.69,15.6132,435,0,2114.54,17.234,520,0,1377.36,23.0607,-50.9377,0
53.8186,5171.62,23.1578,620,0,4345.33,25.7267,-81.7144,0,3115.73,15.6161,435,0,2114.58,17.2377,520,0,1377.43,23.059,-51.0627,0
53.8286,5171.69,23.1621,620,0,4345.41,25.7245,-81.6746,0,3115.78,15.619,435,0,2114.63,17.2413,520,0,1377.49,23.0574,-51.1874,0
53.8387,5171.75,23.1664,620,0,4345.48,25.7222,-81.6346,0,3115.82,15.6219,435,0,2114.68,17.245,520,0,1377.55,23.0557,-51.3118,0
53.8491,5171.82,23.1708,620,0,4345.55,25.7199,-81.5942,0,3115.86,15.6249,435,0,2114.73,17.2486,520,0,1377.62,23.054,-51.4358,0
53.8591,5171.88,23.1751,620,0,4345.62,25.7177,-81.5538,0,3115.91,15.6278,435,0,2114.78,17.2522,520,0,1377.68,23.0524,-51.5595,0
53.8692,5171.95,23.1795,620,0,4345.69,25.7154,-81.513,0,3115.95,15.6307,435,0,2114.82,17.2559,520,0,1377.75,23.0507,-51.6832,0
53.8793,5172.01,23.1838,620,0,4345.76,25.7132,-81.472,0,3115.99,15.6337,435,0,2114.87,17.2595,520,0,1377.81,23.049,-51.8063,0
53.8893,5172.08,23.1881,620,0,4345.83,25.7109,-81.4305,0,3116.04,15.6366,435,0,2114.92,17.2632,520,0,1377.87,23.0473,-51.929,0
53.8994,5172.14,23.1925,620,0,4345.91,25.7087,-81.3891,0,3116.08,15.6395,435,0,2114.97,17.2668,520,0,1377.94,23.0456,-52.0515,0
53.9094,5172.2,23.1968,620,0,4345.98,25.7064,-81.3472,0,3116.12,15.6424,435,0,2115.02,17.2704,520,0,1378,23.044,-52.1738,0
53.9195,5172.27,23.2012,620,0,4346.05,25.7042,-81.3051,0,3116.17,15.6454,435,0,2115.06,17.2741,520,0,1378.07,23.0423,-52.2957,0
53.9296,5172.33,23.2055,620,0,4346.12,25.7019,-81.2628,0,3116.21,15.6483,435,0,2115.11,17.2777,520,0,1378.13,23.0406,-52.4174,0
53.9397,5172.4,23.2098,620,0,4346.19,25.6997,-81.2204,0,3116.25,15.6512,435,0,2115.16,17.2814,520,0,1378.19,23.0389,-52.5386,0
53.9497,5172.46,23.2142,620,0,4346.26,25.6974,-81.1775,0,3116.3,15.6541,435,0,2115.21,17.285,520,0,1378.26,23.0371,-52.6595,0
53.9598,5172.53,23.2185,620,0,4346.33,25.6952,-81.1343,0,3116.34,15.6571,435,0,2115.26,17.2886,520,0,1378.32,23.0354,-52.7802,0
53.9699,5172.59,23.2229,620,0,4346.41,25.693,-81.091,0,3116.38,15.66,435,0,2115.3,17.2923,520,0,1378.39,23.0337,-52.9005,0
53.9799,5172.66,23.2272,620,0,4346.48,25.6907,-81.0475,0,3116.43,15.6629,435,0,2115.35,17.2959,520,0,1378.45,23.032,-53.0206,0
53.99,5172.72,23.2316,620,0,4346.55,25.6885,-81.0038,0,3116.47,15.6659,435,0,2115.4,17.2996,520,0,1378.51,23.0303,-53.1405,0
54.0001,5172.78,23.2359,620,0,4346.62,25.6862,-80.9599,0,3116.51,15.6688,435,0,2115.45,17.3032,520,0,1378.58,23.0286,-53.2598,0
54.0101,5172.85,23.2402,620,0,4346.69,25.684,-80.9155,0,3116.56,15.6717,435,0,2115.5,17.3068,520,0,1378.64,23.0268,-53.379,0
54.0203,5172.91,23.2446,620,0,4346.76,25.6818,-80.871,0,3116.6,15.6746,435,0,2115.54,17.3105,520,0,1378.71,23.0251,-53.4976,0
54.0303,5172.98,23.2489,620,0,4346.83,25.6795,-80.8262,0,3116.65,15.6776,435,0,2115.59,17.3141,520,0,1378.77,23.0233,-53.6162,0
54.0404,5173.04,23.2533,620,0,4346.91,25.6773,-80.781,0,3116.69,15.6805,435,0,2115.64,17.3178,520,0,1378.83,23.0216,-53.7345,0
54.0505,5173.11,23.2576,620,0,4346.98,25.6751,-80.7359,0,3116.73,15.6834,435,0,2115.69,17.3214,520,0,1378.9,23.0199,-53.8522,0
54.0605,5173.17,23.2619,620,0,4347.05,25.6728,-80.6903,0,3116.78,15.6863,435,0,2115.74,17.325,520,0,1378.96,23.0181,-53.9698,0
54.0706,5173.24,23.2663,620,0,4347.12,25.6706,-80.6445,0,3116.82,15.6893,435,0,2115.78,17.3287,520,0,1379.03,23.0164,-54.0872,0
54.0807,5173.3,23.2706,620,0,4347.19,25.6684,-80.5985,0,3116.86,15.6922,435,0,2115.83,17.3323,520,0,1379.09,23.0146,-54.2042,0
54.0907,5173.37,23.275,620,0,4347.26,25.6662,-80.5523,0,3116.91,15.6951,435,0,2115.88,17.336,520,0,1379.15,23.0128,-54.3206,0
54.1008,5173.43,23.2793,620,0,4347.33,25.6639,-80.5057,0,3116.95,15.6981,435,0,2115.93,17.3396,520,0,1379.22,23.0111,-54.437,0
54.1109,5173.5,23.2836,620,0,4347.4,25.6617,-80.4591,0,3116.99,15.701,435,0,2115.98,17.3433,520,0,1379.28,23.0093,-54.5531,0
54.121,5173.56,23.288,620,0,4347.48,25.6595,-80.4121,0,3117.04,15.7039,435,0,2116.03,17.3469,520,0,1379.35,23.0075,-54.6688,0
54.131,5173.62,23.2923,620,0,4347.55,25.6573,-80.3648,0,3117.08,15.7068,435,0,2116.07,17.3505,520,0,1379.41,23.0057,-54.7841,0
54.1411,5173.69,23.2967,620,0,4347.62,25.655,-80.3174,0,3117.12,15.7098,435,0,2116.12,17.3542,520,0,1379.47,23.004,-54.8992,0
54.1512,5173.75,23.301,620,0,4347.69,25.6528,-80.2696,0,3117.17,15.7127,435,0,2116.17,17.3578,520,0,1379.54,23.0022,-55.014,0
54.1613,5173.82,23.3053,620,0,4347.76,25.6506,-80.2215,0,3117.21,15.7156,435,0,2116.22,17.3615,520,0,1379.6,23.0004,-55.1285,0
54.1714,5173.88,23.3097,620,0,4347.83,25.6484,-80.1735,0,3117.26,15.7185,435,0,2116.27,17.3651,520,0,1379.66,22.9986,-55.2427,0
54.1815,5173.95,23.314,620,0,4347.9,25.6462,-80.1251,0,3117.3,15.7215,435,0,2116.31,17.3687,520,0,1379.73,22.9968,-55.3566,0
54.1915,5174.01,23.3184,620,0,4347.97,25.644,-80.0762,0,3117.34,15.7244,435,0,2116.36,17.3724,520,0,1379.79,22.995,-55.4702,0
54.2016,5174.08,23.3227,620,0,4348.05,25.6417,-80.0273,0,3117.39,15.7273,435,0,2116.41,17.376,520,0,1379.86,22.9932,-55.5834,0
54.2117,5174.14,23.327,620,0,4348.12,25.6395,-79.9781,0,3117.43,15.7302,435,0,2116.46,17.3797,520,0,1379.92,22.9914,-55.6964,0
54.2217,5174.21,23.3314,620,0,4348.19,25.6373,-79.9286,0,3117.47,15.7332,435,0,2116.51,17.3833,520,0,1379.98,22.9896,-55.8088,0
54.2318,5174.27,23.3357,620,0,4348.26,25.6351,-79.8789,0,3117.52,15.7361,435,0,2116.56,17.3869,520,0,1380.05,22.9878,-55.9212,0
54.2419,5174.34,23.3401,620,0,4348.33,25.6329,-79.8291,0,3117.56,15.739,435,0,2116.6,17.3906,520,0,1380.11,22.986,-56.0332,0
54.252,5174.4,23.3444,620,0,4348.4,25.6307,-79.779,0,3117.61,15.742,435,0,2116.65,17.3942,520,0,1380.18,22.9841,-56.1449,0
54.2621,5174.47,23.3488,620,0,4348.47,25.6285,-79.7285,0,3117.65,15.7449,435,0,2116.7,17.3979,520,0,1380.24,22.9823,-56.2563,0
54.2722,5174.53,23.3531,620,0,4348.54,25.6263,-79.678,0,3117.69,15.7478,435,0,2116.75,17.4015,520,0,1380.3,22.9805,-56.3674,0
54.2823,5174.6,23.3574,620,0,4348.62,25.6241,-79.6271,0,3117.74,15.7507,435,0,2116.8,17.4051,520,0,1380.37,22.9787,-56.4782,0
54.2924,5174.66,23.3618,620,0,4348.69,25.6219,-79.5758,0,3117.78,15.7537,435,0,2116.85,17.4088,520,0,1380.43,22.9768,-56.5887,0
54.3025,5174.73,23.3661,620,0,4348.76,25.6197,-79.5245,0,3117.82,15.7566,435,0,2116.89,17.4124,520,0,1380.49,22.975,-56.6988,0
54.3125,5174.79,23.3705,620,0,4348.83,25.6175,-79.4731,0,3117.87,15.7595,435,0,2116.94,17.4161,520,0,1380.56,22.9731,-56.8087,0
54.3226,5174.86,23.3748,620,0,4348.9,25.6153,-79.4212,0,3117.91,15.7624,435,0,2116.99,17.4197,520,0,1380.62,22.9713,-56.9182,0
54.3327,5174.92,23.3791,620,0,4348.97,25.6131,-79.369,0,3117.96,15.7654,435,0,2117.04,17.4233,520,0,1380.69,22.9694,-57.0275,0
54.3428,5174.99,23.3835,620,0,4349.04,25.6109,-79.3167,0,3118,15.7683,435,0,2117.09,17.427,520,0,1380.75,22.9676,-57.1364,0
54.3529,5175.05,23.3878,620,0,4349.11,25.6087,-79.264,0,3118.04,15.7712,435,0,2117.14,17.4306,520,0,1380.81,22.9657,-57.2451,0
54.363,5175.12,23.3922,620,0,4349.18,25.6065,-79.2113,0,3118.09,15.7742,435,0,2117.19,17.4343,520,0,1380.88,22.9639,-57.3534,0
54.3731,5175.18,23.3965,620,0,4349.26,25.6043,-79.1582,0,3118.13,15.7771,435,0,2117.23,17.4379,520,0,1380.94,22.962,-57.4614,0
54.3831,5175.25,23.4008,620,0,4349.33,25.6022,-79.1049,0,3118.17,15.78,435,0,2117.28,17.4415,520,0,1381.01,22.9601,-57.5691,0
54.3932,5175.31,23.4052,620,0,4349.4,25.6,-79.0514,0,3118.22,15.7829,435,0,2117.33,17.4452,520,0,1381.07,22.9583,-57.6765,0
54.4033,5175.38,23.4095,620,0,4349.47,25.5978,-78.9977,0,3118.26,15.7859,435,0,2117.38,17.4488,520,0,1381.13,22.9564,-57.7836,0
54.4134,5175.44,23.4139,620,0,4349.54,25.5956,-78.9438,0,3118.31,15.7888,435,0,2117.43,17.4525,520,0,1381.2,22.9545,-57.8904,0
54.4235,5175.51,23.4182,620,0,4349.61,25.5934,-78.8894,0,3118.35,15.7917,435,0,2117.48,17.4561,520,0,1381.26,22.9526,-57.9969,0
54.4336,5175.57,23.4225,620,0,4349.68,25.5912,-78.8349,0,3118.39,15.7946,435,0,2117.52,17.4598,520,0,1381.32,22.9508,-58.1031,0
54.4437,5175.64,23.4269,620,0,4349.75,25.5891,-78.7802,0,3118.44,15.7976,435,0,2117.57,17.4634,520,0,1381.39,22.9489,-58.2089,0
54.4538,5175.7,23.4312,620,0,4349.82,25.5869,-78.7253,0,3118.48,15.8005,435,0,2117.62,17.467,520,0,1381.45,22.947,-58.3143,0
54.4639,5175.77,23.4356,620,0,4349.9,25.5847,-78.6702,0,3118.53,15.8034,435,0,2117.67,17.4707,520,0,1381.52,22.9451,-58.4196,0
54.474,5175.83,23.4399,620,0,4349.97,25.5825,-78.6146,0,3118.57,15.8064,435,0,2117.72,17.4743,520,0,1381.58,22.9432,-58.5245,0
54.484,5175.9,23.4442,620,0,4350.04,25.5804,-78.5589,0,3118.61,15.8093,435,0,2117.77,17.478,520,0,1381.64,22.9413,-58.6292,0
54.4941,5175.96,23.4486,620,0,4350.11,25.5782,-78.5032,0,3118.66,15.8122,435,0,2117.82,17.4816,520,0,1381.71,22.9394,-58.7335,0
54.5042,5176.03,23.4529,620,0,4350.18,25.576,-78.4469,0,3118.7,15.8151,435,0,2117.86,17.4852,520,0,1381.77,22.9375,-58.8376,0
54.5142,5176.09,23.4573,620,0,4350.25,25.5739,-78.3905,0,3118.75,15.8181,435,0,2117.91,17.4889,520,0,1381.83,22.9356,-58.9413,0
54.5243,5176.16,23.4616,620,0,4350.32,25.5717,-78.334,0,3118.79,15.821,435,0,2117.96,17.4925,520,0,1381.9,22.9336,-59.0447,0
54.5344,5176.22,23.4659,620,0,4350.39,25.5695,-78.2771,0,3118.83,15.8239,435,0,2118.01,17.4962,520,0,1381.96,22.9317,-59.1479,0
54.5445,5176.29,23.4703,620,0,4350.46,25.5674,-78.22,0,3118.88,15.8268,435,0,2118.06,17.4998,520,0,1382.02,22.9298,-59.2507,0
54.5546,5176.35,23.4746,620,0,4350.53,25.5652,-78.1627,0,3118.92,15.8298,435,0,2118.11,17.5034,520,0,1382.09,22.9279,-59.353,0
54.5647,5176.42,23.479,620,0,4350.61,25.563,-78.1051,0,3118.97,15.8327,435,0,2118.16,17.5071,520,0,1382.15,22.9259,-59.4552,0
54.5747,5176.48,23.4833,620,0,4350.68,25.5609,-78.0474,0,3119.01,15.8356,435,0,2118.2,17.5107,520,0,1382.22,22.924,-59.5572,0
54.5848,5176.55,23.4877,620,0,4350.75,25.5587,-77.9893,0,3119.05,15.8386,435,0,2118.25,17.5144,520,0,1382.28,22.9221,-59.6588,0
54.5949,5176.61,23.492,620,0,4350.82,25.5566,-77.931,0,3119.1,15.8415,435,0,2118.3,17.518,520,0,1382.34,22.9201,-59.7601,0
54.605,5176.68,23.4963,620,0,4350.89,25.5544,-77.8725,0,3119.14,15.8444,435,0,2118.35,17.5216,520,0,1382.41,22.9182,-59.8609,0
54.6151,5176.74,23.5007,620,0,4350.96,25.5523,-77.8138,0,3119.19,15.8473,435,0,2118.4,17.5253,520,0,1382.47,22.9163,-59.9616,0
54.6252,5176.81,23.505,620,0,4351.03,25.5501,-77.7549,0,3119.23,15.8503,435,0,2118.45,17.5289,520,0,1382.53,22.9143,-60.062,0
54.6353,5176.88,23.5094,620,0,4351.1,25.548,-77.6955,0,3119.27,15.8532,435,0,2118.5,17.5326,520,0,1382.6,22.9124,-60.1621,0
54.6454,5176.94,23.5137,620,0,4351.17,25.5458,-77.6363,0,3119.32,15.8561,435,0,2118.55,17.5362,520,0,1382.66,22.9104,-60.2617,0
54.6555,5177.01,23.518,620,0,4351.24,25.5437,-77.5766,0,3119.36,15.859,435,0,2118.59,17.5398,520,0,1382.73,22.9084,-60.3612,0
54.6657,5177.07,23.5224,620,0,4351.32,25.5415,-77.5167,0,3119.41,15.862,435,0,2118.64,17.5435,520,0,1382.79,22.9065,-60.4605,0
54.6758,5177.14,23.5267,620,0,4351.39,25.5394,-77.4566,0,3119.45,15.8649,435,0,2118.69,17.5471,520,0,1382.85,22.9045,-60.5591,0
54.6859,5177.2,23.5311,620,0,4351.46,25.5373,-77.3961,0,3119.49,15.8678,435,0,2118.74,17.5508,520,0,1382.92,22.9026,-60.6577,0
54.6961,5177.27,23.5354,620,0,4351.53,25.5351,-77.3356,0,3119.54,15.8708,435,0,2118.79,17.5544,520,0,1382.98,22.9006,-60.7558,0
54.7062,5177.33,23.5397,620,0,4351.6,25.533,-77.2747,0,3119.58,15.8737,435,0,2118.84,17.558,520,0,1383.04,22.8986,-60.8538,0
54.7163,5177.4,23.5441,620,0,4351.67,25.5308,-77.2136,0,3119.63,15.8766,435,0,2118.89,17.5617,520,0,1383.11,22.8966,-60.9515,0
54.7265,5177.46,23.5484,620,0,4351.74,25.5287,-77.1523,0,3119.67,15.8795,435,0,2118.94,17.5653,520,0,1383.17,22.8947,-61.0487,0
54.7366,5177.53,23.5528,620,0,4351.81,25.5266,-77.0906,0,3119.71,15.8825,435,0,2118.98,17.569,520,0,1383.23,22.8927,-61.1459,0
54.7467,5177.59,23.5571,620,0,4351.88,25.5244,-77.029,0,3119.76,15.8854,435,0,2119.03,17.5726,520,0,1383.3,22.8907,-61.2424,0
54.7567,5177.66,23.5614,620,0,4351.95,25.5223,-76.9669,0,3119.8,15.8883,435,0,2119.08,17.5763,520,0,1383.36,22.8887,-61.339,0
54.7668,5177.73,23.5658,620,0,4352.02,25.5202,-76.9049,0,3119.85,15.8912,435,0,2119.13,17.5799,520,0,1383.42,22.8867,-61.4349,0
54.7769,5177.79,23.5701,620,0,4352.1,25.5181,-76.8424,0,3119.89,15.8942,435,0,2119.18,17.5835,520,0,1383.49,22.8847,-61.5306,0
54.7869,5177.86,23.5745,620,0,4352.17,25.5159,-76.7795,0,3119.93,15.8971,435,0,2119.23,17.5872,520,0,1383.55,22.8827,-61.6263,0
54.797,5177.92,23.5788,620,0,4352.24,25.5138,-76.7167,0,3119.98,15.9,435,0,2119.28,17.5908,520,0,1383.62,22.8807,-61.7214,0
54.8071,5177.99,23.5831,620,0,4352.31,25.5117,-76.6534,0,3120.02,15.9029,435,0,2119.33,17.5945,520,0,1383.68,22.8787,-61.8164,0
54.8171,5178.05,23.5875,620,0,4352.38,25.5096,-76.5902,0,3120.07,15.9059,435,0,2119.37,17.5981,520,0,1383.74,22.8767,-61.9109,0
54.8272,5178.12,23.5918,620,0,4352.45,25.5075,-76.5266,0,3120.11,15.9088,435,0,2119.42,17.6017,520,0,1383.81,22.8747,-62.0051,0
54.8373,5178.18,23.5962,620,0,4352.52,25.5054,-76.4627,0,3120.16,15.9117,435,0,2119.47,17.6054,520,0,1383.87,22.8727,-62.099,0
54.8474,5178.25,23.6005,620,0,4352.59,25.5032,-76.3987,0,3120.2,15.9147,435,0,2119.52,17.609,520,0,1383.93,22.8706,-62.1928,0
54.8575,5178.31,23.6049,620,0,4352.66,25.5011,-76.3343,0,3120.24,15.9176,435,0,2119.57,17.6127,520,0,1384,22.8686,-62.2861,0
54.8675,5178.38,23.6092,620,0,4352.73,25.499,-76.2699,0,3120.29,15.9205,435,0,2119.62,17.6163,520,0,1384.06,22.8666,-62.3792,0
54.8776,5178.45,23.6135,620,0,4352.8,25.4969,-76.205,0,3120.33,15.9234,435,0,2119.67,17.6199,520,0,1384.12,22.8646,-62.4719,0
54.8877,5178.51,23.6179,620,0,4352.87,25.4948,-76.14,0,3120.38,15.9264,435,0,2119.72,17.6236,520,0,1384.19,22.8626,-62.5643,0
54.8978,5178.58,23.6222,620,0,4352.95,25.4927,-76.0748,0,3120.42,15.9293,435,0,2119.77,17.6272,520,0,1384.25,22.8605,-62.6564,0
54.9078,5178.64,23.6266,620,0,4353.02,25.4906,-76.0095,0,3120.47,15.9322,435,0,2119.82,17.6309,520,0,1384.31,22.8585,-62.7483,0
54.9179,5178.71,23.6309,620,0,4353.09,25.4885,-75.9437,0,3120.51,15.9351,435,0,2119.86,17.6345,520,0,1384.38,22.8564,-62.8398,0
54.9281,5178.77,23.6352,620,0,4353.16,25.4864,-75.8777,0,3120.55,15.9381,435,0,2119.91,17.6381,520,0,1384.44,22.8544,-62.9311,0
54.9382,5178.84,23.6396,620,0,4353.23,25.4843,-75.8117,0,3120.6,15.941,435,0,2119.96,17.6418,520,0,1384.5,22.8524,-63.022,0
54.9483,5178.91,23.6439,620,0,4353.3,25.4822,-75.7454,0,3120.64,15.9439,435,0,2120.01,17.6454,520,0,1384.57,22.8503,-63.1127,0
54.9583,5178.97,23.6483,620,0,4353.37,25.4801,-75.6788,0,3120.69,15.9469,435,0,2120.06,17.6491,520,0,1384.63,22.8483,-63.203,0
54.9684,5179.04,23.6526,620,0,4353.44,25.478,-75.6118,0,3120.73,15.9498,435,0,2120.11,17.6527,520,0,1384.7,22.8462,-63.2931,0
54.9785,5179.1,23.6569,620,0,4353.51,25.4759,-75.5449,0,3120.78,15.9527,435,0,2120.16,17.6563,520,0,1384.76,22.8442,-63.3826,0
54.9885,5179.17,23.6613,620,0,4353.58,25.4739,-75.4775,0,3120.82,15.9556,435,0,2120.21,17.66,520,0,1384.82,22.8421,-63.4721,0
54.9986,5179.23,23.6656,620,0,4353.65,25.4718,-75.41,0,3120.86,15.9586,435,0,2120.26,17.6636,520,0,1384.89,22.84,-63.5613,0
55.0087,5179.3,23.67,620,0,4353.72,25.4697,-75.3423,0,3120.91,15.9615,435,0,2120.31,17.6673,520,0,1384.95,22.838,-63.6502,0
55.0188,5179.37,23.6743,620,0,4353.79,25.4676,-75.2744,0,3120.95,15.9644,435,0,2120.35,17.6709,520,0,1385.01,22.8359,-63.7386,0
55.0289,5179.43,23.6786,620,0,4353.87,25.4655,-75.2063,0,3121,15.9673,435,0,2120.4,17.6745,520,0,1385.08,22.8338,-63.8269,0
55.0389,5179.5,23.683,620,0,4353.94,25.4635,-75.1378,0,3121.04,15.9703,435,0,2120.45,17.6782,520,0,1385.14,22.8318,-63.9147,0
55.049,5179.56,23.6873,620,0,4354.01,25.4614,-75.0693,0,3121.09,15.9732,435,0,2120.5,17.6818,520,0,1385.2,22.8297,-64.0024,0
55.0591,5179.63,23.6917,620,0,4354.08,25.4593,-75.0004,0,3121.13,15.9761,435,0,2120.55,17.6855,520,0,1385.27,22.8276,-64.0896,0
55.0691,5179.69,23.696,620,0,4354.15,25.4572,-74.9313,0,3121.17,15.9791,435,0,2120.6,17.6891,520,0,1385.33,22.8255,-64.1767,0
55.0794,5179.76,23.7003,620,0,4354.22,25.4552,-74.8621,0,3121.22,15.982,435,0,2120.65,17.6928,520,0,1385.39,22.8234,-64.2634,0
55.0894,5179.83,23.7047,620,0,4354.29,25.4531,-74.7924,0,3121.26,15.9849,435,0,2120.7,17.6964,520,0,1385.46,22.8214,-64.3499,0
55.0995,5179.89,23.709,620,0,4354.36,25.451,-74.7228,0,3121.31,15.9878,435,0,2120.75,17.7,520,0,1385.52,22.8193,-64.436,0
55.1096,5179.96,23.7134,620,0,4354.43,25.449,-74.6527,0,3121.35,15.9908,435,0,2120.8,17.7037,520,0,1385.58,22.8172,-64.5217,0
55.1196,5180.02,23.7177,620,0,4354.5,25.4469,-74.5825,0,3121.4,15.9937,435,0,2120.85,17.7073,520,0,1385.65,22.8151,-64.6072,0
55.1297,5180.09,23.7221,620,0,4354.57,25.4448,-74.5121,0,3121.44,15.9966,435,0,2120.9,17.711,520,0,1385.71,22.813,-64.6926,0
55.1398,5180.16,23.7264,620,0,4354.64,25.4428,-74.4415,0,3121.49,15.9995,435,0,2120.94,17.7146,520,0,1385.77,22.8109,-64.7774,0
55.1498,5180.22,23.7307,620,0,4354.71,25.4407,-74.3707,0,3121.53,16.0025,435,0,2120.99,17.7182,520,0,1385.84,22.8088,-64.862,0
55.1599,5180.29,23.7351,620,0,4354.78,25.4387,-74.2995,0,3121.57,16.0054,435,0,2121.04,17.7219,520,0,1385.9,22.8067,-64.9463,0
55.17,5180.35,23.7394,620,0,4354.86,25.4366,-74.2283,0,3121.62,16.0083,435,0,2121.09,17.7255,520,0,1385.96,22.8046,-65.0303,0
55.18,5180.42,23.7438,620,0,4354.93,25.4346,-74.1567,0,3121.66,16.0113,435,0,2121.14,17.7292,520,0,1386.03,22.8024,-65.114,0
55.1901,5180.49,23.7481,620,0,4355,25.4325,-74.085,0,3121.71,16.0142,435,0,2121.19,17.7328,520,0,1386.09,22.8003,-65.1974,0
55.2002,5180.55,23.7524,620,0,4355.07,25.4305,-74.013,0,3121.75,16.0171,435,0,2121.24,17.7364,520,0,1386.15,22.7982,-65.2804,0
55.2102,5180.62,23.7568,620,0,4355.14,25.4284,-73.9407,0,3121.8,16.02,435,0,2121.29,17.7401,520,0,1386.22,22.7961,-65.3632,0
55.2203,5180.68,23.7611,620,0,4355.21,25.4264,-73.8684,0,3121.84,16.023,435,0,2121.34,17.7437,520,0,1386.28,22.794,-65.4458,0
55.2304,5180.75,23.7655,620,0,4355.28,25.4243,-73.7956,0,3121.89,16.0259,435,0,2121.39,17.7474,520,0,1386.34,22.7918,-65.528,0
55.2404,5180.82,23.7698,620,0,4355.35,25.4223,-73.7227,0,3121.93,16.0288,435,0,2121.44,17.751,520,0,1386.41,22.7897,-65.6098,0
55.2505,5180.88,23.7741,620,0,4355.42,25.4203,-73.6496,0,3121.97,16.0317,435,0,2121.49,17.7546,520,0,1386.47,22.7876,-65.6915,0
55.2606,5180.95,23.7785,620,0,4355.49,25.4182,-73.5764,0,3122.02,16.0347,435,0,2121.54,17.7583,520,0,1386.53,22.7855,-65.7729,0
55.2706,5181.01,23.7828,620,0,4355.56,25.4162,-73.5029,0,3122.06,16.0376,435,0,2121.59,17.7619,520,0,1386.6,22.7833,-65.8538,0
55.2807,5181.08,23.7872,620,0,4355.63,25.4142,-73.4293,0,3122.11,16.0405,435,0,2121.63,17.7656,520,0,1386.66,22.7812,-65.9346,0
55.2908,5181.15,23.7915,620,0,4355.7,25.4121,-73.3552,0,3122.15,16.0434,435,0,2121.68,17.7692,520,0,1386.72,22.779,-66.0149,0
55.3009,5181.21,23.7958,620,0,4355.77,25.4101,-73.281,0,3122.2,16.0464,435,0,2121.73,17.7728,520,0,1386.79,22.7769,-66.095,0
55.311,5181.28,23.8002,620,0,4355.84,25.4081,-73.2065,0,3122.24,16.0493,435,0,2121.78,17.7765,520,0,1386.85,22.7747,-66.1749,0
55.321,5181.34,23.8045,620,0,4355.91,25.4061,-73.1319,0,3122.29,16.0522,435,0,2121.83,17.7801,520,0,1386.91,22.7726,-66.2544,0
55.3311,5181.41,23.8089,620,0,4355.99,25.4041,-73.0571,0,3122.33,16.0552,435,0,2121.88,17.7838,520,0,1386.98,22.7704,-66.3336,0
55.3412,5181.48,23.8132,620,0,4356.06,25.402,-72.9822,0,3122.38,16.0581,435,0,2121.93,17.7874,520,0,1387.04,22.7683,-66.4125,0
55.3512,5181.54,23.8175,620,0,4356.13,25.4,-72.9068,0,3122.42,16.061,435,0,2121.98,17.791,520,0,1387.1,22.7661,-66.4911,0
55.3613,5181.61,23.8219,620,0,4356.2,25.398,-72.8312,0,3122.47,16.0639,435,0,2122.03,17.7947,520,0,1387.17,22.764,-66.5694,0
55.3714,5181.68,23.8262,620,0,4356.27,25.396,-72.7557,0,3122.51,16.0669,435,0,2122.08,17.7983,520,0,1387.23,22.7618,-66.6474,0
55.3815,5181.74,23.8306,620,0,4356.34,25.394,-72.6795,0,3122.55,16.0698,435,0,2122.13,17.802,520,0,1387.29,22.7597,-66.7252,0
55.3916,5181.81,23.8349,620,0,4356.41,25.392,-72.6034,0,3122.6,16.0727,435,0,2122.18,17.8056,520,0,1387.36,22.7575,-66.8026,0
55.4017,5181.87,23.8393,620,0,4356.48,25.39,-72.5271,0,3122.64,16.0756,435,0,2122.23,17.8093,520,0,1387.42,22.7553,-66.8798,0
55.4118,5181.94,23.8436,620,0,4356.55,25.388,-72.4504,0,3122.69,16.0786,435,0,2122.28,17.8129,520,0,1387.48,22.7531,-66.9567,0
55.4219,5182.01,23.8479,620,0,4356.62,25.386,-72.3737,0,3122.73,16.0815,435,0,2122.33,17.8165,520,0,1387.54,22.751,-67.0331,0
55.4321,5182.07,23.8523,620,0,4356.69,25.384,-72.2967,0,3122.78,16.0844,435,0,2122.38,17.8202,520,0,1387.61,22.7488,-67.1094,0
55.4422,5182.14,23.8566,620,0,4356.76,25.382,-72.2194,0,3122.82,16.0874,435,0,2122.43,17.8238,520,0,1387.67,22.7466,-67.1852,0
55.4523,5182.2,23.861,620,0,4356.83,25.38,-72.142,0,3122.87,16.0903,435,0,2122.47,17.8275,520,0,1387.73,22.7444,-67.2609,0
55.4625,5182.27,23.8653,620,0,4356.9,25.378,-72.0644,0,3122.91,16.0932,435,0,2122.52,17.8311,520,0,1387.8,22.7423,-67.3362,0
55.4726,5182.34,23.8696,620,0,4356.97,25.376,-71.9863,0,3122.96,16.0961,435,0,2122.57,17.8347,520,0,1387.86,22.7401,-67.4114,0
55.4827,5182.4,23.874,620,0,4357.04,25.374,-71.9084,0,3123,16.0991,435,0,2122.62,17.8384,520,0,1387.92,22.7379,-67.486,0
55.4929,5182.47,23.8783,620,0,4357.11,25.372,-71.83,0,3123.05,16.102,435,0,2122.67,17.842,520,0,1387.99,22.7357,-67.5604,0
55.5031,5182.54,23.8827,620,0,4357.18,25.37,-71.7514,0,3123.09,16.1049,435,0,2122.72,17.8457,520,0,1388.05,22.7335,-67.6348,0
55.5131,5182.6,23.887,620,0,4357.25,25.3681,-71.6727,0,3123.14,16.1078,435,0,2122.77,17.8493,520,0,1388.11,22.7313,-67.7086,0
55.5233,5182.67,23.8913,620,0,4357.32,25.3661,-71.5937,0,3123.18,16.1108,435,0,2122.82,17.8529,520,0,1388.18,22.7291,-67.7821,0
55.5334,5182.74,23.8957,620,0,4357.4,25.3641,-71.5146,0,3123.23,16.1137,435,0,2122.87,17.8566,520,0,1388.24,22.7269,-67.8554,0
55.5435,5182.8,23.9,620,0,4357.47,25.3621,-71.4351,0,3123.27,16.1166,435,0,2122.92,17.8602,520,0,1388.3,22.7247,-67.9284,0
55.5536,5182.87,23.9044,620,0,4357.54,25.3602,-71.3556,0,3123.31,16.1196,435,0,2122.97,17.8639,520,0,1388.37,22.7225,-68.0011,0
55.5636,5182.93,23.9087,620,0,4357.61,25.3582,-71.2757,0,3123.36,16.1225,435,0,2123.02,17.8675,520,0,1388.43,22.7203,-68.0733,0
55.5737,5183,23.913,620,0,4357.68,25.3562,-71.1957,0,3123.4,16.1254,435,0,2123.07,17.8711,520,0,1388.49,22.7181,-68.1454,0
55.5838,5183.07,23.9174,620,0,4357.75,25.3542,-71.1155,0,3123.45,16.1283,435,0,2123.12,17.8748,520,0,1388.56,22.7159,-68.2173,0
55.5939,5183.13,23.9217,620,0,4357.82,25.3523,-71.035,0,3123.49,16.1313,435,0,2123.17,17.8784,520,0,1388.62,22.7136,-68.2888,0
55.6039,5183.2,23.9261,620,0,4357.89,25.3503,-70.9542,0,3123.54,16.1342,435,0,2123.22,17.8821,520,0,1388.68,22.7114,-68.3599,0
55.614,5183.27,23.9304,620,0,4357.96,25.3484,-70.8734,0,3123.58,16.1371,435,0,2123.27,17.8857,520,0,1388.74,22.7092,-68.4309,0
55.6241,5183.33,23.9347,620,0,4358.03,25.3464,-70.7922,0,3123.63,16.14,435,0,2123.32,17.8893,520,0,1388.81,22.707,-68.5014,0
55.6341,5183.4,23.9391,620,0,4358.1,25.3444,-70.7109,0,3123.67,16.143,435,0,2123.37,17.893,520,0,1388.87,22.7048,-68.5717,0
55.6442,5183.47,23.9434,620,0,4358.17,25.3425,-70.6293,0,3123.72,16.1459,435,0,2123.42,17.8966,520,0,1388.93,22.7025,-68.6418,0
55.6543,5183.53,23.9478,620,0,4358.24,25.3405,-70.5476,0,3123.76,16.1488,435,0,2123.47,17.9003,520,0,1389,22.7003,-68.7115,0
55.6643,5183.6,23.9521,620,0,4358.31,25.3386,-70.4657,0,3123.81,16.1518,435,0,2123.52,17.9039,520,0,1389.06,22.6981,-68.7809,0
55.6744,5183.67,23.9565,620,0,4358.38,25.3366,-70.3836,0,3123.85,16.1547,435,0,2123.57,17.9075,520,0,1389.12,22.6958,-68.85,0
55.6845,5183.73,23.9608,620,0,4358.45,25.3347,-70.3011,0,3123.9,16.1576,435,0,2123.62,17.9112,520,0,1389.19,22.6936,-68.9189,0
55.6945,5183.8,23.9651,620,0,4358.52,25.3328,-70.2185,0,3123.94,16.1605,435,0,2123.67,17.9148,520,0,1389.25,22.6914,-68.9874,0
55.7046,5183.87,23.9695,620,0,4358.59,25.3308,-70.1359,0,3123.99,16.1635,435,0,2123.72,17.9185,520,0,1389.31,22.6891,-69.0557,0
55.7147,5183.93,23.9738,620,0,4358.66,25.3289,-70.0528,0,3124.03,16.1664,435,0,2123.77,17.9221,520,0,1389.37,22.6869,-69.1237,0
55.7248,5184,23.9782,620,0,4358.73,25.327,-69.9694,0,3124.08,16.1693,435,0,2123.82,17.9258,520,0,1389.44,22.6846,-69.1914,0
55.7348,5184.07,23.9825,620,0,4358.8,25.325,-69.886,0,3124.12,16.1722,435,0,2123.87,17.9294,520,0,1389.5,22.6824,-69.2586,0
55.7449,5184.13,23.9868,620,0,4358.87,25.3231,-69.8025,0,3124.17,16.1752,435,0,2123.92,17.933,520,0,1389.56,22.6802,-69.3258,0
55.7549,5184.2,23.9912,620,0,4358.94,25.3212,-69.7185,0,3124.21,16.1781,435,0,2123.97,17.9367,520,0,1389.63,22.6779,-69.3924,0
55.765,5184.27,23.9955,620,0,4359.01,25.3192,-69.6346,0,3124.26,16.181,435,0,2124.01,17.9403,520,0,1389.69,22.6756,-69.459,0
55.7751,5184.33,23.9999,620,0,4359.08,25.3173,-69.5503,0,3124.3,16.184,435,0,2124.06,17.944,520,0,1389.75,22.6734,-69.5251,0
55.7852,5184.4,24.0042,620,0,4359.15,25.3154,-69.4658,0,3124.35,16.1869,435,0,2124.11,17.9476,520,0,1389.82,22.6711,-69.591,0
55.7953,5184.47,24.0085,620,0,4359.23,25.3135,-69.3811,0,3124.39,16.1898,435,0,2124.16,17.9512,520,0,1389.88,22.6689,-69.6568,0
55.8053,5184.53,24.0129,620,0,4359.3,25.3116,-69.2961,0,3124.44,16.1927,435,0,2124.21,17.9549,520,0,1389.94,22.6666,-69.722,0
55.8154,5184.6,24.0172,620,0,4359.37,25.3096,-69.211,0,3124.48,16.1957,435,0,2124.26,17.9585,520,0,1390,22.6644,-69.787,0
55.8255,5184.67,24.0216,620,0,4359.44,25.3077,-69.1258,0,3124.53,16.1986,435,0,2124.31,17.9622,520,0,1390.07,22.6621,-69.8518,0
55.8355,5184.73,24.0259,620,0,4359.51,25.3058,-69.0402,0,3124.57,16.2015,435,0,2124.36,17.9658,520,0,1390.13,22.6598,-69.9162,0
55.8456,5184.8,24.0302,620,0,4359.58,25.3039,-68.9545,0,3124.62,16.2044,435,0,2124.41,17.9694,520,0,1390.19,22.6575,-69.9804,0
55.8557,5184.87,24.0346,620,0,4359.65,25.302,-68.8685,0,3124.66,16.2074,435,0,2124.46,17.9731,520,0,1390.26,22.6553,-70.0443,0
55.8657,5184.93,24.0389,620,0,4359.72,25.3001,-68.7824,0,3124.71,16.2103,435,0,2124.51,17.9767,520,0,1390.32,22.653,-70.1077,0
55.8758,5185,24.0433,620,0,4359.79,25.2982,-68.6961,0,3124.75,16.2132,435,0,2124.56,17.9804,520,0,1390.38,22.6507,-70.171,0
55.8859,5185.07,24.0476,620,0,4359.86,25.2963,-68.6096,0,3124.8,16.2161,435,0,2124.61,17.984,520,0,1390.45,22.6485,-70.2338,0
55.8959,5185.13,24.0519,620,0,4359.93,25.2944,-68.5227,0,3124.84,16.2191,435,0,2124.66,17.9876,520,0,1390.51,22.6462,-70.2966,0
55.906,5185.2,24.0563,620,0,4360,25.2925,-68.4359,0,3124.89,16.222,435,0,2124.71,17.9913,520,0,1390.57,22.6439,-70.359,0
55.9162,5185.27,24.0606,620,0,4360.07,25.2906,-68.3486,0,3124.93,16.2249,435,0,2124.76,17.9949,520,0,1390.63,22.6416,-70.4212,0
55.9263,5185.33,24.065,620,0,4360.14,25.2888,-68.2612,0,3124.98,16.2279,435,0,2124.81,17.9986,520,0,1390.7,22.6393,-70.483,0
55.9364,5185.4,24.0693,620,0,4360.21,25.2869,-68.1736,0,3125.02,16.2308,435,0,2124.86,18.0022,520,0,1390.76,22.637,-70.5444,0
55.9465,5185.47,24.0737,620,0,4360.28,25.285,-68.0858,0,3125.07,16.2337,435,0,2124.91,18.0058,520,0,1390.82,22.6347,-70.6056,0
55.9566,5185.53,24.078,620,0,4360.35,25.2831,-67.9979,0,3125.11,16.2366,435,0,2124.96,18.0095,520,0,1390.89,22.6324,-70.6666,0
55.9666,5185.6,24.0823,620,0,4360.42,25.2812,-67.9095,0,3125.16,16.2396,435,0,2125.01,18.0131,520,0,1390.95,22.6302,-70.7272,0
55.9767,5185.67,24.0867,620,0,4360.49,25.2794,-67.8213,0,3125.2,16.2425,435,0,2125.06,18.0168,520,0,1391.01,22.6279,-70.7876,0
55.9869,5185.74,24.091,620,0,4360.56,25.2775,-67.7326,0,3125.25,16.2454,435,0,2125.11,18.0204,520,0,1391.07,22.6256,-70.8477,0
55.997,5185.8,24.0954,620,0,4360.63,25.2756,-67.6437,0,3125.29,16.2483,435,0,2125.16,18.024,520,0,1391.14,22.6233,-70.9073,0
56.0071,5185.87,24.0997,620,0,4360.7,25.2737,-67.5546,0,3125.34,16.2513,435,0,2125.21,18.0277,520,0,1391.2,22.621,-70.9669,0
56.0171,5185.94,24.104,620,0,4360.77,25.2719,-67.4654,0,3125.38,16.2542,435,0,2125.26,18.0313,520,0,1391.26,22.6187,-71.026,0
56.0272,5186,24.1084,620,0,4360.84,25.27,-67.376,0,3125.43,16.2571,435,0,2125.31,18.035,520,0,1391.33,22.6164,-71.085,0
56.0373,5186.07,24.1127,620,0,4360.91,25.2682,-67.2865,0,3125.47,16.2601,435,0,2125.36,18.0386,520,0,1391.39,22.614,-71.1435,0
56.0473,5186.14,24.1171,620,0,4360.98,25.2663,-67.1965,0,3125.52,16.263,435,0,2125.41,18.0422,520,0,1391.45,22.6117,-71.2018,0
56.0574,5186.2,24.1214,620,0,4361.05,25.2644,-67.1066,0,3125.56,16.2659,435,0,2125.46,18.0459,520,0,1391.51,22.6094,-71.26,0
56.0675,5186.27,24.1257,620,0,4361.12,25.2626,-67.0163,0,3125.61,16.2688,435,0,2125.51,18.0495,520,0,1391.58,22.6071,-71.3177,0
56.0776,5186.34,24.1301,620,0,4361.19,25.2607,-66.9258,0,3125.65,16.2718,435,0,2125.56,18.0532,520,0,1391.64,22.6048,-71.3751,0
56.0877,5186.4,24.1344,620,0,4361.26,25.2589,-66.8351,0,3125.7,16.2747,435,0,2125.62,18.0568,520,0,1391.7,22.6025,-71.4323,0
56.098,5186.47,24.1388,620,0,4361.33,25.257,-66.7443,0,3125.74,16.2776,435,0,2125.67,18.0605,520,0,1391.76,22.6002,-71.4892,0
56.1081,5186.54,24.1431,620,0,4361.4,25.2552,-66.6533,0,3125.79,16.2805,435,0,2125.72,18.0641,520,0,1391.83,22.5978,-71.5456,0
56.1182,5186.61,24.1474,620,0,4361.47,25.2534,-66.5619,0,3125.84,16.2835,435,0,2125.77,18.0677,520,0,1391.89,22.5955,-71.6019,0
56.1282,5186.67,24.1518,620,0,4361.54,25.2515,-66.4705,0,3125.88,16.2864,435,0,2125.82,18.0714,520,0,1391.95,22.5932,-71.658,0
56.1383,5186.74,24.1561,620,0,4361.61,25.2497,-66.3788,0,3125.93,16.2893,435,0,2125.87,18.075,520,0,1392.02,22.5909,-71.7136,0
56.1484,5186.81,24.1605,620,0,4361.68,25.2479,-66.2871,0,3125.97,16.2923,435,0,2125.92,18.0787,520,0,1392.08,22.5885,-71.7692,0
56.1584,5186.87,24.1648,620,0,4361.75,25.246,-66.195,0,3126.02,16.2952,435,0,2125.97,18.0823,520,0,1392.14,22.5862,-71.8242,0
56.1685,5186.94,24.1691,620,0,4361.82,25.2442,-66.1027,0,3126.06,16.2981,435,0,2126.02,18.0859,520,0,1392.2,22.5839,-71.879,0
56.1786,5187.01,24.1735,620,0,4361.89,25.2424,-66.0103,0,3126.11,16.301,435,0,2126.07,18.0896,520,0,1392.27,22.5815,-71.9335,0
56.1886,5187.08,24.1778,620,0,4361.96,25.2405,-65.9176,0,3126.15,16.304,435,0,2126.12,18.0932,520,0,1392.33,22.5792,-71.9878,0
56.1987,5187.14,24.1822,620,0,4362.03,25.2387,-65.8246,0,3126.2,16.3069,435,0,2126.17,18.0969,520,0,1392.39,22.5769,-72.0418,0
56.2088,5187.21,24.1865,620,0,4362.1,25.2369,-65.7317,0,3126.24,16.3098,435,0,2126.22,18.1005,520,0,1392.46,22.5745,-72.0955,0
56.2189,5187.28,24.1909,620,0,4362.17,25.2351,-65.6383,0,3126.29,16.3127,435,0,2126.27,18.1041,520,0,1392.52,22.5722,-72.1489,0
56.2291,5187.34,24.1952,620,0,4362.24,25.2333,-65.545,0,3126.33,16.3157,435,0,2126.32,18.1078,520,0,1392.58,22.5699,-72.2021,0
56.2392,5187.41,24.1995,620,0,4362.31,25.2315,-65.4513,0,3126.38,16.3186,435,0,2126.37,18.1114,520,0,1392.64,22.5675,-72.2548,0
56.2493,5187.48,24.2039,620,0,4362.38,25.2297,-65.3574,0,3126.42,16.3215,435,0,2126.42,18.1151,520,0,1392.71,22.5652,-72.3074,0
56.2594,5187.55,24.2082,620,0,4362.45,25.2279,-65.2634,0,3126.47,16.3245,435,0,2126.47,18.1187,520,0,1392.77,22.5628,-72.3596,0
56.2695,5187.61,24.2126,620,0,4362.52,25.2261,-65.1692,0,3126.51,16.3274,435,0,2126.52,18.1223,520,0,1392.83,22.5605,-72.4117,0
56.2795,5187.68,24.2169,620,0,4362.59,25.2243,-65.0745,0,3126.56,16.3303,435,0,2126.57,18.126,520,0,1392.89,22.5581,-72.4633,0
56.2896,5187.75,24.2212,620,0,4362.66,25.2225,-64.98,0,3126.61,16.3332,435,0,2126.62,18.1296,520,0,1392.96,22.5558,-72.5147,0
56.2997,5187.82,24.2256,620,0,4362.73,25.2207,-64.885,0,3126.65,16.3362,435,0,2126.67,18.1333,520,0,1393.02,22.5534,-72.5658,0
56.3098,5187.88,24.2299,620,0,4362.8,25.2189,-64.7901,0,3126.7,16.3391,435,0,2126.72,18.1369,520,0,1393.08,22.5511,-72.6166,0
56.3199,5187.95,24.2343,620,0,4362.87,25.2171,-64.6948,0,3126.74,16.342,435,0,2126.77,18.1405,520,0,1393.14,22.5487,-72.6671,0
56.33,5188.02,24.2386,620,0,4362.94,25.2153,-64.5993,0,3126.79,16.3449,435,0,2126.82,18.1442,520,0,1393.21,22.5463,-72.7174,0
56.3401,5188.08,24.2429,620,0,4363.01,25.2135,-64.5037,0,3126.83,16.3479,435,0,2126.87,18.1478,520,0,1393.27,22.544,-72.7674,0
56.3502,5188.15,24.2473,620,0,4363.08,25.2117,-64.4079,0,3126.88,16.3508,435,0,2126.92,18.1515,520,0,1393.33,22.5416,-72.817,0
56.3604,5188.22,24.2516,620,0,4363.15,25.21,-64.3119,0,3126.92,16.3537,435,0,2126.97,18.1551,520,0,1393.39,22.5393,-72.8665,0
56.3705,5188.29,24.256,620,0,4363.22,25.2082,-64.2155,0,3126.97,16.3566,435,0,2127.02,18.1587,520,0,1393.46,22.5369,-72.9155,0
56.3807,5188.35,24.2603,620,0,4363.29,25.2064,-64.1192,0,3127.01,16.3596,435,0,2127.07,18.1624,520,0,1393.52,22.5345,-72.9644,0
56.3908,5188.42,24.2646,620,0,4363.36,25.2046,-64.0225,0,3127.06,16.3625,435,0,2127.12,18.166,520,0,1393.58,22.5322,-73.0129,0
56.401,5188.49,24.269,620,0,4363.43,25.2029,-63.9258,0,3127.1,16.3654,435,0,2127.17,18.1697,520,0,1393.65,22.5298,-73.0611,0
56.4111,5188.56,24.2733,620,0,4363.5,25.2011,-63.8288,0,3127.15,16.3684,435,0,2127.23,18.1733,520,0,1393.71,22.5274,-73.1091,0
56.4212,5188.62,24.2777,620,0,4363.57,25.1993,-63.7316,0,3127.2,16.3713,435,0,2127.28,18.177,520,0,1393.77,22.525,-73.1567,0
56.4321,5188.69,24.282,620,0,4363.64,25.1976,-63.6342,0,3127.24,16.3742,435,0,2127.33,18.1806,520,0,1393.83,22.5227,-73.2042,0
56.4422,5188.76,24.2863,620,0,4363.71,25.1958,-63.5366,0,3127.29,16.3771,435,0,2127.38,18.1842,520,0,1393.9,22.5203,-73.2513,0
56.4523,5188.83,24.2907,620,0,4363.78,25.1941,-63.4389,0,3127.33,16.3801,435,0,2127.43,18.1879,520,0,1393.96,22.5179,-73.2982,0
56.4623,5188.89,24.295,620,0,4363.85,25.1923,-63.3407,0,3127.38,16.383,435,0,2127.48,18.1915,520,0,1394.02,22.5155,-73.3446,0
56.4724,5188.96,24.2994,620,0,4363.92,25.1906,-63.2426,0,3127.42,16.3859,435,0,2127.53,18.1952,520,0,1394.08,22.5132,-73.391,0
56.4825,5189.03,24.3037,620,0,4363.99,25.1888,-63.1442,0,3127.47,16.3888,435,0,2127.58,18.1988,520,0,1394.15,22.5108,-73.4368,0
56.4925,5189.1,24.3081,620,0,4364.06,25.1871,-63.0458,0,3127.51,16.3918,435,0,2127.63,18.2024,520,0,1394.21,22.5084,-73.4825,0
56.5026,5189.16,24.3124,620,0,4364.13,25.1853,-62.947,0,3127.56,16.3947,435,0,2127.68,18.2061,520,0,1394.27,22.506,-73.528,0
56.5127,5189.23,24.3167,620,0,4364.2,25.1836,-62.848,0,3127.61,16.3976,435,0,2127.73,18.2097,520,0,1394.33,22.5036,-73.5731,0
56.5228,5189.3,24.3211,620,0,4364.27,25.1819,-62.7489,0,3127.65,16.4006,435,0,2127.78,18.2134,520,0,1394.4,22.5012,-73.618,0
56.5329,5189.37,24.3254,620,0,4364.34,25.1801,-62.6495,0,3127.7,16.4035,435,0,2127.83,18.217,520,0,1394.46,22.4988,-73.6625,0
56.543,5189.43,24.3298,620,0,4364.41,25.1784,-62.5501,0,3127.74,16.4064,435,0,2127.88,18.2206,520,0,1394.52,22.4965,-73.7068,0
56.5532,5189.5,24.3341,620,0,4364.48,25.1767,-62.4504,0,3127.79,16.4093,435,0,2127.93,18.2243,520,0,1394.58,22.4941,-73.7506,0
56.5633,5189.57,24.3384,620,0,4364.55,25.175,-62.3504,0,3127.83,16.4123,435,0,2127.98,18.2279,520,0,1394.65,22.4917,-73.7944,0
56.5734,5189.64,24.3428,620,0,4364.62,25.1732,-62.2504,0,3127.88,16.4152,435,0,2128.03,18.2316,520,0,1394.71,22.4893,-73.8377,0
56.5834,5189.7,24.3471,620,0,4364.69,25.1715,-62.15,0,3127.92,16.4181,435,0,2128.09,18.2352,520,0,1394.77,22.4869,-73.881,0
56.5935,5189.77,24.3515,620,0,4364.76,25.1698,-62.0495,0,3127.97,16.421,435,0,2128.14,18.2388,520,0,1394.83,22.4845,-73.9238,0
56.6036,5189.84,24.3558,620,0,4364.83,25.1681,-61.949,0,3128.02,16.424,435,0,2128.19,18.2425,520,0,1394.9,22.4821,-73.9663,0
56.6136,5189.91,24.3601,620,0,4364.9,25.1664,-61.8481,0,3128.06,16.4269,435,0,2128.24,18.2461,520,0,1394.96,22.4797,-74.0088,0
56.6237,5189.98,24.3645,620,0,4364.97,25.1647,-61.7471,0,3128.11,16.4298,435,0,2128.29,18.2498,520,0,1395.02,22.4773,-74.0508,0
56.6338,5190.04,24.3688,620,0,4365.04,25.163,-61.6459,0,3128.15,16.4328,435,0,2128.34,18.2534,520,0,1395.08,22.4749,-74.0925,0
56.6439,5190.11,24.3732,620,0,4365.11,25.1613,-61.5442,0,3128.2,16.4357,435,0,2128.39,18.257,520,0,1395.15,22.4725,-74.1338,0
56.6539,5190.18,24.3775,620,0,4365.18,25.1596,-61.4427,0,3128.24,16.4386,435,0,2128.44,18.2607,520,0,1395.21,22.4701,-74.175,0
56.664,5190.25,24.3818,620,0,4365.25,25.1579,-61.341,0,3128.29,16.4415,435,0,2128.49,18.2643,520,0,1395.27,22.4677,-74.2159,0
56.6741,5190.31,24.3862,620,0,4365.32,25.1562,-61.2389,0,3128.34,16.4445,435,0,2128.54,18.268,520,0,1395.33,22.4653,-74.2564,0
56.6842,5190.38,24.3905,620,0,4365.39,25.1545,-61.1366,0,3128.38,16.4474,435,0,2128.59,18.2716,520,0,1395.39,22.4628,-74.2969,0
56.6944,5190.45,24.3949,620,0,4365.46,25.1528,-61.0344,0,3128.43,16.4503,435,0,2128.64,18.2752,520,0,1395.46,22.4604,-74.3368,0
56.7045,5190.52,24.3992,620,0,4365.53,25.1511,-60.9318,0,3128.47,16.4532,435,0,2128.69,18.2789,520,0,1395.52,22.458,-74.3765,0
56.7145,5190.58,24.4035,620,0,4365.6,25.1494,-60.829,0,3128.52,16.4562,435,0,2128.74,18.2825,520,0,1395.58,22.4556,-74.416,0
56.7246,5190.65,24.4079,620,0,4365.67,25.1478,-60.7261,0,3128.56,16.4591,435,0,2128.8,18.2862,520,0,1395.64,22.4532,-74.4551,0
56.7347,5190.72,24.4122,620,0,4365.74,25.1461,-60.623,0,3128.61,16.462,435,0,2128.85,18.2898,520,0,1395.71,22.4508,-74.4941,0
56.7448,5190.79,24.4166,620,0,4365.81,25.1444,-60.5197,0,3128.66,16.465,435,0,2128.9,18.2935,520,0,1395.77,22.4484,-74.5328,0
56.7549,5190.86,24.4209,620,0,4365.88,25.1427,-60.416,0,3128.7,16.4679,435,0,2128.95,18.2971,520,0,1395.83,22.4459,-74.5712,0
56.765,5190.92,24.4252,620,0,4365.95,25.1411,-60.3124,0,3128.75,16.4708,435,0,2129,18.3007,520,0,1395.89,22.4435,-74.6091,0
56.7751,5190.99,24.4296,620,0,4366.02,25.1394,-60.2087,0,3128.79,16.4737,435,0,2129.05,18.3044,520,0,1395.96,22.4411,-74.647,0
56.7852,5191.06,24.4339,620,0,4366.09,25.1377,-60.1045,0,3128.84,16.4767,435,0,2129.1,18.308,520,0,1396.02,22.4387,-74.6844,0
56.7953,5191.13,24.4383,620,0,4366.16,25.1361,-60.0002,0,3128.88,16.4796,435,0,2129.15,18.3117,520,0,1396.08,22.4363,-74.7218,0
56.8053,5191.2,24.4426,620,0,4366.23,25.1344,-59.8959,0,3128.93,16.4825,435,0,2129.2,18.3153,520,0,1396.14,22.4338,-74.7587,0
56.8155,5191.26,24.447,620,0,4366.3,25.1328,-59.7913,0,3128.98,16.4854,435,0,2129.25,18.3189,520,0,1396.21,22.4314,-74.7953,0
56.8256,5191.33,24.4513,620,0,4366.37,25.1311,-59.6865,0,3129.02,16.4884,435,0,2129.3,18.3226,520,0,1396.27,22.429,-74.8317,0
56.8357,5191.4,24.4556,620,0,4366.44,25.1295,-59.5815,0,3129.07,16.4913,435,0,2129.35,18.3262,520,0,1396.33,22.4266,-74.8679,0
56.8458,5191.47,24.46,620,0,4366.51,25.1278,-59.4763,0,3129.11,16.4942,435,0,2129.41,18.3299,520,0,1396.39,22.4241,-74.9038,0
56.8559,5191.54,24.4643,620,0,4366.58,25.1262,-59.3708,0,3129.16,16.4972,435,0,2129.46,18.3335,520,0,1396.45,22.4217,-74.9392,0
56.8659,5191.6,24.4687,620,0,4366.65,25.1246,-59.2653,0,3129.2,16.5001,435,0,2129.51,18.3371,520,0,1396.52,22.4193,-74.9745,0
56.876,5191.67,24.473,620,0,4366.72,25.1229,-59.1597,0,3129.25,16.503,435,0,2129.56,18.3408,520,0,1396.58,22.4168,-75.0094,0
56.8861,5191.74,24.4773,620,0,4366.79,25.1213,-59.0537,0,3129.3,16.5059,435,0,2129.61,18.3444,520,0,1396.64,22.4144,-75.0443,0
56.8962,5191.81,24.4817,620,0,4366.86,25.1197,-58.9477,0,3129.34,16.5089,435,0,2129.66,18.3481,520,0,1396.7,22.412,-75.0787,0
56.9062,5191.88,24.486,620,0,4366.93,25.118,-58.8413,0,3129.39,16.5118,435,0,2129.71,18.3517,520,0,1396.77,22.4095,-75.1128,0
56.9163,5191.94,24.4904,620,0,4367,25.1164,-58.7348,0,3129.43,16.5147,435,0,2129.76,18.3553,520,0,1396.83,22.4071,-75.1467,0
56.9264,5192.01,24.4947,620,0,4367.07,25.1148,-58.6281,0,3129.48,16.5176,435,0,2129.81,18.359,520,0,1396.89,22.4046,-75.1803,0
56.9365,5192.08,24.499,620,0,4367.14,25.1132,-58.5215,0,3129.53,16.5206,435,0,2129.86,18.3626,520,0,1396.95,22.4022,-75.2137,0
56.9465,5192.15,24.5034,620,0,4367.21,25.1115,-58.4145,0,3129.57,16.5235,435,0,2129.92,18.3663,520,0,1397.01,22.3998,-75.2468,0
56.9566,5192.22,24.5077,620,0,4367.28,25.1099,-58.3071,0,3129.62,16.5264,435,0,2129.97,18.3699,520,0,1397.08,22.3973,-75.2794,0
56.9667,5192.28,24.5121,620,0,4367.35,25.1083,-58.1997,0,3129.66,16.5293,435,0,2130.02,18.3735,520,0,1397.14,22.3949,-75.3121,0
56.9768,5192.35,24.5164,620,0,4367.42,25.1067,-58.0922,0,3129.71,16.5323,435,0,2130.07,18.3772,520,0,1397.2,22.3924,-75.3442,0
56.9869,5192.42,24.5207,620,0,4367.49,25.1051,-57.9846,0,3129.76,16.5352,435,0,2130.12,18.3808,520,0,1397.26,22.39,-75.3761,0
56.9969,5192.49,24.5251,620,0,4367.56,25.1035,-57.8765,0,3129.8,16.5381,435,0,2130.17,18.3845,520,0,1397.33,22.3875,-75.4079,0
57.007,5192.56,24.5294,620,0,4367.63,25.1019,-57.7685,0,3129.85,16.5411,435,0,2130.22,18.3881,520,0,1397.39,22.3851,-75.4393,0
57.0171,5192.62,24.5338,620,0,4367.7,25.1003,-57.6602,0,3129.89,16.544,435,0,2130.27,18.3917,520,0,1397.45,22.3827,-75.4704,0
57.0271,5192.69,24.5381,620,0,4367.77,25.0987,-57.5518,0,3129.94,16.5469,435,0,2130.32,18.3954,520,0,1397.51,22.3802,-75.5013,0
57.0372,5192.76,24.5424,620,0,4367.84,25.0971,-57.4431,0,3129.99,16.5498,435,0,2130.38,18.399,520,0,1397.57,22.3778,-75.5317,0
57.0473,5192.83,24.5468,620,0,4367.91,25.0956,-57.3343,0,3130.03,16.5528,435,0,2130.43,18.4027,520,0,1397.64,22.3753,-75.5621,0
57.0573,5192.9,24.5511,620,0,4367.98,25.094,-57.2252,0,3130.08,16.5557,435,0,2130.48,18.4063,520,0,1397.7,22.3729,-75.5919,0
57.0674,5192.97,24.5555,620,0,4368.04,25.0924,-57.116,0,3130.12,16.5586,435,0,2130.53,18.41,520,0,1397.76,22.3704,-75.6218,0
57.0775,5193.03,24.5598,620,0,4368.11,25.0908,-57.0067,0,3130.17,16.5615,435,0,2130.58,18.4136,520,0,1397.82,22.3679,-75.6512,0
57.0875,5193.1,24.5642,620,0,4368.18,25.0892,-56.8972,0,3130.22,16.5645,435,0,2130.63,18.4172,520,0,1397.89,22.3655,-75.6804,0
57.0976,5193.17,24.5685,620,0,4368.25,25.0877,-56.7875,0,3130.26,16.5674,435,0,2130.68,18.4209,520,0,1397.95,22.363,-75.7093,0
57.1077,5193.24,24.5728,620,0,4368.32,25.0861,-56.6777,0,3130.31,16.5703,435,0,2130.73,18.4245,520,0,1398.01,22.3606,-75.7379,0
57.1178,5193.31,24.5772,620,0,4368.39,25.0845,-56.5674,0,3130.35,16.5733,435,0,2130.78,18.4282,520,0,1398.07,22.3581,-75.7663,0
57.1278,5193.37,24.5815,620,0,4368.46,25.083,-56.4573,0,3130.4,16.5762,435,0,2130.84,18.4318,520,0,1398.13,22.3557,-75.7944,0
57.1379,5193.44,24.5859,620,0,4368.53,25.0814,-56.3467,0,3130.45,16.5791,435,0,2130.89,18.4354,520,0,1398.2,22.3532,-75.8223,0
57.148,5193.51,24.5902,620,0,4368.6,25.0799,-56.2362,0,3130.49,16.582,435,0,2130.94,18.4391,520,0,1398.26,22.3507,-75.8497,0
57.1581,5193.58,24.5945,620,0,4368.67,25.0783,-56.1254,0,3130.54,16.585,435,0,2130.99,18.4427,520,0,1398.32,22.3483,-75.8771,0
57.1682,5193.65,24.5989,620,0,4368.74,25.0768,-56.0143,0,3130.58,16.5879,435,0,2131.04,18.4464,520,0,1398.38,22.3458,-75.904,0
57.1783,5193.72,24.6032,620,0,4368.81,25.0752,-55.9034,0,3130.63,16.5908,435,0,2131.09,18.45,520,0,1398.44,22.3434,-75.9307,0
57.1883,5193.78,24.6076,620,0,4368.88,25.0737,-55.792,0,3130.68,16.5937,435,0,2131.14,18.4536,520,0,1398.51,22.3409,-75.9571,0
57.1984,5193.85,24.6119,620,0,4368.95,25.0721,-55.6805,0,3130.72,16.5967,435,0,2131.19,18.4573,520,0,1398.57,22.3384,-75.9833,0
57.2085,5193.92,24.6162,620,0,4369.02,25.0706,-55.5688,0,3130.77,16.5996,435,0,2131.25,18.4609,520,0,1398.63,22.336,-76.0092,0
57.2186,5193.99,24.6206,620,0,4369.09,25.0691,-55.457,0,3130.81,16.6025,435,0,2131.3,18.4646,520,0,1398.69,22.3335,-76.0349,0
57.2287,5194.06,24.6249,620,0,4369.16,25.0675,-55.345,0,3130.86,16.6055,435,0,2131.35,18.4682,520,0,1398.75,22.331,-76.0603,0
57.2388,5194.13,24.6293,620,0,4369.23,25.066,-55.2326,0,3130.91,16.6084,435,0,2131.4,18.4718,520,0,1398.82,22.3286,-76.0853,0
57.2489,5194.19,24.6336,620,0,4369.3,25.0645,-55.1203,0,3130.95,16.6113,435,0,2131.45,18.4755,520,0,1398.88,22.3261,-76.1102,0
57.259,5194.26,24.6379,620,0,4369.37,25.063,-55.0078,0,3131,16.6142,435,0,2131.5,18.4791,520,0,1398.94,22.3236,-76.1347,0
57.2691,5194.33,24.6423,620,0,4369.44,25.0615,-54.895,0,3131.04,16.6172,435,0,2131.55,18.4828,520,0,1399,22.3212,-76.1589,0
57.2792,5194.4,24.6466,620,0,4369.51,25.0599,-54.7822,0,3131.09,16.6201,435,0,2131.6,18.4864,520,0,1399.06,22.3187,-76.1829,0
57.2893,5194.47,24.651,620,0,4369.58,25.0584,-54.669,0,3131.14,16.623,435,0,2131.66,18.49,520,0,1399.13,22.3162,-76.2066,0
57.2994,5194.54,24.6553,620,0,4369.65,25.0569,-54.5559,0,3131.18,16.6259,435,0,2131.71,18.4937,520,0,1399.19,22.3137,-76.2301,0
57.3095,5194.61,24.6596,620,0,4369.72,25.0554,-54.4424,0,3131.23,16.6289,435,0,2131.76,18.4973,520,0,1399.25,22.3113,-76.2533,0
57.3196,5194.67,24.664,620,0,4369.79,25.0539,-54.3287,0,3131.28,16.6318,435,0,2131.81,18.501,520,0,1399.31,22.3088,-76.2763,0
57.3297,5194.74,24.6683,620,0,4369.86,25.0524,-54.2149,0,3131.32,16.6347,435,0,2131.86,18.5046,520,0,1399.37,22.3063,-76.2988,0
57.3398,5194.81,24.6727,620,0,4369.93,25.0509,-54.1011,0,3131.37,16.6377,435,0,2131.91,18.5082,520,0,1399.44,22.3038,-76.3211,0
57.3499,5194.88,24.677,620,0,4369.99,25.0494,-53.987,0,3131.41,16.6406,435,0,2131.96,18.5119,520,0,1399.5,22.3014,-76.3433,0
57.36,5194.95,24.6814,620,0,4370.06,25.0479,-53.8727,0,3131.46,16.6435,435,0,2132.02,18.5155,520,0,1399.56,22.2989,-76.3651,0
57.3701,5195.02,24.6857,620,0,4370.13,25.0464,-53.7582,0,3131.51,16.6464,435,0,2132.07,18.5192,520,0,1399.62,22.2964,-76.3866,0
57.3802,5195.09,24.69,620,0,4370.2,25.045,-53.6434,0,3131.55,16.6494,435,0,2132.12,18.5228,520,0,1399.68,22.2939,-76.4079,0
